Gold,Silver,Platinum,Palladium
0.0,2.173,0.0,0.0
0.0,2.225,0.0,0.0
0.0,2.171,0.0,0.0
0.0,2.157,0.0,0.0
0.0,2.163,0.0,0.0
0.0,2.109,0.0,0.0
0.0,2.085,0.0,0.0
0.0,2.094,0.0,0.0
0.0,2.127,0.0,0.0
0.0,2.114,0.0,0.0
0.0,2.069,0.0,0.0
0.0,2.067,0.0,0.0
0.0,2.058,0.0,0.0
0.0,2.078,0.0,0.0
0.0,2.088,0.0,0.0
0.0,2.08,0.0,0.0
0.0,2.064,0.0,0.0
0.0,2.018,0.0,0.0
0.0,2.069,0.0,0.0
0.0,2.039,0.0,0.0
0.0,2.019,0.0,0.0
0.0,1.96,0.0,0.0
0.0,1.995,0.0,0.0
0.0,2.02,0.0,0.0
0.0,2.0,0.0,0.0
0.0,1.948,0.0,0.0
0.0,1.965,0.0,0.0
0.0,1.979,0.0,0.0
0.0,1.938,0.0,0.0
0.0,1.929,0.0,0.0
0.0,1.923,0.0,0.0
0.0,1.919,0.0,0.0
0.0,1.939,0.0,0.0
0.0,1.999,0.0,0.0
0.0,1.969,0.0,0.0
0.0,1.98,0.0,0.0
0.0,2.03,0.0,0.0
0.0,2.029,0.0,0.0
0.0,2.017,0.0,0.0
0.0,2.065,0.0,0.0
0.0,2.105,0.0,0.0
0.0,2.105,0.0,0.0
0.0,2.084,0.0,0.0
0.0,2.2,0.0,0.0
0.0,2.19,0.0,0.0
0.0,2.188,0.0,0.0
0.0,2.134,0.0,0.0
0.0,2.189,0.0,0.0
0.0,2.228,0.0,0.0
0.0,2.197,0.0,0.0
0.0,2.222,0.0,0.0
0.0,2.37,0.0,0.0
0.0,2.49,0.0,0.0
0.0,2.119,0.0,0.0
0.0,2.404,0.0,0.0
0.0,2.237,0.0,0.0
0.0,2.303,0.0,0.0
0.0,2.218,0.0,0.0
0.0,2.241,0.0,0.0
0.0,2.243,0.0,0.0
0.0,2.302,0.0,0.0
0.0,2.249,0.0,0.0
0.0,2.278,0.0,0.0
37.7,2.259,0.0,0.0
37.3,2.202,0.0,0.0
37.6,2.195,0.0,0.0
36.95,2.125,0.0,0.0
37.0,2.104,0.0,0.0
37.05,2.134,0.0,0.0
37.5,2.205,0.0,0.0
37.7,2.203,0.0,0.0
38.0,2.161,0.0,0.0
38.0,2.253,0.0,0.0
37.8,2.303,0.0,0.0
37.55,2.232,0.0,0.0
37.65,2.281,0.0,0.0
38.0,2.36,0.0,0.0
38.4,2.36,0.0,0.0
38.25,2.299,0.0,0.0
38.3,2.308,0.0,0.0
38.65,2.327,0.0,0.0
38.75,2.396,0.0,0.0
39.1,2.397,0.0,0.0
39.2,2.357,0.0,0.0
39.45,2.297,0.0,0.0
39.1,2.315,0.0,0.0
39.75,2.335,0.0,0.0
39.3,2.245,0.0,0.0
39.75,2.321,0.0,0.0
39.7,2.319,0.0,0.0
39.6,2.361,0.0,0.0
39.5,2.359,0.0,0.0
39.8,2.379,0.0,0.0
40.25,2.401,0.0,0.0
41.25,2.459,0.0,0.0
41.5,2.505,0.0,0.0
42.3,2.506,0.0,0.0
42.4,2.554,0.0,0.0
41.55,2.467,0.0,0.0
41.4,2.48,0.0,0.0
41.75,2.503,0.0,0.0
41.5,2.515,0.0,0.0
41.5,2.49,0.0,0.0
41.6,2.416,0.0,0.0
41.95,2.477,0.0,0.0
41.95,2.483,0.0,0.0
41.15,2.426,0.0,0.0
41.2,2.421,0.0,0.0
41.2,2.454,0.0,0.0
41.25,2.478,0.0,0.0
41.3,2.446,0.0,0.0
41.55,2.506,0.0,0.0
41.9,2.576,0.0,0.0
41.3,2.52,0.0,0.0
41.0,2.465,0.0,0.0
40.7,2.432,0.0,0.0
41.1,2.431,0.0,0.0
41.4,2.534,0.0,0.0
41.1,2.468,0.0,0.0
41.05,2.449,0.0,0.0
40.9,2.483,0.0,0.0
40.95,2.512,0.0,0.0
40.85,2.493,0.0,0.0
40.9,2.492,0.0,0.0
40.9,2.502,0.0,0.0
40.8,2.512,0.0,0.0
40.9,2.463,0.0,0.0
41.05,2.489,0.0,0.0
41.15,2.487,0.0,0.0
41.0,2.472,0.0,0.0
40.85,2.436,0.0,0.0
39.8,2.319,0.0,0.0
40.1,2.418,0.0,0.0
39.1,2.369,0.0,0.0
39.3,2.35,0.0,0.0
39.2,2.392,0.0,0.0
38.5,2.351,0.0,0.0
37.75,2.303,0.0,0.0
38.0,2.242,0.0,0.0
38.7,2.331,0.0,0.0
38.6,2.292,0.0,0.0
39.0,2.292,0.0,0.0
39.2,2.328,0.0,0.0
38.9,2.283,0.0,0.0
38.9,2.284,0.0,0.0
39.1,2.276,0.0,0.0
39.0,2.235,0.0,0.0
38.85,2.285,0.0,0.0
38.9,2.225,0.0,0.0
38.85,2.245,0.0,0.0
38.95,2.195,0.0,0.0
38.7,2.185,0.0,0.0
38.7,2.205,0.0,0.0
38.45,2.165,0.0,0.0
38.55,2.154,0.0,0.0
38.6,2.125,0.0,0.0
38.9,2.064,0.0,0.0
38.95,2.193,0.0,0.0
39.15,2.208,0.0,0.0
39.15,2.203,0.0,0.0
39.15,2.178,0.0,0.0
39.55,2.243,0.0,0.0
40.0,2.332,0.0,0.0
39.75,2.24,0.0,0.0
39.5,2.274,0.0,0.0
39.5,2.239,0.0,0.0
39.65,2.239,0.0,0.0
39.6,2.218,0.0,0.0
39.85,2.242,0.0,0.0
39.8,2.239,0.0,0.0
39.95,2.24,0.0,0.0
39.9,2.255,0.0,0.0
40.1,2.274,0.0,0.0
39.9,2.264,0.0,0.0
40.05,2.243,0.0,0.0
40.03,2.168,0.0,0.0
40.1,2.248,0.0,0.0
40.1,2.198,0.0,0.0
40.15,2.227,0.0,0.0
40.3,2.207,0.0,0.0
40.3,2.228,0.0,0.0
40.5,2.245,0.0,0.0
40.45,2.23,0.0,0.0
40.4,2.24,0.0,0.0
40.4,2.231,0.0,0.0
40.45,2.22,0.0,0.0
40.45,2.221,0.0,0.0
40.45,2.19,0.0,0.0
40.13,2.2,0.0,0.0
39.6,2.171,0.0,0.0
39.45,2.14,0.0,0.0
38.9,2.091,0.0,0.0
39.18,2.101,0.0,0.0
39.05,2.085,0.0,0.0
39.78,2.101,0.0,0.0
39.6,2.086,0.0,0.0
38.9,2.051,0.0,0.0
39.05,2.011,0.0,0.0
39.28,2.05,0.0,0.0
39.3,2.03,0.0,0.0
39.1,1.991,0.0,0.0
38.95,1.921,0.0,0.0
39.28,1.842,0.0,0.0
39.1,1.872,0.0,0.0
39.0,1.972,0.0,0.0
39.05,1.877,0.0,0.0
39.2,1.923,0.0,0.0
39.2,1.898,0.0,0.0
39.25,1.913,0.0,0.0
39.48,1.913,0.0,0.0
39.5,1.972,0.0,0.0
39.2,1.958,0.0,0.0
39.0,1.933,0.0,0.0
39.18,1.903,0.0,0.0
39.2,1.963,0.0,0.0
39.43,1.981,0.0,0.0
39.53,1.992,0.0,0.0
39.3,1.957,0.0,0.0
39.4,1.967,0.0,0.0
39.55,2.002,0.0,0.0
39.68,2.011,0.0,0.0
39.88,2.061,0.0,0.0
39.9,2.069,0.0,0.0
40.0,2.086,0.0,0.0
39.95,2.103,0.0,0.0
40.23,2.085,0.0,0.0
40.55,0.0,0.0,0.0
40.25,0.0,0.0,0.0
40.0,0.0,0.0,0.0
40.1,2.105,0.0,0.0
39.7,1.988,0.0,0.0
39.9,1.92,0.0,0.0
39.8,1.978,0.0,0.0
39.85,1.968,0.0,0.0
40.15,1.943,0.0,0.0
40.28,1.947,0.0,0.0
40.5,1.987,0.0,0.0
40.35,2.001,0.0,0.0
40.5,2.035,0.0,0.0
40.6,2.036,0.0,0.0
40.63,1.976,0.0,0.0
40.95,2.019,0.0,0.0
40.98,1.984,0.0,0.0
41.0,1.987,0.0,0.0
40.97,1.958,0.0,0.0
41.23,1.962,0.0,0.0
41.9,2.004,0.0,0.0
41.73,2.004,0.0,0.0
41.7,1.971,0.0,0.0
41.6,1.966,0.0,0.0
0.0,1.957,0.0,0.0
41.75,1.937,0.0,0.0
41.9,1.967,0.0,0.0
41.9,1.947,0.0,0.0
41.8,1.958,0.0,0.0
42.05,1.967,0.0,0.0
42.05,1.972,0.0,0.0
42.1,1.977,0.0,0.0
42.45,2.017,0.0,0.0
42.5,2.007,0.0,0.0
42.3,2.042,0.0,0.0
42.1,2.016,0.0,0.0
42.5,2.027,0.0,0.0
42.7,2.038,0.0,0.0
42.35,2.017,0.0,0.0
42.2,1.994,0.0,0.0
42.2,1.994,0.0,0.0
42.48,2.015,0.0,0.0
42.53,2.002,0.0,0.0
42.05,1.982,0.0,0.0
42.1,1.988,0.0,0.0
42.2,1.999,0.0,0.0
42.43,1.987,0.0,0.0
42.5,1.981,0.0,0.0
42.55,2.001,0.0,0.0
42.54,2.001,0.0,0.0
42.43,1.987,0.0,0.0
42.5,1.991,0.0,0.0
42.73,1.983,0.0,0.0
42.63,1.922,0.0,0.0
42.53,1.885,0.0,0.0
42.45,1.883,0.0,0.0
42.55,1.883,0.0,0.0
42.5,1.873,0.0,0.0
42.58,1.833,0.0,0.0
42.5,1.77,0.0,0.0
42.65,1.855,0.0,0.0
42.58,1.804,0.0,0.0
42.65,1.829,0.0,0.0
42.63,1.843,0.0,0.0
42.63,1.829,0.0,0.0
42.7,1.833,0.0,0.0
42.65,1.803,0.0,0.0
42.7,1.799,0.0,0.0
42.8,1.834,0.0,0.0
42.7,1.825,0.0,0.0
42.7,1.815,0.0,0.0
42.85,1.797,0.0,0.0
43.0,1.862,0.0,0.0
43.25,1.886,0.0,0.0
43.5,1.925,0.0,0.0
43.83,1.901,0.0,0.0
42.95,1.879,0.0,0.0
42.85,1.833,0.0,0.0
43.1,1.871,0.0,0.0
43.0,1.836,0.0,0.0
43.1,1.831,0.0,0.0
43.0,1.813,0.0,0.0
43.1,1.824,0.0,0.0
43.2,1.813,0.0,0.0
43.2,1.833,0.0,0.0
43.35,1.846,0.0,0.0
43.35,1.832,0.0,0.0
43.43,1.82,0.0,0.0
43.46,1.814,0.0,0.0
43.23,1.83,0.0,0.0
42.9,1.825,0.0,0.0
43.15,1.814,0.0,0.0
43.25,1.799,0.0,0.0
43.38,1.835,0.0,0.0
43.38,1.826,0.0,0.0
43.4,1.802,0.0,0.0
43.39,1.814,0.0,0.0
43.4,1.801,0.0,0.0
43.15,1.8,0.0,0.0
42.98,1.797,0.0,0.0
43.25,1.797,0.0,0.0
43.2,1.807,0.0,0.0
43.23,1.802,0.0,0.0
43.15,1.8,0.0,0.0
43.3,1.77,0.0,0.0
43.35,1.785,0.0,0.0
43.35,1.792,0.0,0.0
43.3,1.782,0.0,0.0
43.6,1.81,0.0,0.0
43.5,1.794,0.0,0.0
43.6,1.776,0.0,0.0
43.6,1.778,0.0,0.0
43.6,1.777,0.0,0.0
43.5,1.769,0.0,0.0
43.38,1.758,0.0,0.0
43.6,1.807,0.0,0.0
43.63,1.846,0.0,0.0
43.53,1.817,0.0,0.0
43.5,1.795,0.0,0.0
43.5,1.749,0.0,0.0
43.5,1.776,0.0,0.0
43.5,1.761,0.0,0.0
43.5,1.781,0.0,0.0
43.5,1.761,0.0,0.0
43.43,1.749,0.0,0.0
43.45,1.759,0.0,0.0
43.45,1.751,0.0,0.0
43.5,1.758,0.0,0.0
43.48,1.783,0.0,0.0
43.33,1.767,0.0,0.0
43.23,1.771,0.0,0.0
43.08,1.772,0.0,0.0
42.68,1.773,0.0,0.0
42.29,1.773,0.0,0.0
42.08,1.758,0.0,0.0
41.6,1.766,0.0,0.0
40.63,1.749,0.0,0.0
41.25,1.722,0.0,0.0
42.3,1.687,0.0,0.0
41.4,1.684,0.0,0.0
41.5,1.685,0.0,0.0
41.6,1.686,0.0,0.0
40.8,1.679,0.0,0.0
41.45,1.593,0.0,0.0
41.4,1.578,0.0,0.0
41.45,1.603,0.0,0.0
41.3,1.628,0.0,0.0
41.3,1.566,0.0,0.0
40.93,1.584,0.0,0.0
40.9,1.587,0.0,0.0
41.0,1.579,0.0,0.0
41.1,1.559,0.0,0.0
41.2,1.564,0.0,0.0
41.15,1.595,0.0,0.0
41.23,1.57,0.0,0.0
41.55,1.573,0.0,0.0
41.6,1.588,0.0,0.0
41.85,1.594,0.0,0.0
42.1,1.613,0.0,0.0
41.83,1.618,0.0,0.0
41.9,1.663,0.0,0.0
41.89,1.631,0.0,0.0
42.0,1.652,0.0,0.0
42.0,1.683,0.0,0.0
41.8,1.669,0.0,0.0
41.98,1.636,0.0,0.0
41.95,1.653,0.0,0.0
42.0,1.668,0.0,0.0
41.95,1.675,0.0,0.0
41.8,1.66,0.0,0.0
41.9,1.643,0.0,0.0
41.85,1.645,0.0,0.0
41.78,1.653,0.0,0.0
41.5,1.621,0.0,0.0
41.48,1.622,0.0,0.0
41.39,1.629,0.0,0.0
41.43,1.614,0.0,0.0
41.3,1.617,0.0,0.0
41.1,1.599,0.0,0.0
41.0,1.614,0.0,0.0
41.05,1.614,0.0,0.0
41.15,1.624,0.0,0.0
41.2,1.69,0.0,0.0
41.1,1.654,0.0,0.0
41.2,1.675,0.0,0.0
41.19,1.707,0.0,0.0
41.11,1.696,0.0,0.0
41.13,1.68,0.0,0.0
41.1,1.659,0.0,0.0
41.1,1.686,0.0,0.0
41.05,1.674,0.0,0.0
41.05,1.683,0.0,0.0
40.95,1.674,0.0,0.0
40.88,1.663,0.0,0.0
40.95,1.673,0.0,0.0
40.95,1.664,0.0,0.0
40.86,1.674,0.0,0.0
40.73,1.688,0.0,0.0
40.83,1.705,0.0,0.0
40.93,1.705,0.0,0.0
40.9,1.702,0.0,0.0
40.91,1.728,0.0,0.0
41.05,1.758,0.0,0.0
40.95,1.754,0.0,0.0
40.93,1.769,0.0,0.0
41.05,1.804,0.0,0.0
41.0,1.781,0.0,0.0
41.0,1.768,0.0,0.0
40.98,1.81,0.0,0.0
40.85,1.79,0.0,0.0
40.9,1.799,0.0,0.0
40.88,1.818,0.0,0.0
40.84,1.868,0.0,0.0
40.84,1.891,0.0,0.0
40.75,1.845,0.0,0.0
40.75,1.831,0.0,0.0
40.63,1.839,0.0,0.0
40.68,1.876,0.0,0.0
40.75,1.863,0.0,0.0
40.88,1.894,0.0,0.0
40.95,1.87,0.0,0.0
40.75,1.825,0.0,0.0
40.78,1.864,0.0,0.0
40.73,1.823,0.0,0.0
40.79,1.844,0.0,0.0
40.73,1.84,0.0,0.0
40.63,1.826,0.0,0.0
40.7,1.825,0.0,0.0
40.73,1.808,0.0,0.0
40.63,1.843,0.0,0.0
40.53,1.813,0.0,0.0
40.35,1.854,0.0,0.0
40.3,1.874,0.0,0.0
40.05,1.846,0.0,0.0
40.0,1.863,0.0,0.0
40.05,1.853,0.0,0.0
40.15,1.906,0.0,0.0
40.05,1.885,0.0,0.0
39.98,1.896,0.0,0.0
39.93,1.927,0.0,0.0
39.75,1.947,0.0,0.0
39.55,1.996,0.0,0.0
39.55,1.968,0.0,0.0
39.4,1.993,0.0,0.0
39.0,1.989,0.0,0.0
38.53,1.964,0.0,0.0
38.13,1.943,0.0,0.0
38.35,1.957,0.0,0.0
37.75,1.961,0.0,0.0
37.8,1.932,0.0,0.0
37.88,1.922,0.0,0.0
37.83,1.921,0.0,0.0
37.55,1.897,0.0,0.0
36.65,1.877,0.0,0.0
36.3,1.902,0.0,0.0
36.13,1.896,0.0,0.0
35.5,1.897,0.0,0.0
35.45,1.868,0.0,0.0
35.6,1.868,0.0,0.0
35.55,1.882,0.0,0.0
35.6,1.887,0.0,0.0
35.55,1.907,0.0,0.0
35.3,1.922,0.0,0.0
35.38,1.908,0.0,0.0
35.25,1.877,0.0,0.0
35.2,1.852,0.0,0.0
35.05,1.862,0.0,0.0
35.0,1.812,0.0,0.0
35.05,1.758,0.0,0.0
35.2,1.767,0.0,0.0
35.3,1.748,0.0,0.0
35.13,1.758,0.0,0.0
35.05,1.758,0.0,0.0
35.08,1.733,0.0,0.0
35.01,1.722,0.0,0.0
35.0,1.738,0.0,0.0
35.15,1.756,0.0,0.0
35.11,1.774,0.0,0.0
0.0,1.799,0.0,0.0
35.2,1.824,0.0,0.0
35.2,1.8,0.0,0.0
35.2,1.791,0.0,0.0
35.08,1.8,0.0,0.0
35.18,1.831,0.0,0.0
35.05,1.85,0.0,0.0
35.0,1.825,0.0,0.0
34.95,1.838,0.0,0.0
34.9,1.837,0.0,0.0
34.98,1.814,0.0,0.0
34.89,1.829,0.0,0.0
34.85,1.84,0.0,0.0
34.8,1.875,0.0,0.0
34.75,1.856,0.0,0.0
34.75,1.87,0.0,0.0
34.8,1.887,0.0,0.0
34.85,1.866,0.0,0.0
35.0,1.869,0.0,0.0
34.99,1.878,0.0,0.0
34.98,1.896,0.0,0.0
35.0,1.881,0.0,0.0
34.99,1.869,0.0,0.0
35.01,1.921,0.0,0.0
34.99,1.912,0.0,0.0
34.99,1.894,0.0,0.0
35.0,1.9,0.0,0.0
35.0,1.923,0.0,0.0
35.0,1.902,0.0,0.0
35.0,1.898,0.0,0.0
35.01,1.907,0.0,0.0
35.03,1.908,0.0,0.0
35.0,1.893,0.0,0.0
35.0,1.89,0.0,0.0
34.99,1.897,0.0,0.0
34.99,1.901,0.0,0.0
34.98,1.885,0.0,0.0
34.95,1.866,0.0,0.0
34.98,1.885,0.0,0.0
34.99,1.877,0.0,0.0
34.98,1.882,0.0,0.0
34.99,1.882,0.0,0.0
35.0,1.87,0.0,0.0
35.0,1.875,0.0,0.0
35.02,1.899,0.0,0.0
35.0,1.891,0.0,0.0
35.01,1.901,0.0,0.0
34.98,1.897,0.0,0.0
34.99,1.928,0.0,0.0
34.95,1.902,0.0,0.0
34.95,1.888,0.0,0.0
34.96,1.885,0.0,0.0
34.99,1.89,0.0,0.0
34.99,1.88,0.0,0.0
35.03,1.87,0.0,0.0
35.05,1.874,0.0,0.0
35.07,1.864,0.0,0.0
35.13,1.857,0.0,0.0
35.23,1.881,0.0,0.0
35.14,1.869,0.0,0.0
35.15,1.864,0.0,0.0
35.22,1.856,0.0,0.0
35.27,1.859,0.0,0.0
35.31,1.875,0.0,0.0
35.3,1.878,0.0,0.0
35.38,1.876,0.0,0.0
35.38,1.89,0.0,0.0
35.34,1.878,0.0,0.0
35.28,1.872,0.0,0.0
35.3,1.859,0.0,0.0
35.38,1.858,0.0,0.0
35.39,1.857,0.0,0.0
35.38,1.844,0.0,0.0
35.4,1.855,0.0,0.0
35.75,1.865,0.0,0.0
35.6,1.855,0.0,0.0
35.75,1.855,0.0,0.0
35.75,1.865,0.0,0.0
35.8,1.865,0.0,0.0
35.88,1.86,0.0,0.0
35.95,1.863,0.0,0.0
35.85,1.855,0.0,0.0
35.8,1.85,0.0,0.0
35.74,1.837,0.0,0.0
35.85,1.804,0.0,0.0
35.85,1.749,0.0,0.0
35.85,1.724,0.0,0.0
35.88,1.734,0.0,0.0
35.94,1.734,0.0,0.0
36.22,1.653,0.0,0.0
36.23,1.729,0.0,0.0
36.23,1.699,0.0,0.0
36.2,1.729,0.0,0.0
36.1,1.749,0.0,0.0
35.98,1.754,0.0,0.0
35.95,1.719,0.0,0.0
35.95,1.679,0.0,0.0
35.98,1.684,0.0,0.0
35.96,1.703,0.0,0.0
35.97,1.69,0.0,0.0
35.95,1.678,0.0,0.0
35.93,1.641,0.0,0.0
35.89,1.623,0.0,0.0
35.83,1.568,0.0,0.0
35.74,1.596,0.0,0.0
35.65,1.627,0.0,0.0
35.45,1.631,0.0,0.0
35.4,1.652,0.0,0.0
35.25,1.609,0.0,0.0
35.13,1.622,0.0,0.0
35.19,1.644,0.0,0.0
35.21,1.644,0.0,0.0
35.53,1.645,0.0,0.0
35.51,1.67,0.0,0.0
35.55,1.685,0.0,0.0
35.65,1.646,0.0,0.0
35.63,1.629,0.0,0.0
35.52,1.63,0.0,0.0
35.38,1.639,0.0,0.0
35.4,1.658,0.0,0.0
35.4,1.633,0.0,0.0
35.35,1.653,0.0,0.0
35.39,1.641,0.0,0.0
35.4,1.65,0.0,0.0
35.55,1.636,0.0,0.0
35.5,1.629,0.0,0.0
35.45,1.627,0.0,0.0
35.48,1.625,0.0,0.0
35.49,1.607,0.0,0.0
35.49,1.624,0.0,0.0
35.44,1.639,0.0,0.0
35.35,1.623,0.0,0.0
35.35,1.624,0.0,0.0
35.3,1.596,0.0,0.0
35.3,1.622,0.0,0.0
35.3,1.622,0.0,0.0
35.35,1.624,0.0,0.0
35.31,1.619,0.0,0.0
35.31,1.638,0.0,0.0
35.28,1.656,0.0,0.0
35.3,1.685,0.0,0.0
35.3,1.658,0.0,0.0
35.31,1.692,0.0,0.0
35.3,1.724,0.0,0.0
35.31,1.739,0.0,0.0
35.3,1.729,0.0,0.0
35.31,1.722,0.0,0.0
35.3,1.734,0.0,0.0
35.3,1.777,0.0,0.0
35.28,1.783,0.0,0.0
35.3,1.768,0.0,0.0
35.3,1.768,0.0,0.0
35.33,1.783,0.0,0.0
35.31,1.761,0.0,0.0
35.32,1.776,0.0,0.0
35.33,1.748,0.0,0.0
35.3,1.736,0.0,0.0
35.28,1.758,0.0,0.0
35.23,1.727,0.0,0.0
35.25,1.743,0.0,0.0
35.26,1.765,0.0,0.0
35.25,1.757,0.0,0.0
35.25,1.786,0.0,0.0
35.25,1.814,0.0,0.0
35.25,1.839,0.0,0.0
35.33,1.818,0.0,0.0
35.41,1.81,0.0,0.0
35.46,1.841,0.0,0.0
35.6,1.855,0.0,0.0
35.69,1.865,0.0,0.0
35.73,1.843,0.0,0.0
35.8,1.837,0.0,0.0
35.93,1.847,0.0,0.0
36.1,1.839,0.0,0.0
36.28,1.842,0.0,0.0
36.25,1.849,0.0,0.0
36.13,1.846,0.0,0.0
36.08,1.846,0.0,0.0
36.25,1.868,0.0,0.0
36.18,1.852,0.0,0.0
36.33,1.843,0.0,0.0
36.3,1.843,0.0,0.0
36.2,1.813,0.0,0.0
36.05,1.79,0.0,0.0
36.21,1.807,0.0,0.0
36.15,1.779,0.0,0.0
36.24,1.772,0.0,0.0
36.28,1.78,0.0,0.0
36.17,1.78,0.0,0.0
36.23,1.769,0.0,0.0
36.15,1.73,0.0,0.0
36.19,1.758,0.0,0.0
36.2,1.745,0.0,0.0
36.4,1.701,0.0,0.0
36.38,1.72,0.0,0.0
36.33,1.73,0.0,0.0
36.73,1.73,0.0,0.0
36.83,1.706,0.0,0.0
36.68,1.748,0.0,0.0
36.73,1.765,0.0,0.0
36.93,1.745,0.0,0.0
37.19,1.745,0.0,0.0
37.43,1.745,0.0,0.0
37.25,1.718,0.0,0.0
37.55,1.744,0.0,0.0
37.5,1.747,0.0,0.0
37.6,1.738,0.0,0.0
37.88,1.717,0.0,0.0
37.97,1.732,0.0,0.0
38.0,1.728,0.0,0.0
38.45,1.731,0.0,0.0
38.9,1.791,0.0,0.0
39.01,1.799,0.0,0.0
38.68,1.792,0.0,0.0
38.18,1.767,0.0,0.0
37.25,1.783,0.0,0.0
37.65,1.795,0.0,0.0
37.43,1.781,0.0,0.0
37.2,1.792,0.0,0.0
36.75,1.814,0.0,0.0
37.1,1.789,0.0,0.0
37.33,1.786,0.0,0.0
37.33,1.824,0.0,0.0
37.2,1.79,0.0,0.0
37.35,1.807,0.0,0.0
37.66,1.779,0.0,0.0
37.68,1.777,0.0,0.0
37.63,1.791,0.0,0.0
37.46,1.771,0.0,0.0
37.39,1.76,0.0,0.0
37.63,1.744,0.0,0.0
37.45,1.755,0.0,0.0
37.6,1.723,0.0,0.0
37.65,1.663,0.0,0.0
37.65,1.68,0.0,0.0
37.6,1.661,0.0,0.0
37.54,1.653,0.0,0.0
37.45,1.607,0.0,0.0
37.55,1.651,0.0,0.0
37.55,1.641,0.0,0.0
37.54,1.651,0.0,0.0
37.4,1.64,0.0,0.0
37.38,1.628,0.0,0.0
37.1,1.596,0.0,0.0
37.15,1.579,0.0,0.0
37.18,1.604,0.0,0.0
37.3,1.628,0.0,0.0
37.63,1.638,0.0,0.0
37.56,1.613,0.0,0.0
37.63,1.593,0.0,0.0
37.63,1.648,0.0,0.0
37.63,1.651,0.0,0.0
37.68,1.667,0.0,0.0
37.33,1.63,0.0,0.0
0.0,1.641,0.0,0.0
37.35,1.64,0.0,0.0
37.33,1.651,0.0,0.0
37.43,1.636,0.0,0.0
37.38,1.633,0.0,0.0
37.44,1.653,0.0,0.0
37.51,1.652,0.0,0.0
37.42,1.647,0.0,0.0
37.39,1.69,0.0,0.0
37.5,1.691,0.0,0.0
37.75,1.709,0.0,0.0
37.95,1.697,0.0,0.0
38.03,1.701,0.0,0.0
37.95,1.684,0.0,0.0
38.1,1.681,0.0,0.0
38.05,1.629,0.0,0.0
37.9,1.591,0.0,0.0
38.13,1.58,0.0,0.0
38.08,1.576,0.0,0.0
37.94,1.562,0.0,0.0
38.05,1.586,0.0,0.0
38.15,1.614,0.0,0.0
38.05,1.563,0.0,0.0
38.05,1.586,0.0,0.0
38.05,1.593,0.0,0.0
38.18,1.594,0.0,0.0
38.5,1.609,0.0,0.0
38.93,1.62,0.0,0.0
38.46,1.617,0.0,0.0
38.41,1.605,0.0,0.0
38.7,1.613,0.0,0.0
38.85,1.581,0.0,0.0
38.85,1.578,0.0,0.0
38.95,1.594,0.0,0.0
38.85,1.59,0.0,0.0
38.95,1.584,0.0,0.0
38.95,1.584,0.0,0.0
38.88,1.592,0.0,0.0
38.84,1.596,0.0,0.0
38.73,1.601,0.0,0.0
38.75,1.604,0.0,0.0
38.79,1.597,0.0,0.0
38.75,1.588,0.0,0.0
38.78,1.575,0.0,0.0
38.8,1.587,0.0,0.0
38.69,1.599,0.0,0.0
38.71,1.628,0.0,0.0
38.81,1.614,0.0,0.0
38.75,1.615,0.0,0.0
38.75,1.637,0.0,0.0
38.79,1.657,0.0,0.0
38.81,1.662,0.0,0.0
38.85,1.667,0.0,0.0
39.0,1.661,0.0,0.0
39.04,1.657,0.0,0.0
39.0,1.657,0.0,0.0
38.9,1.678,0.0,0.0
38.93,1.676,0.0,0.0
39.0,1.672,0.0,0.0
38.95,1.669,0.0,0.0
38.96,1.672,0.0,0.0
38.95,1.679,0.0,0.0
38.89,1.664,0.0,0.0
38.93,1.664,0.0,0.0
38.88,1.688,0.0,0.0
38.78,1.691,0.0,0.0
38.8,1.69,0.0,0.0
38.88,1.686,0.0,0.0
38.9,1.713,0.0,0.0
38.88,1.711,0.0,0.0
38.89,1.739,0.0,0.0
38.85,1.727,0.0,0.0
38.9,1.735,0.0,0.0
38.98,1.754,0.0,0.0
38.95,1.747,0.0,0.0
38.9,1.728,0.0,0.0
38.91,1.734,0.0,0.0
38.95,1.71,0.0,0.0
38.95,1.71,0.0,0.0
38.91,1.725,0.0,0.0
38.9,1.74,0.0,0.0
39.15,1.737,0.0,0.0
39.05,1.722,0.0,0.0
38.9,1.722,0.0,0.0
38.95,1.672,0.0,0.0
39.23,1.689,0.0,0.0
39.45,1.703,0.0,0.0
39.7,1.689,0.0,0.0
39.43,1.679,0.0,0.0
39.65,1.656,0.0,0.0
40.1,1.694,0.0,0.0
40.3,1.69,0.0,0.0
39.78,1.686,0.0,0.0
39.84,1.671,0.0,0.0
40.2,1.677,0.0,0.0
40.45,1.669,0.0,0.0
40.8,1.681,0.0,0.0
41.2,1.7,0.0,0.0
40.7,1.676,0.0,0.0
40.9,1.684,0.0,0.0
40.6,1.677,0.0,0.0
41.15,1.672,0.0,0.0
40.98,1.657,0.0,0.0
40.78,1.606,0.0,0.0
41.03,1.635,0.0,0.0
40.9,1.609,0.0,0.0
40.7,1.604,0.0,0.0
40.84,1.601,0.0,0.0
40.84,1.613,0.0,0.0
40.6,1.59,0.0,0.0
40.6,1.587,0.0,0.0
40.6,1.587,0.0,0.0
40.45,1.585,0.0,0.0
40.18,1.582,0.0,0.0
39.93,1.631,0.0,0.0
39.75,1.609,0.0,0.0
39.6,1.614,0.0,0.0
39.55,1.623,0.0,0.0
39.59,1.615,0.0,0.0
39.98,1.63,0.0,0.0
39.84,1.643,0.0,0.0
39.95,1.628,0.0,0.0
39.95,1.609,0.0,0.0
40.13,1.584,0.0,0.0
40.3,1.604,0.0,0.0
40.38,1.589,0.0,0.0
40.1,1.599,0.0,0.0
39.95,1.599,0.0,0.0
39.9,1.582,0.0,0.0
40.1,1.575,0.0,0.0
40.24,1.601,0.0,0.0
40.38,1.602,0.0,0.0
40.3,1.582,0.0,0.0
40.3,1.589,0.0,0.0
40.25,1.579,0.0,0.0
40.28,1.589,0.0,0.0
40.24,1.592,0.0,0.0
40.38,1.587,0.0,0.0
40.31,1.56,0.0,0.0
40.35,1.577,0.0,0.0
40.43,1.562,0.0,0.0
40.74,1.555,0.0,0.0
41.0,1.56,0.0,0.0
40.9,1.543,0.0,0.0
41.16,1.543,0.0,0.0
41.7,1.558,0.0,0.0
41.63,1.565,0.0,0.0
41.75,1.558,0.0,0.0
41.9,1.55,0.0,0.0
42.05,1.557,0.0,0.0
42.28,1.596,0.0,0.0
42.4,1.592,0.0,0.0
42.35,1.582,0.0,0.0
42.25,1.608,0.0,0.0
42.5,1.626,0.0,0.0
42.75,1.621,0.0,0.0
42.56,1.599,0.0,0.0
43.94,1.609,0.0,0.0
43.25,1.609,0.0,0.0
42.85,1.575,0.0,0.0
43.25,1.592,0.0,0.0
43.0,1.592,0.0,0.0
0.0,0.0,0.0,0.0
43.05,0.0,0.0,0.0
43.15,0.0,0.0,0.0
43.3,0.0,0.0,0.0
43.3,0.0,0.0,0.0
43.3,1.593,0.0,0.0
43.2,1.572,0.0,0.0
42.78,1.578,0.0,0.0
42.0,1.567,0.0,0.0
41.13,1.564,0.0,0.0
40.65,1.502,0.0,0.0
41.1,1.484,0.0,0.0
41.38,1.502,0.0,0.0
41.7,1.491,0.0,0.0
41.73,1.472,0.0,0.0
41.65,1.442,0.0,0.0
41.4,1.372,0.0,0.0
41.75,1.419,0.0,0.0
41.65,1.385,0.0,0.0
41.62,1.373,0.0,0.0
41.79,1.392,0.0,0.0
41.95,1.411,0.0,0.0
42.24,1.398,0.0,0.0
42.05,1.418,0.0,0.0
42.3,1.416,0.0,0.0
42.31,1.423,0.0,0.0
42.2,1.401,0.0,0.0
42.24,1.398,0.0,0.0
42.5,1.405,0.0,0.0
42.58,1.4,0.0,0.0
43.15,1.387,0.0,0.0
42.6,1.392,0.0,0.0
42.6,1.376,0.0,0.0
42.4,1.38,0.0,0.0
42.53,1.378,0.0,0.0
42.43,1.334,0.0,0.0
42.45,1.343,0.0,0.0
42.55,1.349,0.0,0.0
42.45,1.341,0.0,0.0
42.51,1.296,0.0,0.0
42.51,1.315,0.0,0.0
42.7,1.305,0.0,0.0
42.63,1.319,0.0,0.0
42.55,1.319,0.0,0.0
42.56,1.344,0.0,0.0
42.58,1.337,0.0,0.0
42.53,1.308,0.0,0.0
42.48,1.293,0.0,0.0
42.48,1.306,0.0,0.0
42.53,1.309,0.0,0.0
42.5,1.319,0.0,0.0
42.48,1.33,0.0,0.0
42.45,1.294,0.0,0.0
42.34,1.307,0.0,0.0
42.15,1.293,0.0,0.0
42.33,1.272,0.0,0.0
42.2,1.272,0.0,0.0
42.2,1.294,0.0,0.0
42.33,1.284,0.0,0.0
42.4,1.299,0.0,0.0
42.52,1.316,0.0,0.0
42.63,1.306,0.0,0.0
42.61,1.309,0.0,0.0
42.7,1.329,0.0,0.0
42.85,1.317,0.0,0.0
42.8,1.336,0.0,0.0
42.84,1.324,0.0,0.0
43.13,1.327,0.0,0.0
43.1,1.317,0.0,0.0
43.25,1.312,0.0,0.0
43.26,1.327,0.0,0.0
43.42,1.314,0.0,0.0
43.53,1.317,0.0,0.0
43.4,1.314,0.0,0.0
43.66,1.327,0.0,0.0
43.6,1.332,0.0,0.0
43.54,1.324,0.0,0.0
43.75,1.352,0.0,0.0
43.8,1.349,0.0,0.0
43.98,1.4,0.0,0.0
43.8,1.371,0.0,0.0
43.45,1.38,0.0,0.0
43.65,1.395,0.0,0.0
43.69,1.415,0.0,0.0
43.63,1.4,0.0,0.0
43.65,1.39,0.0,0.0
43.58,1.394,0.0,0.0
43.18,1.411,0.0,0.0
42.75,1.426,0.0,0.0
42.72,0.0,0.0,0.0
43.13,1.392,0.0,0.0
43.35,1.393,0.0,0.0
43.43,1.391,0.0,0.0
0.0,1.394,0.0,0.0
43.39,1.365,0.0,0.0
43.55,1.358,0.0,0.0
43.55,1.383,0.0,0.0
43.63,1.371,0.0,0.0
44.0,1.374,0.0,0.0
44.38,1.393,0.0,0.0
44.53,1.418,0.0,0.0
45.25,1.406,0.0,0.0
45.85,1.439,0.0,0.0
45.75,1.438,0.0,0.0
45.25,1.479,0.0,0.0
45.29,1.456,0.0,0.0
45.43,1.47,0.0,0.0
45.93,1.453,0.0,0.0
46.18,1.504,0.0,0.0
45.85,1.499,0.0,0.0
45.88,1.507,0.0,0.0
45.9,1.488,0.0,0.0
45.9,1.49,0.0,0.0
46.0,1.487,0.0,0.0
46.13,1.463,0.0,0.0
46.2,1.464,0.0,0.0
46.6,1.471,0.0,0.0
47.35,1.521,0.0,0.0
47.15,1.499,0.0,0.0
48.1,1.533,0.0,0.0
49.25,1.548,0.0,0.0
48.0,1.515,0.0,0.0
47.0,1.523,0.0,0.0
47.58,1.538,0.0,0.0
48.1,1.532,0.0,0.0
48.1,1.515,0.0,0.0
48.45,1.533,0.0,0.0
48.25,1.529,0.0,0.0
47.85,1.486,0.0,0.0
47.95,1.493,0.0,0.0
48.25,1.49,0.0,0.0
48.33,1.496,0.0,0.0
48.4,1.498,0.0,0.0
48.65,1.494,0.0,0.0
48.65,1.495,0.0,0.0
48.65,1.483,0.0,0.0
48.85,1.483,0.0,0.0
48.48,1.488,0.0,0.0
48.45,1.468,0.0,0.0
48.2,1.47,0.0,0.0
48.03,1.475,0.0,0.0
48.23,1.501,0.0,0.0
48.08,1.499,0.0,0.0
48.25,1.521,0.0,0.0
48.28,1.538,0.0,0.0
48.13,1.525,0.0,0.0
48.45,1.539,0.0,0.0
48.4,1.536,0.0,0.0
48.46,1.542,0.0,0.0
48.41,1.537,0.0,0.0
48.38,1.522,0.0,0.0
48.4,1.524,0.0,0.0
48.38,1.513,0.0,0.0
48.38,1.523,0.0,0.0
48.43,1.537,0.0,0.0
48.38,1.548,0.0,0.0
48.4,1.533,0.0,0.0
48.35,1.528,0.0,0.0
48.34,1.52,0.0,0.0
48.3,1.541,0.0,0.0
48.4,1.563,0.0,0.0
48.38,1.562,0.0,0.0
48.41,1.598,0.0,0.0
48.4,1.588,0.0,0.0
48.29,1.573,0.0,0.0
48.35,1.583,0.0,0.0
48.38,1.591,0.0,0.0
48.53,1.577,0.0,0.0
48.93,1.581,0.0,0.0
48.95,1.579,0.0,0.0
49.35,1.549,0.0,0.0
49.43,1.557,0.0,0.0
49.45,1.562,0.0,0.0
49.4,1.548,0.0,0.0
49.4,1.542,0.0,0.0
49.35,1.551,0.0,0.0
49.38,1.555,0.0,0.0
49.28,1.551,0.0,0.0
49.28,1.548,0.0,0.0
49.45,1.566,0.0,0.0
49.6,1.571,0.0,0.0
50.35,1.601,0.0,0.0
50.38,1.59,0.0,0.0
50.45,1.577,0.0,0.0
50.4,1.58,0.0,0.0
51.05,1.587,0.0,0.0
52.08,1.591,0.0,0.0
53.7,1.604,0.0,0.0
53.1,1.593,0.0,0.0
53.0,1.582,0.0,0.0
52.9,1.578,0.0,0.0
53.1,1.583,0.0,0.0
54.6,1.59,0.0,0.0
57.75,1.599,0.0,0.0
56.9,1.593,0.0,0.0
57.05,1.581,0.0,0.0
57.35,1.594,0.0,0.0
57.45,1.583,0.0,0.0
57.05,1.564,0.0,0.0
57.0,1.561,0.0,0.0
57.95,1.572,0.0,0.0
58.55,1.569,0.0,0.0
59.45,1.55,0.0,0.0
59.23,1.537,0.0,0.0
59.4,1.556,0.0,0.0
59.5,1.551,0.0,0.0
61.5,1.563,0.0,0.0
64.85,1.576,0.0,0.0
64.5,1.57,0.0,0.0
62.5,1.572,0.0,0.0
61.2,1.566,0.0,0.0
61.6,1.578,0.0,0.0
61.4,1.578,0.0,0.0
61.05,1.59,0.0,0.0
61.5,1.588,0.0,0.0
61.2,1.581,0.0,0.0
61.15,1.572,0.0,0.0
61.25,1.558,0.0,0.0
61.75,1.565,0.0,0.0
63.1,0.0,0.0,0.0
63.4,0.0,0.0,0.0
62.8,1.575,0.0,0.0
64.0,1.573,0.0,0.0
64.5,1.551,0.0,0.0
64.65,1.562,0.0,0.0
65.5,1.564,0.0,0.0
65.0,1.555,0.0,0.0
66.0,1.557,0.0,0.0
66.0,1.606,0.0,0.0
65.3,1.68,0.0,0.0
65.6,1.695,0.0,0.0
65.2,1.682,0.0,0.0
65.1,1.696,0.0,0.0
64.9,1.75,0.0,0.0
65.0,1.76,0.0,0.0
65.5,1.766,0.0,0.0
65.45,1.782,0.0,0.0
64.85,1.75,0.0,0.0
65.3,1.782,0.0,0.0
65.0,1.741,0.0,0.0
65.2,1.759,0.0,0.0
65.53,1.779,0.0,0.0
65.75,1.764,0.0,0.0
66.3,1.745,0.0,0.0
68.2,1.839,0.0,0.0
68.3,1.828,0.0,0.0
69.3,1.794,0.0,0.0
70.0,1.834,0.0,0.0
69.0,1.81,0.0,0.0
68.5,1.811,0.0,0.0
67.5,1.821,0.0,0.0
66.1,1.814,0.0,0.0
65.15,1.789,0.0,0.0
66.75,1.82,0.0,0.0
65.7,1.817,0.0,0.0
65.7,1.793,0.0,0.0
65.75,1.811,0.0,0.0
66.5,1.817,0.0,0.0
66.43,1.817,0.0,0.0
66.6,1.838,0.0,0.0
66.8,1.843,0.0,0.0
67.0,1.837,0.0,0.0
67.05,1.882,0.0,0.0
67.35,1.901,0.0,0.0
67.13,1.879,0.0,0.0
66.68,1.88,0.0,0.0
66.9,1.904,0.0,0.0
66.88,1.908,0.0,0.0
66.85,1.897,0.0,0.0
66.85,1.895,0.0,0.0
66.95,1.912,0.0,0.0
67.0,1.898,0.0,0.0
67.1,1.859,0.0,0.0
67.1,1.865,0.0,0.0
67.25,1.832,0.0,0.0
66.85,1.793,0.0,0.0
67.0,1.783,0.0,0.0
66.83,1.803,0.0,0.0
65.5,1.777,0.0,0.0
61.25,1.703,0.0,0.0
64.25,1.688,0.0,0.0
65.0,1.704,0.0,0.0
65.25,1.713,0.0,0.0
63.9,1.717,0.0,0.0
63.5,1.69,0.0,0.0
63.95,1.687,0.0,0.0
63.8,1.693,0.0,0.0
64.4,1.751,0.0,0.0
64.2,1.739,0.0,0.0
64.15,1.741,0.0,0.0
64.1,1.764,0.0,0.0
65.2,1.784,0.0,0.0
65.6,1.772,0.0,0.0
65.5,1.756,0.0,0.0
65.5,1.796,0.0,0.0
65.25,1.801,0.0,0.0
65.0,1.795,0.0,0.0
64.68,1.776,0.0,0.0
64.73,1.779,0.0,0.0
65.1,1.799,0.0,0.0
64.95,1.784,0.0,0.0
64.85,1.813,0.0,0.0
65.05,1.842,0.0,0.0
65.0,1.834,0.0,0.0
64.8,1.853,0.0,0.0
64.8,1.848,0.0,0.0
64.7,1.835,0.0,0.0
64.53,1.811,0.0,0.0
64.6,1.806,0.0,0.0
64.55,1.816,0.0,0.0
64.39,1.798,0.0,0.0
64.0,1.826,0.0,0.0
64.0,1.842,0.0,0.0
64.15,1.829,0.0,0.0
64.05,1.856,0.0,0.0
63.88,1.835,0.0,0.0
63.65,1.857,0.0,0.0
63.1,1.823,0.0,0.0
62.8,1.805,0.0,0.0
62.63,1.824,0.0,0.0
61.98,1.815,0.0,0.0
61.98,1.814,0.0,0.0
61.44,1.811,0.0,0.0
60.35,1.799,0.0,0.0
61.1,1.789,0.0,0.0
62.55,1.804,0.0,0.0
62.5,1.812,0.0,0.0
62.38,1.812,0.0,0.0
62.7,1.822,0.0,0.0
64.0,1.809,0.0,0.0
63.75,1.811,0.0,0.0
63.5,1.851,0.0,0.0
63.6,1.852,0.0,0.0
64.2,1.868,0.0,0.0
63.4,1.892,0.0,0.0
63.1,1.87,0.0,0.0
63.1,1.932,0.0,0.0
63.1,1.91,0.0,0.0
63.1,1.923,0.0,0.0
62.9,1.953,0.0,0.0
62.9,1.972,0.0,0.0
63.15,1.948,0.0,0.0
63.4,1.948,0.0,0.0
63.93,1.978,0.0,0.0
65.1,1.972,0.0,0.0
65.4,1.953,0.0,0.0
64.45,1.937,0.0,0.0
64.2,1.994,0.0,0.0
64.2,2.001,0.0,0.0
65.1,1.99,0.0,0.0
64.65,1.996,0.0,0.0
64.9,2.031,0.0,0.0
65.1,2.037,0.0,0.0
65.3,2.008,0.0,0.0
64.9,2.046,0.0,0.0
65.25,2.026,0.0,0.0
65.1,1.984,0.0,0.0
65.15,2.012,0.0,0.0
65.0,1.984,0.0,0.0
65.03,2.011,0.0,0.0
65.15,2.01,0.0,0.0
65.1,2.036,0.0,0.0
65.1,2.003,0.0,0.0
64.65,2.019,0.0,0.0
63.9,2.006,0.0,0.0
64.5,2.005,0.0,0.0
65.2,1.986,0.0,0.0
65.2,1.956,0.0,0.0
64.95,1.978,0.0,0.0
65.6,1.968,0.0,0.0
65.5,1.98,0.0,0.0
65.3,1.96,0.0,0.0
66.08,1.982,0.0,0.0
66.0,2.011,0.0,0.0
66.6,2.032,0.0,0.0
66.9,2.03,0.0,0.0
67.6,2.035,0.0,0.0
68.8,2.11,0.0,0.0
68.65,2.091,0.0,0.0
69.0,2.126,0.0,0.0
68.1,2.136,0.0,0.0
68.55,0.0,0.0,0.0
68.9,0.0,0.0,0.0
72.3,2.246,0.0,0.0
73.65,2.221,0.0,0.0
73.3,2.192,0.0,0.0
74.9,2.192,0.0,0.0
76.5,2.196,0.0,0.0
79.3,2.247,0.0,0.0
86.5,2.428,0.0,0.0
85.0,2.459,0.0,0.0
80.7,2.354,0.0,0.0
83.7,2.381,0.0,0.0
85.0,2.43,0.0,0.0
85.7,2.492,0.0,0.0
86.3,0.0,0.0,0.0
84.0,0.0,0.0,0.0
83.0,0.0,0.0,0.0
82.5,0.0,0.0,0.0
83.75,0.0,0.0,0.0
82.88,0.0,0.0,0.0
82.5,2.322,0.0,0.0
80.0,2.236,0.0,0.0
80.0,2.232,0.0,0.0
82.75,2.197,0.0,0.0
82.75,2.154,0.0,0.0
82.25,2.166,0.0,0.0
82.25,2.147,0.0,0.0
81.6,2.216,0.0,0.0
81.7,2.223,0.0,0.0
84.5,2.21,0.0,0.0
90.0,2.288,0.0,0.0
90.0,2.274,0.0,0.0
88.5,2.196,0.0,0.0
89.25,2.169,0.0,0.0
90.0,2.197,0.0,0.0
89.25,2.171,0.0,0.0
90.0,2.227,0.0,0.0
90.25,2.198,0.0,0.0
90.9,2.238,0.0,0.0
90.75,2.207,0.0,0.0
91.0,2.208,0.0,0.0
91.0,2.246,0.0,0.0
91.25,2.247,0.0,0.0
90.9,2.229,0.0,0.0
90.0,2.206,0.0,0.0
89.3,2.211,0.0,0.0
90.25,2.164,0.0,0.0
91.0,2.11,0.0,0.0
90.75,2.119,0.0,0.0
90.8,2.095,0.0,0.0
90.15,2.136,0.0,0.0
90.55,2.126,0.0,0.0
90.6,2.128,0.0,0.0
90.73,2.147,0.0,0.0
90.7,2.147,0.0,0.0
90.6,2.115,0.0,0.0
90.3,2.119,0.0,0.0
90.3,2.187,0.0,0.0
90.3,2.192,0.0,0.0
91.4,2.222,0.0,0.0
92.75,2.276,0.0,0.0
94.8,2.339,0.0,0.0
96.7,2.362,0.0,0.0
102.25,2.374,0.0,0.0
110.0,2.466,0.0,0.0
106.5,2.384,0.0,0.0
104.25,2.343,0.0,0.0
105.5,2.378,0.0,0.0
112.0,2.489,0.0,0.0
110.5,2.447,0.0,0.0
109.75,2.425,0.0,0.0
110.0,2.388,0.0,0.0
106.5,2.388,0.0,0.0
110.0,2.448,0.0,0.0
113.25,2.537,0.0,0.0
114.75,2.551,0.0,0.0
117.75,2.607,0.0,0.0
123.5,2.645,0.0,0.0
126.0,2.734,0.0,0.0
121.5,2.552,0.0,0.0
118.5,2.544,0.0,0.0
117.25,2.5,0.0,0.0
115.5,2.504,0.0,0.0
117.25,2.462,0.0,0.0
115.5,2.512,0.0,0.0
117.75,2.508,0.0,0.0
120.0,2.533,0.0,0.0
122.5,2.6,0.0,0.0
120.25,2.588,0.0,0.0
120.0,2.56,0.0,0.0
120.5,2.599,0.0,0.0
120.0,2.602,0.0,0.0
118.5,2.582,0.0,0.0
123.25,2.634,0.0,0.0
122.25,2.676,0.0,0.0
121.5,2.657,0.0,0.0
123.25,2.666,0.0,0.0
121.0,2.696,0.0,0.0
122.0,2.684,0.0,0.0
123.5,2.729,0.0,0.0
123.0,2.699,0.0,0.0
127.0,2.796,0.0,0.0
126.0,2.802,0.0,0.0
123.0,2.753,0.0,0.0
119.0,2.668,0.0,0.0
121.0,2.784,0.0,0.0
121.0,2.804,0.0,0.0
119.9,2.806,0.0,0.0
121.0,2.91,0.0,0.0
119.5,2.88,0.0,0.0
114.25,2.879,0.0,0.0
117.75,2.836,0.0,0.0
118.75,2.903,0.0,0.0
119.9,2.963,0.0,0.0
118.5,2.922,0.0,0.0
119.5,2.901,0.0,0.0
117.0,2.914,0.0,0.0
115.5,2.77,0.0,0.0
115.6,2.76,0.0,0.0
117.5,2.916,0.0,0.0
116.1,2.902,0.0,0.0
116.0,2.863,0.0,0.0
115.5,2.84,0.0,0.0
114.9,2.788,0.0,0.0
113.75,2.723,0.0,0.0
110.0,2.63,0.0,0.0
106.75,2.668,0.0,0.0
102.0,2.65,0.0,0.0
95.5,2.572,0.0,0.0
94.0,2.563,0.0,0.0
103.0,2.611,0.0,0.0
104.0,2.648,0.0,0.0
109.5,2.673,0.0,0.0
105.7,2.694,0.0,0.0
103.0,2.59,0.0,0.0
100.25,2.556,0.0,0.0
101.0,2.587,0.0,0.0
104.0,2.571,0.0,0.0
107.3,2.579,0.0,0.0
105.5,2.628,0.0,0.0
103.5,2.596,0.0,0.0
104.5,2.608,0.0,0.0
105.1,2.616,0.0,0.0
106.1,2.566,0.0,0.0
105.5,2.597,0.0,0.0
105.25,2.588,0.0,0.0
104.75,2.598,0.0,0.0
102.75,2.54,0.0,0.0
102.25,2.548,0.0,0.0
100.25,2.522,0.0,0.0
100.3,2.544,0.0,0.0
104.0,2.574,0.0,0.0
103.0,2.636,0.0,0.0
101.4,2.59,0.0,0.0
103.25,2.702,0.0,0.0
103.5,2.728,0.0,0.0
102.0,2.734,0.0,0.0
101.75,2.74,0.0,0.0
102.5,2.777,0.0,0.0
101.25,2.752,0.0,0.0
100.0,2.697,0.0,0.0
96.75,2.709,0.0,0.0
97.75,2.719,0.0,0.0
99.15,2.767,0.0,0.0
99.0,2.749,0.0,0.0
98.5,2.701,0.0,0.0
100.75,2.811,0.0,0.0
99.6,2.791,0.0,0.0
103.5,2.874,0.0,0.0
103.75,2.844,0.0,0.0
101.93,2.869,0.0,0.0
101.25,2.952,0.0,0.0
101.85,2.904,0.0,0.0
103.5,2.999,0.0,0.0
101.9,2.923,0.0,0.0
101.0,2.923,0.0,0.0
99.25,2.893,0.0,0.0
100.75,2.91,0.0,0.0
99.75,2.879,0.0,0.0
100.1,2.947,0.0,0.0
98.25,2.869,0.0,0.0
98.25,2.82,0.0,0.0
97.25,2.828,0.0,0.0
98.0,2.835,0.0,0.0
97.0,2.835,0.0,0.0
98.5,2.867,0.0,0.0
98.0,2.87,0.0,0.0
98.0,2.872,0.0,0.0
97.4,2.862,0.0,0.0
98.0,2.839,0.0,0.0
98.5,2.859,0.0,0.0
97.0,2.818,0.0,0.0
96.9,2.794,0.0,0.0
90.0,2.769,0.0,0.0
91.25,2.782,0.0,0.0
90.25,2.778,0.0,0.0
90.0,2.798,0.0,0.0
90.5,2.829,0.0,0.0
90.25,2.802,0.0,0.0
90.1,2.807,0.0,0.0
90.0,2.8,0.0,0.0
90.25,2.792,0.0,0.0
92.0,2.757,0.0,0.0
101.5,2.883,0.0,0.0
101.75,2.955,0.0,0.0
101.0,2.924,0.0,0.0
100.25,2.917,0.0,0.0
105.5,3.045,0.0,0.0
105.0,3.025,0.0,0.0
105.75,2.977,0.0,0.0
107.25,3.069,0.0,0.0
105.5,3.038,0.0,0.0
104.15,3.088,0.0,0.0
104.0,3.049,0.0,0.0
103.65,3.039,0.0,0.0
105.0,2.972,0.0,0.0
106.75,3.044,0.0,0.0
109.0,3.182,0.0,0.0
108.4,3.108,0.0,0.0
108.0,3.201,0.0,0.0
106.75,3.167,0.0,0.0
111.75,3.239,0.0,0.0
112.0,3.223,0.0,0.0
112.25,3.256,0.0,0.0
116.5,3.281,0.0,0.0
121.25,3.327,0.0,0.0
118.5,3.272,0.0,0.0
121.5,3.271,0.0,0.0
126.5,3.34,0.0,0.0
124.0,3.331,0.0,0.0
120.0,3.303,0.0,0.0
122.0,3.342,0.0,0.0
124.75,3.343,0.0,0.0
125.5,3.506,0.0,0.0
126.25,3.452,0.0,0.0
128.35,3.639,0.0,0.0
130.0,3.629,0.0,0.0
138.25,3.928,0.0,0.0
137.4,3.902,0.0,0.0
134.5,3.716,0.0,0.0
141.0,3.796,0.0,0.0
140.9,3.913,0.0,0.0
139.5,4.015,0.0,0.0
137.5,3.971,0.0,0.0
135.55,3.907,0.0,0.0
132.5,3.867,0.0,0.0
130.5,4.042,0.0,0.0
133.5,4.212,0.0,0.0
140.0,4.351,0.0,0.0
138.0,4.389,0.0,0.0
139.0,4.571,0.0,0.0
143.0,4.747,0.0,0.0
145.0,5.15,0.0,0.0
146.5,5.54,0.0,0.0
144.0,5.188,0.0,0.0
146.0,5.278,0.0,0.0
148.9,5.588,0.0,0.0
150.0,5.397,0.0,0.0
149.5,5.134,0.0,0.0
150.0,5.275,0.0,0.0
156.75,5.747,0.0,0.0
163.0,5.821,0.0,0.0
169.5,5.961,0.0,0.0
175.0,6.761,0.0,0.0
174.0,6.462,0.0,0.0
162.5,5.685,0.0,0.0
167.5,5.734,0.0,0.0
166.0,5.631,0.0,0.0
159.0,5.206,0.0,0.0
160.0,5.013,0.0,0.0
166.0,5.294,0.0,0.0
165.0,5.418,0.0,0.0
165.5,5.018,0.0,0.0
163.0,5.223,0.0,0.0
164.5,5.3,0.0,0.0
164.5,5.398,0.0,0.0
163.85,5.278,0.0,0.0
164.0,5.169,0.0,0.0
169.0,5.623,0.0,0.0
176.0,5.602,0.0,0.0
175.0,5.548,0.0,0.0
177.5,5.431,0.0,0.0
176.75,5.601,0.0,0.0
172.25,5.19,0.0,0.0
174.0,5.167,0.0,0.0
174.5,5.193,0.0,0.0
173.0,5.348,0.0,0.0
174.1,5.319,0.0,0.0
177.0,5.15,0.0,0.0
179.5,5.162,0.0,0.0
176.25,5.174,0.0,0.0
173.25,5.024,0.0,0.0
167.0,4.407,0.0,0.0
170.0,4.74,0.0,0.0
173.25,4.724,0.0,0.0
173.5,4.343,0.0,0.0
172.25,4.581,0.0,0.0
169.9,4.391,0.0,0.0
170.0,4.667,0.0,0.0
172.0,4.78,0.0,0.0
174.75,5.122,0.0,0.0
174.7,5.456,0.0,0.0
170.75,5.279,0.0,0.0
169.0,5.583,0.0,0.0
169.0,5.428,0.0,0.0
169.25,5.336,0.0,0.0
169.25,5.617,0.0,0.0
169.5,5.399,0.0,0.0
169.65,5.428,0.0,0.0
169.0,5.501,0.0,0.0
166.0,5.453,0.0,0.0
163.0,5.206,0.0,0.0
157.75,5.242,0.0,0.0
166.25,5.445,0.0,0.0
167.7,5.46,0.0,0.0
166.5,5.579,0.0,0.0
166.25,6.019,0.0,0.0
164.4,5.663,0.0,0.0
164.0,5.768,0.0,0.0
165.5,5.766,0.0,0.0
162.9,5.608,0.0,0.0
161.0,5.418,0.0,0.0
163.0,5.429,0.0,0.0
159.5,4.983,0.0,0.0
161.75,5.215,0.0,0.0
154.0,4.866,0.0,0.0
155.5,4.618,0.0,0.0
162.0,5.083,0.0,0.0
156.75,4.92,0.0,0.0
155.5,4.738,0.0,0.0
154.5,4.695,0.0,0.0
161.75,5.023,0.0,0.0
159.0,4.946,0.0,0.0
155.5,5.015,0.0,0.0
157.4,5.203,0.0,0.0
157.25,5.1,0.0,0.0
156.5,4.794,0.0,0.0
157.0,5.048,0.0,0.0
160.5,5.017,0.0,0.0
157.5,4.89,0.0,0.0
155.5,4.874,0.0,0.0
153.6,4.782,0.0,0.0
151.75,4.676,0.0,0.0
153.75,4.825,0.0,0.0
150.0,4.731,0.0,0.0
149.75,4.521,0.0,0.0
146.5,4.574,0.0,0.0
144.5,4.484,0.0,0.0
144.25,4.613,0.0,0.0
143.0,4.688,0.0,0.0
137.0,4.32,0.0,0.0
136.5,4.191,0.0,0.0
129.0,4.12,0.0,0.0
134.0,4.102,0.0,0.0
141.0,4.331,0.0,0.0
145.5,4.36,0.0,0.0
138.75,4.219,0.0,0.0
137.0,3.925,0.0,0.0
137.0,3.787,0.0,0.0
138.75,4.053,0.0,0.0
141.0,4.146,0.0,0.0
140.75,3.99,0.0,0.0
144.0,4.163,0.0,0.0
145.5,4.371,0.0,0.0
143.0,4.184,0.0,0.0
144.0,4.385,0.0,0.0
144.25,4.463,0.0,0.0
149.0,4.721,0.0,0.0
149.0,4.698,0.0,0.0
157.5,4.978,0.0,0.0
157.0,5.033,0.0,0.0
156.0,4.789,0.0,0.0
159.4,4.95,0.0,0.0
156.5,4.657,0.0,0.0
153.6,4.49,0.0,0.0
155.0,4.616,0.0,0.0
154.5,4.589,0.0,0.0
152.0,4.563,0.0,0.0
154.25,4.472,0.0,0.0
152.25,4.335,0.0,0.0
151.5,4.372,0.0,0.0
156.25,4.605,0.0,0.0
153.0,4.346,0.0,0.0
155.5,4.409,0.0,0.0
155.25,4.386,0.0,0.0
156.0,4.405,0.0,0.0
155.5,4.312,0.0,0.0
154.5,4.437,0.0,0.0
154.0,4.401,0.0,0.0
153.5,4.378,0.0,0.0
154.35,4.172,0.0,0.0
154.55,4.271,0.0,0.0
156.0,4.116,0.0,0.0
158.5,4.228,0.0,0.0
157.75,4.227,0.0,0.0
156.9,4.002,0.0,0.0
157.5,4.059,0.0,0.0
157.0,4.14,0.0,0.0
155.5,4.068,0.0,0.0
154.5,4.105,0.0,0.0
152.9,3.939,0.0,0.0
154.4,4.116,0.0,0.0
153.0,3.94,0.0,0.0
152.75,3.955,0.0,0.0
147.75,3.826,0.0,0.0
148.0,3.827,0.0,0.0
149.5,3.97,0.0,0.0
146.0,3.865,0.0,0.0
148.0,3.979,0.0,0.0
147.5,4.035,0.0,0.0
147.25,4.179,0.0,0.0
145.4,4.059,0.0,0.0
148.75,4.184,0.0,0.0
151.25,4.245,0.0,0.0
155.75,4.43,0.0,0.0
154.0,4.426,0.0,0.0
155.65,4.681,0.0,0.0
159.0,4.826,0.0,0.0
157.5,4.84,0.0,0.0
155.1,4.647,0.0,0.0
155.7,4.629,0.0,0.0
158.25,4.974,0.0,0.0
157.0,4.749,0.0,0.0
154.85,4.619,0.0,0.0
155.0,4.632,0.0,0.0
155.0,4.653,0.0,0.0
155.0,4.479,0.0,0.0
155.25,4.621,0.0,0.0
157.0,4.792,0.0,0.0
158.0,4.952,0.0,0.0
157.8,4.842,0.0,0.0
162.0,4.956,0.0,0.0
163.25,5.092,0.0,0.0
167.5,5.149,0.0,0.0
168.25,5.138,0.0,0.0
168.0,5.069,0.0,0.0
167.0,4.859,0.0,0.0
167.75,4.891,0.0,0.0
169.25,4.709,0.0,0.0
173.75,4.905,0.0,0.0
178.0,4.949,0.0,0.0
177.25,4.99,0.0,0.0
183.0,4.891,0.0,0.0
182.0,5.061,0.0,0.0
180.0,4.896,0.0,0.0
185.25,4.919,0.0,0.0
188.25,4.944,0.0,0.0
187.5,4.749,0.0,0.0
190.5,4.692,0.0,0.0
187.75,4.381,0.0,0.0
180.5,4.364,0.0,0.0
182.5,4.508,0.0,0.0
182.0,4.21,0.0,0.0
183.75,4.379,0.0,0.0
186.0,4.394,0.0,0.0
184.25,4.574,0.0,0.0
181.5,4.443,0.0,0.0
184.0,4.455,0.0,0.0
185.75,4.612,0.0,0.0
183.0,4.33,0.0,0.0
174.25,4.186,0.0,0.0
178.5,4.293,0.0,0.0
180.9,4.266,0.0,0.0
180.5,4.249,0.0,0.0
178.0,4.168,0.0,0.0
174.75,4.18,0.0,0.0
175.75,4.168,0.0,0.0
179.75,4.213,0.0,0.0
183.0,4.401,0.0,0.0
188.5,4.502,0.0,0.0
187.0,4.457,0.0,0.0
186.25,4.604,0.0,0.0
187.5,4.484,0.0,0.0
193.0,4.555,0.0,0.0
0.0,4.653,0.0,0.0
195.0,4.775,0.0,0.0
195.25,4.752,0.0,0.0
186.5,4.473,0.0,0.0
175.0,4.436,0.0,0.0
174.0,4.349,0.0,0.0
173.5,4.224,0.0,0.0
169.5,4.27,0.0,0.0
180.0,4.237,0.0,0.0
179.0,4.218,0.0,0.0
177.25,4.186,0.0,0.0
180.25,4.42,0.0,0.0
177.1,4.285,0.0,0.0
178.25,4.454,0.0,0.0
176.0,4.296,0.0,0.0
173.75,4.153,0.0,0.0
175.0,3.991,0.0,0.0
175.75,4.068,0.0,0.0
175.5,4.017,0.0,0.0
174.0,3.988,0.0,0.0
177.5,4.268,0.0,0.0
179.0,4.313,0.0,0.0
176.5,4.184,0.0,0.0
178.0,4.225,0.0,0.0
177.25,4.318,0.0,0.0
175.8,4.15,0.0,0.0
176.25,4.133,0.0,0.0
174.25,4.109,0.0,0.0
175.0,4.131,0.0,0.0
173.4,4.115,0.0,0.0
174.5,4.247,0.0,0.0
174.0,4.3,0.0,0.0
174.5,4.216,0.0,0.0
174.9,4.37,0.0,0.0
178.6,4.426,0.0,0.0
184.0,4.554,0.0,0.0
181.4,4.478,0.0,0.0
181.0,4.379,0.0,0.0
184.25,4.607,0.0,0.0
183.75,4.533,0.0,0.0
184.75,4.676,0.0,0.0
185.25,4.579,0.0,0.0
185.0,4.618,0.0,0.0
183.0,4.49,0.0,0.0
182.25,4.482,0.0,0.0
181.75,4.424,0.0,0.0
181.85,4.496,0.0,0.0
179.75,4.482,0.0,0.0
178.5,4.343,0.0,0.0
180.5,4.362,0.0,0.0
178.0,4.325,0.0,0.0
176.25,4.3,0.0,0.0
178.9,4.441,0.0,0.0
177.5,4.448,0.0,0.0
178.75,4.476,0.0,0.0
178.0,4.498,0.0,0.0
177.75,4.42,0.0,0.0
178.5,4.482,0.0,0.0
178.5,4.368,0.0,0.0
177.25,4.413,0.0,0.0
176.25,4.321,0.0,0.0
177.0,4.312,0.0,0.0
176.75,4.24,0.0,0.0
177.75,4.293,0.0,0.0
177.25,4.278,0.0,0.0
177.25,4.277,0.0,0.0
177.25,4.334,0.0,0.0
175.6,4.235,0.0,0.0
173.65,4.14,0.0,0.0
172.6,4.106,0.0,0.0
174.0,4.149,0.0,0.0
173.1,4.105,0.0,0.0
172.5,4.125,0.0,0.0
171.9,4.182,0.0,0.0
167.5,4.099,0.0,0.0
164.0,4.085,0.0,0.0
166.5,4.181,0.0,0.0
167.5,4.236,0.0,0.0
170.25,4.328,0.0,0.0
165.6,4.287,0.0,0.0
165.5,4.264,0.0,0.0
168.0,4.253,0.0,0.0
167.2,4.321,0.0,0.0
166.1,4.307,0.0,0.0
166.5,4.324,0.0,0.0
167.05,4.38,0.0,0.0
167.0,4.426,0.0,0.0
166.0,4.3,0.0,0.0
165.5,4.369,0.0,0.0
163.5,4.304,0.0,0.0
164.0,4.364,0.0,0.0
165.25,4.44,0.0,0.0
166.25,4.514,0.0,0.0
165.75,4.505,0.0,0.0
165.4,4.57,0.0,0.0
165.5,4.547,0.0,0.0
166.75,4.639,0.0,0.0
166.0,4.535,0.0,0.0
165.75,4.453,0.0,0.0
167.75,4.622,0.0,0.0
166.9,4.601,0.0,0.0
168.5,4.559,0.0,0.0
174.75,4.742,0.0,0.0
173.4,4.72,0.0,0.0
172.0,4.711,0.0,0.0
171.0,4.608,0.0,0.0
168.25,4.57,0.0,0.0
167.0,4.53,0.0,0.0
161.75,4.43,0.0,0.0
165.25,4.463,0.0,0.0
165.75,4.465,0.0,0.0
164.5,4.427,0.0,0.0
165.25,4.414,0.0,0.0
165.35,4.457,0.0,0.0
165.9,4.577,0.0,0.0
164.75,4.538,0.0,0.0
165.5,4.554,0.0,0.0
164.35,4.481,0.0,0.0
164.0,4.486,0.0,0.0
164.0,4.466,0.0,0.0
163.75,4.489,0.0,0.0
162.85,4.46,0.0,0.0
162.5,4.453,0.0,0.0
162.4,4.481,0.0,0.0
162.4,4.462,0.0,0.0
164.0,4.526,0.0,0.0
164.0,4.532,0.0,0.0
164.5,4.517,0.0,0.0
166.25,4.571,0.0,0.0
166.5,4.583,0.0,0.0
165.0,4.538,0.0,0.0
164.0,4.51,0.0,0.0
164.25,4.556,0.0,0.0
162.5,4.522,0.0,0.0
164.0,4.515,0.0,0.0
165.85,4.639,0.0,0.0
163.25,4.644,0.0,0.0
165.3,4.572,0.0,0.0
166.75,4.691,0.0,0.0
165.0,4.626,0.0,0.0
164.1,4.641,0.0,0.0
164.1,4.628,0.0,0.0
164.0,4.597,0.0,0.0
164.25,4.627,0.0,0.0
165.25,4.743,0.0,0.0
164.25,4.657,0.0,0.0
164.85,4.696,0.0,0.0
166.25,4.815,0.0,0.0
167.0,4.859,0.0,0.0
168.4,5.134,0.0,0.0
167.25,5.139,0.0,0.0
166.7,5.003,0.0,0.0
166.75,5.0,0.0,0.0
166.5,5.144,0.0,0.0
166.05,5.12,0.0,0.0
164.85,5.05,0.0,0.0
165.3,5.162,0.0,0.0
164.35,5.211,0.0,0.0
161.9,4.975,0.0,0.0
163.5,4.966,0.0,0.0
162.3,5.06,0.0,0.0
161.8,4.941,0.0,0.0
162.1,4.81,0.0,0.0
161.7,4.898,0.0,0.0
161.35,4.768,0.0,0.0
162.7,4.849,0.0,0.0
161.9,4.849,0.0,0.0
161.95,4.849,0.0,0.0
161.85,4.844,0.0,0.0
161.4,4.666,0.0,0.0
161.9,4.742,0.0,0.0
159.8,4.634,0.0,0.0
155.0,4.533,0.0,0.0
149.25,4.417,0.0,0.0
150.35,4.496,0.0,0.0
153.25,4.554,0.0,0.0
153.25,4.477,0.0,0.0
152.25,4.507,0.0,0.0
148.5,4.394,0.0,0.0
149.9,4.57,0.0,0.0
147.65,4.53,0.0,0.0
148.0,4.509,0.0,0.0
148.25,4.582,0.0,0.0
147.1,4.559,0.0,0.0
142.9,4.487,0.0,0.0
139.5,4.559,0.0,0.0
135.5,4.479,0.0,0.0
136.6,4.453,0.0,0.0
128.75,4.402,0.0,0.0
132.75,4.461,0.0,0.0
134.5,4.483,0.0,0.0
136.3,4.471,0.0,0.0
139.25,4.475,0.0,0.0
141.25,4.441,0.0,0.0
143.5,4.504,0.0,0.0
144.65,4.545,0.0,0.0
138.9,4.462,0.0,0.0
140.75,4.464,0.0,0.0
142.5,4.435,0.0,0.0
139.3,4.422,0.0,0.0
140.0,4.296,0.0,0.0
142.25,4.334,0.0,0.0
142.0,4.306,0.0,0.0
140.5,4.272,0.0,0.0
142.75,4.317,0.0,0.0
143.25,4.294,0.0,0.0
144.9,4.353,0.0,0.0
144.75,4.35,0.0,0.0
146.25,4.402,0.0,0.0
144.5,4.322,0.0,0.0
144.15,4.335,0.0,0.0
143.5,4.267,0.0,0.0
142.9,4.207,0.0,0.0
142.7,4.184,0.0,0.0
142.75,4.204,0.0,0.0
143.75,4.239,0.0,0.0
142.9,4.186,0.0,0.0
143.25,4.201,0.0,0.0
144.0,4.256,0.0,0.0
145.9,4.305,0.0,0.0
145.9,4.438,0.0,0.0
144.6,4.387,0.0,0.0
144.2,4.424,0.0,0.0
144.25,4.454,0.0,0.0
143.85,4.393,0.0,0.0
143.85,4.381,0.0,0.0
142.0,4.363,0.0,0.0
142.0,4.333,0.0,0.0
139.25,4.306,0.0,0.0
141.75,4.329,0.0,0.0
142.4,4.318,0.0,0.0
141.35,4.276,0.0,0.0
140.6,4.253,0.0,0.0
141.4,4.312,0.0,0.0
140.6,4.243,0.0,0.0
139.0,4.219,0.0,0.0
138.15,4.226,0.0,0.0
137.9,4.123,0.0,0.0
139.3,4.12,0.0,0.0
139.45,4.146,0.0,0.0
138.85,4.1,0.0,0.0
138.0,4.032,0.0,0.0
137.25,4.03,0.0,0.0
137.25,3.928,0.0,0.0
139.4,4.01,0.0,0.0
140.2,4.002,0.0,0.0
138.7,4.017,0.0,0.0
138.15,3.96,0.0,0.0
138.8,3.995,0.0,0.0
138.85,4.03,0.0,0.0
138.9,4.06,0.0,0.0
139.1,4.05,0.0,0.0
142.4,4.2,0.0,0.0
140.8,4.243,0.0,0.0
0.0,4.226,0.0,0.0
141.75,4.246,0.0,0.0
140.75,4.174,0.0,0.0
140.25,4.179,0.0,0.0
140.35,4.164,0.0,0.0
138.6,4.2,0.0,0.0
139.0,4.247,0.0,0.0
138.35,4.271,0.0,0.0
135.8,4.273,0.0,0.0
136.55,4.23,0.0,0.0
136.65,4.228,0.0,0.0
132.0,4.238,0.0,0.0
130.35,4.098,0.0,0.0
132.5,4.137,0.0,0.0
130.8,3.982,0.0,0.0
128.9,4.029,0.0,0.0
124.6,3.855,0.0,0.0
124.9,3.83,0.0,0.0
126.15,3.895,0.0,0.0
129.0,3.98,0.0,0.0
125.65,3.898,0.0,0.0
126.25,3.895,0.0,0.0
128.1,3.939,0.0,0.0
128.6,4.0,0.0,0.0
128.15,4.01,0.0,0.0
130.4,3.994,0.0,0.0
131.7,4.033,0.0,0.0
129.75,3.95,0.0,0.0
128.75,3.943,0.0,0.0
130.6,3.989,0.0,0.0
130.1,3.997,0.0,0.0
129.5,3.954,0.0,0.0
130.85,4.078,0.0,0.0
131.3,4.088,0.0,0.0
131.1,4.096,0.0,0.0
131.25,4.107,0.0,0.0
130.15,4.059,0.0,0.0
131.2,4.122,0.0,0.0
131.0,4.119,0.0,0.0
131.75,4.229,0.0,0.0
131.65,4.172,0.0,0.0
132.45,4.24,0.0,0.0
133.4,4.258,0.0,0.0
132.2,4.164,0.0,0.0
132.3,4.162,0.0,0.0
132.3,4.193,0.0,0.0
131.4,4.145,0.0,0.0
132.25,4.162,0.0,0.0
132.25,4.158,0.0,0.0
133.7,4.229,0.0,0.0
132.75,4.263,0.0,0.0
132.9,4.228,0.0,0.0
133.9,4.299,0.0,0.0
133.65,4.281,0.0,0.0
133.35,4.258,0.0,0.0
133.8,4.282,0.0,0.0
132.5,4.218,0.0,0.0
133.35,4.198,0.0,0.0
134.25,4.257,0.0,0.0
133.6,4.224,0.0,0.0
133.75,4.227,0.0,0.0
133.1,4.201,0.0,0.0
133.6,4.203,0.0,0.0
132.7,4.169,0.0,0.0
131.8,4.13,0.0,0.0
130.1,4.066,0.0,0.0
128.7,4.029,0.0,0.0
129.6,4.106,0.0,0.0
129.2,4.121,0.0,0.0
129.1,4.154,0.0,0.0
127.25,4.086,0.0,0.0
128.3,4.137,0.0,0.0
127.7,4.17,0.0,0.0
128.2,4.266,0.0,0.0
127.7,4.28,0.0,0.0
127.2,4.268,0.0,0.0
128.1,4.445,0.0,0.0
127.7,4.385,0.0,0.0
127.75,4.4,0.0,0.0
127.85,4.55,0.0,0.0
127.25,4.46,0.0,0.0
127.3,4.444,0.0,0.0
127.4,4.414,0.0,0.0
127.8,4.398,0.0,0.0
128.7,4.565,0.0,0.0
128.0,4.509,0.0,0.0
127.9,4.432,0.0,0.0
128.4,4.43,0.0,0.0
128.35,4.414,0.0,0.0
127.75,4.384,0.0,0.0
127.25,4.359,0.0,0.0
126.9,4.379,0.0,0.0
128.25,4.47,0.0,0.0
128.45,4.563,0.0,0.0
127.85,4.474,0.0,0.0
127.9,4.531,0.0,0.0
127.7,4.548,0.0,0.0
127.7,4.471,0.0,0.0
127.7,4.508,0.0,0.0
127.5,4.419,0.0,0.0
126.8,4.438,0.0,0.0
125.65,4.378,0.0,0.0
125.8,4.456,0.0,0.0
125.2,4.382,0.0,0.0
124.5,4.504,0.0,0.0
125.75,4.508,0.0,0.0
126.2,4.669,0.0,0.0
125.5,4.62,0.0,0.0
126.65,4.677,0.0,0.0
126.9,4.649,0.0,0.0
127.2,4.637,0.0,0.0
126.6,4.657,0.0,0.0
127.1,4.63,0.0,0.0
127.4,4.807,0.0,0.0
127.0,4.764,0.0,0.0
126.65,4.852,0.0,0.0
125.5,4.924,0.0,0.0
125.8,4.941,0.0,0.0
125.7,4.914,0.0,0.0
125.0,4.806,0.0,0.0
125.8,4.833,0.0,0.0
125.85,4.847,0.0,0.0
125.8,4.785,0.0,0.0
125.2,4.856,0.0,0.0
124.7,4.886,0.0,0.0
124.5,4.777,0.0,0.0
124.85,4.773,0.0,0.0
123.9,4.707,0.0,0.0
123.7,4.7,0.0,0.0
123.8,4.833,0.0,0.0
122.9,4.818,0.0,0.0
123.25,4.962,0.0,0.0
123.15,4.986,0.0,0.0
123.3,5.043,0.0,0.0
123.3,5.084,0.0,0.0
123.1,5.002,0.0,0.0
122.5,5.025,0.0,0.0
121.85,4.974,0.0,0.0
122.25,4.815,0.0,0.0
122.2,4.879,0.0,0.0
121.4,4.956,0.0,0.0
117.85,4.821,0.0,0.0
114.15,4.715,0.0,0.0
107.75,4.438,0.0,0.0
113.0,4.541,0.0,0.0
111.75,4.509,0.0,0.0
111.0,4.499,0.0,0.0
113.0,4.536,0.0,0.0
114.15,4.535,0.0,0.0
114.0,4.602,0.0,0.0
112.25,4.56,0.0,0.0
112.5,4.543,0.0,0.0
111.9,4.471,0.0,0.0
111.6,4.25,0.0,0.0
113.4,4.387,0.0,0.0
112.6,4.342,0.0,0.0
112.8,4.23,0.0,0.0
112.7,4.162,0.0,0.0
113.4,4.2,0.0,0.0
113.55,4.29,0.0,0.0
113.2,4.274,0.0,0.0
113.4,4.319,0.0,0.0
113.15,4.329,0.0,0.0
112.15,4.301,0.0,0.0
108.1,4.194,0.0,0.0
109.45,4.272,0.0,0.0
109.0,4.35,0.0,0.0
106.6,4.268,0.0,0.0
104.8,4.228,0.0,0.0
103.5,4.105,0.0,0.0
105.0,4.194,0.0,0.0
104.2,4.21,0.0,0.0
104.0,4.105,0.0,0.0
105.7,4.088,0.0,0.0
106.1,4.291,0.0,0.0
107.4,4.285,0.0,0.0
113.65,4.351,0.0,0.0
110.75,4.36,0.0,0.0
111.6,4.445,0.0,0.0
112.0,4.274,0.0,0.0
115.7,4.29,0.0,0.0
114.4,4.183,0.0,0.0
111.6,4.151,0.0,0.0
111.25,4.174,0.0,0.0
114.0,4.284,0.0,0.0
119.5,4.256,0.0,0.0
115.4,4.233,0.0,0.0
119.9,4.339,0.0,0.0
118.0,4.337,0.0,0.0
117.75,4.378,0.0,0.0
119.15,4.377,0.0,0.0
118.9,4.429,0.0,0.0
116.25,4.37,0.0,0.0
116.2,4.37,0.0,0.0
116.0,4.39,0.0,0.0
116.0,4.36,0.0,0.0
114.35,4.309,0.0,0.0
114.45,4.343,0.0,0.0
115.25,4.307,0.0,0.0
115.5,4.295,0.0,0.0
114.0,4.244,0.0,0.0
114.5,4.131,0.0,0.0
114.7,4.177,0.0,0.0
114.65,4.212,0.0,0.0
114.85,4.208,0.0,0.0
115.7,4.162,0.0,0.0
116.2,4.202,0.0,0.0
115.4,4.195,0.0,0.0
114.9,4.181,0.0,0.0
116.0,4.2,0.0,0.0
115.5,4.205,0.0,0.0
115.85,4.147,0.0,0.0
117.45,4.155,0.0,0.0
117.85,4.151,0.0,0.0
122.75,4.28,0.0,0.0
123.15,4.271,0.0,0.0
122.6,4.299,0.0,0.0
122.5,4.295,0.0,0.0
125.85,4.355,0.0,0.0
124.0,4.294,0.0,0.0
127.0,4.362,0.0,0.0
131.5,4.387,0.0,0.0
130.55,4.325,0.0,0.0
136.25,4.444,0.0,0.0
133.2,4.462,0.0,0.0
135.6,4.447,0.0,0.0
138.85,4.57,0.0,0.0
133.2,4.366,0.0,0.0
131.25,4.342,0.0,0.0
128.65,4.309,0.0,0.0
130.2,4.336,0.0,0.0
133.9,4.379,0.0,0.0
133.45,4.39,0.0,0.0
130.75,4.348,0.0,0.0
130.75,4.34,0.0,0.0
130.25,4.318,0.0,0.0
129.65,4.252,0.0,0.0
130.25,4.28,0.0,0.0
130.5,4.242,0.0,0.0
130.85,4.331,0.0,0.0
131.05,4.306,0.0,0.0
134.0,4.371,0.0,0.0
134.85,4.364,0.0,0.0
135.65,4.344,0.0,0.0
136.5,4.389,0.0,0.0
137.65,4.365,0.0,0.0
135.4,4.341,0.0,0.0
134.6,4.332,0.0,0.0
134.8,4.377,0.0,0.0
134.4,4.342,0.0,0.0
131.9,4.334,0.0,0.0
132.35,4.315,0.0,0.0
133.6,4.325,0.0,0.0
133.6,4.35,0.0,0.0
132.35,4.313,0.0,0.0
0.0,4.321,0.0,0.0
134.25,4.352,0.0,0.0
134.75,4.368,0.0,0.0
134.5,4.355,0.0,0.0
135.7,4.426,0.0,0.0
133.05,4.391,0.0,0.0
132.6,4.386,0.0,0.0
132.8,4.398,0.0,0.0
131.0,4.382,0.0,0.0
129.75,4.313,0.0,0.0
130.5,4.331,0.0,0.0
132.2,4.343,0.0,0.0
131.45,4.332,0.0,0.0
131.58,4.349,0.0,0.0
132.8,4.381,0.0,0.0
132.7,4.361,0.0,0.0
133.1,4.415,0.0,0.0
132.2,4.399,0.0,0.0
132.3,4.434,0.0,0.0
133.5,4.48,0.0,0.0
132.15,4.48,0.0,0.0
132.3,4.534,0.0,0.0
131.3,4.464,0.0,0.0
132.3,4.446,0.0,0.0
132.6,4.469,0.0,0.0
132.1,4.446,0.0,0.0
133.0,4.5,0.0,0.0
132.45,4.476,0.0,0.0
134.25,4.532,0.0,0.0
134.7,4.505,0.0,0.0
136.1,4.544,0.0,0.0
135.85,4.509,0.0,0.0
135.0,4.473,0.0,0.0
136.45,4.497,0.0,0.0
135.9,4.495,0.0,0.0
135.9,4.5,0.0,0.0
136.4,4.521,0.0,0.0
136.6,4.534,0.0,0.0
137.5,4.55,0.0,0.0
138.1,4.561,0.0,0.0
139.15,4.546,0.0,0.0
141.25,4.653,0.0,0.0
139.93,4.595,0.0,0.0
142.75,4.733,0.0,0.0
141.4,4.718,0.0,0.0
145.05,4.8,0.0,0.0
144.7,4.799,0.0,0.0
145.4,4.771,0.0,0.0
148.3,4.885,0.0,0.0
148.25,4.87,0.0,0.0
145.9,4.808,0.0,0.0
147.05,4.834,0.0,0.0
146.3,4.808,0.0,0.0
145.75,4.821,0.0,0.0
146.45,4.818,0.0,0.0
147.5,4.889,0.0,0.0
148.9,4.885,0.0,0.0
150.05,4.919,0.0,0.0
152.0,4.945,0.0,0.0
150.4,4.956,0.0,0.0
152.8,4.973,0.0,0.0
152.75,4.952,0.0,0.0
153.55,4.975,0.0,0.0
150.0,4.873,0.0,0.0
148.4,4.763,0.0,0.0
149.45,4.83,0.0,0.0
148.9,4.829,0.0,0.0
148.3,4.836,0.0,0.0
150.3,4.888,0.0,0.0
148.65,4.819,0.0,0.0
148.6,4.703,0.0,0.0
148.7,4.75,0.0,0.0
149.7,4.773,0.0,0.0
152.2,4.801,0.0,0.0
152.05,4.8,0.0,0.0
150.65,4.785,0.0,0.0
151.0,4.828,0.0,0.0
150.45,4.851,0.0,0.0
149.5,4.801,0.0,0.0
148.1,4.798,0.0,0.0
149.7,4.856,0.0,0.0
148.75,4.822,0.0,0.0
147.15,4.729,0.0,0.0
147.5,4.777,0.0,0.0
145.6,4.726,0.0,0.0
147.25,4.713,0.0,0.0
148.35,4.774,0.0,0.0
148.25,4.783,0.0,0.0
148.1,4.779,0.0,0.0
146.95,4.719,0.0,0.0
148.25,4.74,0.0,0.0
147.3,4.744,0.0,0.0
147.5,4.739,0.0,0.0
147.7,4.767,0.0,0.0
147.2,4.736,0.0,0.0
148.15,4.79,0.0,0.0
147.65,4.768,0.0,0.0
147.8,4.768,0.0,0.0
146.9,4.727,0.0,0.0
146.85,4.693,0.0,0.0
147.35,4.725,0.0,0.0
146.5,4.649,0.0,0.0
144.8,4.61,0.0,0.0
144.75,4.62,0.0,0.0
143.7,4.536,0.0,0.0
144.4,4.606,0.0,0.0
143.9,4.569,0.0,0.0
142.95,4.561,0.0,0.0
143.85,4.585,0.0,0.0
141.95,4.577,0.0,0.0
141.45,4.549,0.0,0.0
142.3,4.54,0.0,0.0
140.6,4.433,0.0,0.0
140.0,4.386,0.0,0.0
138.4,4.418,0.0,0.0
137.1,4.333,0.0,0.0
138.9,4.369,0.0,0.0
139.85,4.436,0.0,0.0
138.75,4.395,0.0,0.0
139.85,4.467,0.0,0.0
141.3,4.5,0.0,0.0
139.45,4.421,0.0,0.0
140.15,4.45,0.0,0.0
140.8,4.461,0.0,0.0
142.5,4.5,0.0,0.0
143.0,4.51,0.0,0.0
142.35,4.51,0.0,0.0
143.0,4.507,0.0,0.0
142.55,4.523,0.0,0.0
140.5,4.43,0.0,0.0
141.25,4.454,0.0,0.0
140.55,4.436,0.0,0.0
141.45,4.461,0.0,0.0
142.05,4.449,0.0,0.0
140.9,4.467,0.0,0.0
141.8,4.484,0.0,0.0
142.8,4.5,0.0,0.0
143.85,4.529,0.0,0.0
144.6,4.562,0.0,0.0
143.55,4.545,0.0,0.0
145.5,4.58,0.0,0.0
144.9,4.585,0.0,0.0
144.0,4.57,0.0,0.0
144.7,4.568,0.0,0.0
146.4,4.624,0.0,0.0
145.65,4.626,0.0,0.0
145.8,4.6,0.0,0.0
144.35,4.582,0.0,0.0
144.1,4.52,0.0,0.0
144.2,4.514,0.0,0.0
145.8,4.527,0.0,0.0
146.0,4.554,0.0,0.0
146.75,4.582,0.0,0.0
145.45,4.55,0.0,0.0
145.8,4.565,0.0,0.0
146.5,4.571,0.0,0.0
145.85,4.555,0.0,0.0
145.35,4.556,0.0,0.0
144.9,4.513,0.0,0.0
144.15,4.423,0.0,0.0
143.3,4.368,0.0,0.0
143.7,4.411,0.0,0.0
143.55,4.379,0.0,0.0
144.5,4.429,0.0,0.0
144.1,4.404,0.0,0.0
143.4,4.364,0.0,0.0
144.25,4.407,0.0,0.0
144.2,4.399,0.0,0.0
145.0,4.397,0.0,0.0
146.15,4.419,0.0,0.0
146.0,4.448,0.0,0.0
145.43,4.47,0.0,0.0
146.4,4.467,0.0,0.0
147.85,4.518,0.0,0.0
147.3,4.512,0.0,0.0
147.65,4.478,0.0,0.0
147.5,4.51,0.0,0.0
147.45,4.447,0.0,0.0
148.3,4.495,0.0,0.0
147.5,4.46,0.0,0.0
147.9,4.448,0.0,0.0
147.9,4.474,0.0,0.0
148.3,4.491,0.0,0.0
149.75,4.563,0.0,0.0
149.9,4.546,0.0,0.0
151.3,4.606,0.0,0.0
151.6,4.621,0.0,0.0
150.9,4.586,0.0,0.0
153.0,4.595,0.0,0.0
152.7,4.61,0.0,0.0
153.85,4.62,0.0,0.0
153.0,4.618,0.0,0.0
154.05,4.645,0.0,0.0
155.45,4.656,0.0,0.0
154.85,4.642,0.0,0.0
155.05,4.666,0.0,0.0
154.0,4.635,0.0,0.0
153.95,4.639,0.0,0.0
157.15,4.664,0.0,0.0
156.85,4.715,0.0,0.0
157.75,4.753,0.0,0.0
157.95,4.757,0.0,0.0
157.8,4.753,0.0,0.0
160.2,4.823,0.0,0.0
160.3,4.809,0.0,0.0
161.6,4.84,0.0,0.0
160.1,4.771,0.0,0.0
161.2,4.806,0.0,0.0
163.25,4.827,0.0,0.0
162.85,4.864,0.0,0.0
162.9,4.877,0.0,0.0
160.15,4.804,0.0,0.0
161.2,4.812,0.0,0.0
161.5,4.852,0.0,0.0
162.5,4.875,0.0,0.0
161.5,4.836,0.0,0.0
164.25,4.836,0.0,0.0
165.9,4.886,0.0,0.0
166.4,4.929,0.0,0.0
164.8,4.874,0.0,0.0
167.5,4.965,0.0,0.0
166.9,4.941,0.0,0.0
167.95,4.968,0.0,0.0
165.2,4.908,0.0,0.0
162.65,4.797,0.0,0.0
160.25,4.806,0.0,0.0
158.65,4.816,0.0,0.0
160.85,4.843,0.0,0.0
157.7,4.793,0.0,0.0
156.15,4.703,0.0,0.0
159.3,4.744,0.0,0.0
158.9,4.729,0.0,0.0
158.0,4.715,0.0,0.0
161.6,4.791,0.0,0.0
159.2,4.728,0.0,0.0
160.05,4.742,0.0,0.0
160.3,4.779,0.0,0.0
158.75,4.7,0.0,0.0
159.5,4.714,0.0,0.0
159.85,4.78,0.0,0.0
160.3,4.74,0.0,0.0
160.9,4.766,0.0,0.0
158.55,4.76,0.0,0.0
158.8,4.74,0.0,0.0
157.6,4.663,0.0,0.0
160.1,4.719,0.0,0.0
158.85,4.678,0.0,0.0
160.0,4.675,0.0,0.0
160.1,4.682,0.0,0.0
159.5,4.669,0.0,0.0
160.3,4.721,0.0,0.0
159.4,4.662,0.0,0.0
0.0,4.7,0.0,0.0
164.8,4.756,0.0,0.0
166.0,4.798,0.0,0.0
164.95,4.756,0.0,0.0
169.2,4.87,0.0,0.0
171.85,4.97,0.0,0.0
165.7,4.818,0.0,0.0
169.9,4.861,0.0,0.0
170.25,4.866,0.0,0.0
173.1,4.964,0.0,0.0
172.15,4.942,0.0,0.0
173.55,4.977,0.0,0.0
172.45,4.915,0.0,0.0
174.9,4.99,0.0,0.0
172.95,4.968,0.0,0.0
171.95,4.926,0.0,0.0
173.45,4.925,0.0,0.0
173.05,4.922,0.0,0.0
175.2,4.937,0.0,0.0
176.45,5.052,0.0,0.0
177.5,5.024,0.0,0.0
175.8,4.996,0.0,0.0
176.4,4.993,0.0,0.0
175.2,4.956,0.0,0.0
175.75,4.95,0.0,0.0
176.4,5.0,0.0,0.0
174.85,4.937,0.0,0.0
175.25,4.901,0.0,0.0
175.6,4.918,0.0,0.0
175.2,4.905,0.0,0.0
174.7,4.883,0.0,0.0
172.85,4.851,0.0,0.0
174.6,4.896,0.0,0.0
177.0,4.931,0.0,0.0
177.4,4.953,0.0,0.0
178.6,4.946,0.0,0.0
179.35,4.996,0.0,0.0
179.45,5.02,0.0,0.0
182.25,5.052,0.0,0.0
181.45,5.041,0.0,0.0
181.15,5.034,0.0,0.0
183.2,5.036,0.0,0.0
180.75,5.03,0.0,0.0
180.8,4.951,0.0,0.0
182.25,4.969,0.0,0.0
182.5,5.007,0.0,0.0
184.25,4.985,0.0,0.0
183.45,5.004,0.0,0.0
184.4,5.001,0.0,0.0
186.25,5.076,0.0,0.0
190.0,5.321,0.0,0.0
188.3,5.292,0.0,0.0
185.9,5.235,0.0,0.0
186.5,5.308,0.0,0.0
188.05,5.479,0.0,0.0
186.35,5.429,0.0,0.0
184.25,5.417,0.0,0.0
183.2,5.454,0.0,0.0
181.0,5.294,0.0,0.0
177.3,5.17,0.0,0.0
179.35,5.247,0.0,0.0
179.3,5.276,0.0,0.0
183.8,5.407,0.0,0.0
181.4,5.373,0.0,0.0
179.75,5.292,0.0,0.0
181.6,5.345,0.0,0.0
183.4,5.417,0.0,0.0
180.5,5.354,0.0,0.0
178.4,5.272,0.0,0.0
181.0,5.334,0.0,0.0
179.1,5.247,0.0,0.0
178.7,5.252,0.0,0.0
179.6,5.275,0.0,0.0
180.0,5.313,0.0,0.0
178.6,5.261,0.0,0.0
178.5,5.219,0.0,0.0
174.3,5.141,0.0,0.0
173.5,5.074,0.0,0.0
174.65,5.114,0.0,0.0
168.55,4.986,0.0,0.0
170.9,5.035,0.0,0.0
168.5,4.98,0.0,0.0
167.65,4.916,0.0,0.0
168.9,4.97,0.0,0.0
169.9,4.998,0.0,0.0
170.85,4.998,0.0,0.0
168.9,4.977,0.0,0.0
170.45,5.046,0.0,0.0
173.3,5.081,0.0,0.0
172.8,5.087,0.0,0.0
172.2,5.051,0.0,0.0
172.7,5.046,0.0,0.0
173.95,5.061,0.0,0.0
175.35,5.122,0.0,0.0
174.7,5.088,0.0,0.0
175.25,5.07,0.0,0.0
175.8,5.1,0.0,0.0
177.5,5.115,0.0,0.0
177.9,5.143,0.0,0.0
178.8,5.201,0.0,0.0
179.2,5.208,0.0,0.0
179.75,5.191,0.0,0.0
179.4,5.181,0.0,0.0
178.6,5.167,0.0,0.0
179.45,5.211,0.0,0.0
182.3,5.36,0.0,0.0
184.15,5.466,0.0,0.0
183.0,5.401,0.0,0.0
184.75,5.45,0.0,0.0
183.05,5.342,0.0,0.0
181.05,5.301,0.0,0.0
182.95,5.353,0.0,0.0
182.6,5.304,0.0,0.0
181.3,5.261,0.0,0.0
180.55,5.245,0.0,0.0
182.35,5.265,0.0,0.0
183.7,5.329,0.0,0.0
182.15,5.258,0.0,0.0
184.6,5.331,0.0,0.0
184.6,5.319,0.0,0.0
186.5,5.405,0.0,0.0
186.35,5.372,0.0,0.0
185.3,5.321,0.0,0.0
185.55,5.33,0.0,0.0
185.25,5.33,0.0,0.0
184.25,5.341,0.0,0.0
185.35,5.373,0.0,0.0
184.3,5.343,0.0,0.0
183.05,5.277,0.0,0.0
183.25,5.272,0.0,0.0
184.4,5.304,0.0,0.0
184.2,5.299,0.0,0.0
182.75,5.267,0.0,0.0
183.95,5.236,0.0,0.0
186.05,5.282,0.0,0.0
185.5,5.287,0.0,0.0
186.3,5.292,0.0,0.0
186.7,5.324,0.0,0.0
186.0,5.286,0.0,0.0
185.05,5.251,0.0,0.0
184.85,5.237,0.0,0.0
185.7,5.242,0.0,0.0
188.4,5.303,0.0,0.0
191.75,5.413,0.0,0.0
195.2,5.536,0.0,0.0
193.3,5.456,0.0,0.0
194.3,5.5,0.0,0.0
194.05,5.454,0.0,0.0
201.3,5.598,0.0,0.0
200.25,5.573,0.0,0.0
205.1,5.716,0.0,0.0
203.25,5.599,0.0,0.0
202.2,5.552,0.0,0.0
201.55,5.52,0.0,0.0
204.05,5.576,0.0,0.0
206.95,5.581,0.0,0.0
207.95,5.581,0.0,0.0
206.5,5.491,0.0,0.0
211.15,5.629,0.0,0.0
213.5,5.675,0.0,0.0
213.2,5.743,0.0,0.0
215.75,5.66,0.0,0.0
209.0,5.525,0.0,0.0
211.75,5.542,0.0,0.0
204.9,5.407,0.0,0.0
207.4,5.457,0.0,0.0
200.2,5.353,0.0,0.0
203.0,5.451,0.0,0.0
198.0,5.397,0.0,0.0
199.7,5.435,0.0,0.0
204.8,5.53,0.0,0.0
208.7,5.531,0.0,0.0
208.0,5.519,0.0,0.0
211.5,5.586,0.0,0.0
209.45,5.562,0.0,0.0
212.0,5.561,0.0,0.0
210.5,5.522,0.0,0.0
205.9,5.496,0.0,0.0
205.65,5.471,0.0,0.0
208.0,5.499,0.0,0.0
209.7,5.519,0.0,0.0
209.25,5.601,0.0,0.0
212.15,5.571,0.0,0.0
210.0,5.551,0.0,0.0
211.45,5.6,0.0,0.0
213.6,5.648,0.0,0.0
215.65,5.678,0.0,0.0
214.35,5.62,0.0,0.0
218.4,5.693,0.0,0.0
218.25,5.73,0.0,0.0
214.8,5.658,0.0,0.0
217.9,5.676,0.0,0.0
217.1,5.668,0.0,0.0
217.1,5.673,0.0,0.0
221.4,5.767,0.0,0.0
223.5,5.853,0.0,0.0
222.7,5.844,0.0,0.0
223.1,5.837,0.0,0.0
222.45,5.796,0.0,0.0
225.3,5.989,0.0,0.0
226.3,5.975,0.0,0.0
225.55,6.013,0.0,0.0
224.5,5.931,0.0,0.0
223.4,5.892,0.0,0.0
227.75,5.968,0.0,0.0
229.0,5.989,0.0,0.0
225.65,5.919,0.0,0.0
227.95,5.925,0.0,0.0
226.75,5.914,0.0,0.0
225.8,5.829,0.0,0.0
230.9,5.936,0.0,0.0
233.7,6.111,0.0,0.0
234.5,6.115,0.0,0.0
242.75,6.249,0.0,0.0
242.6,6.264,0.0,0.0
227.5,6.134,0.0,0.0
221.5,5.854,0.0,0.0
215.2,5.806,0.0,0.0
210.0,5.775,0.0,0.0
216.35,5.856,0.0,0.0
218.8,5.887,0.0,0.0
213.7,5.815,0.0,0.0
206.25,5.727,0.0,0.0
208.1,5.72,0.0,0.0
211.0,5.858,0.0,0.0
204.15,5.773,0.0,0.0
196.3,5.671,0.0,0.0
197.95,5.775,0.0,0.0
198.85,5.925,0.0,0.0
200.2,5.928,0.0,0.0
199.0,5.947,0.0,0.0
202.5,5.984,0.0,0.0
202.7,6.037,0.0,0.0
198.4,6.016,0.0,0.0
196.15,5.97,0.0,0.0
195.6,5.897,0.0,0.0
193.4,5.908,0.0,0.0
194.65,5.949,0.0,0.0
199.25,5.942,0.0,0.0
196.4,5.865,0.0,0.0
196.25,5.841,0.0,0.0
198.3,5.857,0.0,0.0
202.0,5.858,0.0,0.0
207.0,5.899,0.0,0.0
201.9,5.844,0.0,0.0
202.85,5.854,0.0,0.0
204.0,5.869,0.0,0.0
205.6,5.88,0.0,0.0
212.9,5.98,0.0,0.0
216.3,6.025,0.0,0.0
216.6,5.981,0.0,0.0
212.6,5.943,0.0,0.0
215.1,5.953,0.0,0.0
220.5,5.989,0.0,0.0
220.65,6.028,0.0,0.0
226.0,6.021,0.0,0.0
226.8,6.083,0.0,0.0
218.6,5.989,0.0,0.0
223.15,5.982,0.0,0.0
225.5,5.984,0.0,0.0
223.1,6.009,0.0,0.0
224.0,6.019,0.0,0.0
220.7,5.98,0.0,0.0
220.65,5.993,0.0,0.0
217.6,5.935,0.0,0.0
216.85,5.942,0.0,0.0
220.65,6.042,0.0,0.0
227.25,6.196,0.0,0.0
231.75,6.209,0.0,0.0
230.55,6.242,0.0,0.0
235.0,6.331,0.0,0.0
230.0,6.276,0.0,0.0
236.1,6.41,0.0,0.0
233.85,6.532,0.0,0.0
235.45,6.548,0.0,0.0
235.2,6.607,0.0,0.0
233.5,6.595,0.0,0.0
233.7,6.711,0.0,0.0
229.35,6.644,0.0,0.0
230.3,6.615,0.0,0.0
243.1,7.078,0.0,0.0
244.5,7.062,0.0,0.0
251.6,7.307,0.0,0.0
250.5,7.515,0.0,0.0
246.75,7.004,0.0,0.0
244.25,7.365,0.0,0.0
240.6,7.118,0.0,0.0
240.65,6.951,0.0,0.0
247.75,7.265,0.0,0.0
247.05,7.35,0.0,0.0
248.1,7.69,0.0,0.0
247.0,7.687,0.0,0.0
250.75,7.85,0.0,0.0
252.35,7.801,0.0,0.0
251.0,7.718,0.0,0.0
248.6,7.751,0.0,0.0
247.9,7.503,0.0,0.0
251.3,7.689,0.0,0.0
248.8,7.624,0.0,0.0
248.0,7.686,0.0,0.0
238.15,7.368,0.0,0.0
239.75,7.392,0.0,0.0
242.25,7.377,0.0,0.0
239.2,7.226,0.0,0.0
241.0,7.247,0.0,0.0
240.0,7.264,0.0,0.0
239.1,7.126,0.0,0.0
239.5,7.163,0.0,0.0
240.1,7.141,0.0,0.0
244.0,7.345,0.0,0.0
242.25,7.354,0.0,0.0
242.1,7.324,0.0,0.0
239.9,7.375,0.0,0.0
242.85,7.581,0.0,0.0
242.5,7.555,0.0,0.0
245.25,7.669,0.0,0.0
244.35,7.726,0.0,0.0
244.4,7.639,0.0,0.0
241.5,7.505,0.0,0.0
240.1,7.453,0.0,0.0
239.7,7.461,0.0,0.0
240.0,7.43,0.0,0.0
239.75,7.331,0.0,0.0
240.65,7.391,0.0,0.0
239.75,7.393,0.0,0.0
240.2,7.491,0.0,0.0
239.75,7.578,0.0,0.0
238.35,7.52,0.0,0.0
233.95,7.386,0.0,0.0
231.9,7.34,0.0,0.0
233.2,7.391,0.0,0.0
240.9,7.52,0.0,0.0
236.4,7.371,0.0,0.0
236.85,7.355,0.0,0.0
239.7,7.446,0.0,0.0
241.8,7.443,0.0,0.0
242.2,7.509,0.0,0.0
243.7,7.57,0.0,0.0
245.3,7.651,0.0,0.0
247.3,8.02,0.0,0.0
246.3,7.886,0.0,0.0
246.5,7.926,0.0,0.0
248.45,8.009,0.0,0.0
248.95,8.284,0.0,0.0
247.95,8.118,0.0,0.0
252.25,8.375,0.0,0.0
251.5,8.352,0.0,0.0
251.0,8.268,0.0,0.0
255.5,8.468,0.0,0.0
256.5,8.425,0.0,0.0
256.8,8.39,0.0,0.0
256.4,8.331,0.0,0.0
262.0,8.431,0.0,0.0
265.4,8.54,0.0,0.0
264.15,8.6,0.0,0.0
263.75,8.588,0.0,0.0
270.6,8.741,0.0,0.0
273.8,8.946,0.0,0.0
270.25,8.67,0.0,0.0
274.6,8.772,0.0,0.0
275.1,8.634,0.0,0.0
272.9,8.43,0.0,0.0
274.75,8.494,0.0,0.0
280.0,8.638,0.0,0.0
276.05,8.446,0.0,0.0
280.0,8.491,0.0,0.0
282.35,8.624,0.0,0.0
277.75,8.448,0.0,0.0
276.6,8.294,0.0,0.0
279.0,8.42,0.0,0.0
280.0,8.48,0.0,0.0
278.0,8.481,0.0,0.0
280.3,8.45,0.0,0.0
281.35,8.65,0.0,0.0
282.3,8.673,0.0,0.0
283.45,8.755,0.0,0.0
283.85,8.823,0.0,0.0
281.45,8.639,0.0,0.0
281.8,8.632,0.0,0.0
275.9,8.528,0.0,0.0
277.5,8.536,0.0,0.0
282.5,8.697,0.0,0.0
281.35,8.602,0.0,0.0
283.5,8.745,0.0,0.0
288.25,8.838,0.0,0.0
290.25,8.931,0.0,0.0
287.85,8.892,0.0,0.0
290.5,9.042,0.0,0.0
290.3,9.12,0.0,0.0
290.75,9.185,0.0,0.0
287.45,8.922,0.0,0.0
292.8,9.069,0.0,0.0
296.3,9.401,0.0,0.0
302.15,9.564,0.0,0.0
299.15,9.352,0.0,0.0
298.75,9.303,0.0,0.0
304.9,9.561,0.0,0.0
305.25,9.582,0.0,0.0
303.35,9.365,0.0,0.0
305.2,9.485,0.0,0.0
305.8,9.501,0.0,0.0
301.4,9.332,0.0,0.0
296.45,9.083,0.0,0.0
290.1,9.095,0.0,0.0
291.5,9.125,0.0,0.0
286.5,9.002,0.0,0.0
282.7,8.86,0.0,0.0
285.1,8.782,0.0,0.0
289.0,8.795,0.0,0.0
297.1,9.006,0.0,0.0
303.75,9.131,0.0,0.0
298.75,9.089,0.0,0.0
292.0,8.837,0.0,0.0
301.85,9.088,0.0,0.0
297.85,9.065,0.0,0.0
300.55,9.247,0.0,0.0
298.75,9.149,0.0,0.0
300.5,9.159,0.0,0.0
311.0,9.514,0.0,0.0
310.05,9.496,0.0,0.0
314.75,9.756,0.0,0.0
316.75,9.949,0.0,0.0
315.2,10.082,0.0,0.0
319.15,10.386,0.0,0.0
315.1,10.32,0.0,0.0
322.9,10.905,0.0,0.0
325.0,10.948,0.0,0.0
329.0,11.48,0.0,0.0
335.5,12.548,0.0,0.0
329.15,11.722,0.0,0.0
336.3,12.2,0.0,0.0
339.5,12.21,0.0,0.0
337.1,12.285,0.0,0.0
332.95,11.941,0.0,0.0
345.8,13.0,0.0,0.0
351.75,13.4,0.0,0.0
375.75,18.303,0.0,0.0
369.0,15.48,0.0,0.0
380.0,16.5,0.0,0.0
369.0,14.039,0.0,0.0
380.4,16.0,0.0,0.0
376.7,14.75,0.0,0.0
373.75,14.72,0.0,0.0
395.5,16.31,0.0,0.0
397.25,16.25,0.0,0.0
414.75,17.09,0.0,0.0
426.0,18.1,0.0,0.0
402.0,17.0,0.0,0.0
384.0,14.9,0.0,0.0
385.0,15.3,0.0,0.0
372.0,15.3,0.0,0.0
385.8,16.2,0.0,0.0
413.0,16.9,0.0,0.0
401.5,16.745,0.0,0.0
395.0,16.975,0.0,0.0
402.9,17.74,0.0,0.0
394.25,17.464,0.0,0.0
386.0,16.8,0.0,0.0
380.5,16.21,0.0,0.0
393.0,17.313,0.0,0.0
392.0,17.45,0.0,0.0
385.0,17.016,0.0,0.0
395.0,17.21,0.0,0.0
391.8,17.122,0.0,0.0
375.0,16.49,0.0,0.0
374.0,15.792,0.0,0.0
377.6,16.011,0.0,0.0
382.0,16.6,0.0,0.0
378.5,16.32,0.0,0.0
372.8,16.015,0.0,0.0
381.0,16.2,0.0,0.0
384.3,16.53,0.0,0.0
395.0,16.74,0.0,0.0
389.5,16.4,0.0,0.0
389.5,16.405,0.0,0.0
393.25,16.45,0.0,0.0
387.2,16.21,0.0,0.0
390.0,16.06,0.0,0.0
386.0,16.1,0.0,0.0
390.35,16.2,0.0,0.0
389.85,16.38,0.0,0.0
387.75,16.23,0.0,0.0
396.15,16.45,0.0,0.0
393.15,16.19,0.0,0.0
392.0,16.08,0.0,0.0
395.25,16.28,0.0,0.0
393.75,16.712,0.0,0.0
411.2,17.97,0.0,0.0
411.7,18.66,0.0,0.0
415.65,19.0,0.0,0.0
428.75,19.88,0.0,0.0
431.2,19.515,0.0,0.0
426.4,19.1,0.0,0.0
433.75,19.58,0.0,0.0
430.4,19.105,0.0,0.0
431.15,19.009,0.0,0.0
445.5,19.85,0.0,0.0
446.25,20.14,0.0,0.0
458.8,20.518,0.0,0.0
456.8,20.9,0.0,0.0
469.5,21.6,0.0,0.0
477.75,23.206,0.0,0.0
488.5,23.87,0.0,0.0
471.5,23.5,0.0,0.0
473.1,23.44,0.0,0.0
0.0,24.6,0.0,0.0
0.0,27.51,0.0,0.0
512.0,27.85,0.0,0.0
0.0,32.2,0.0,0.0
559.5,39.95,0.0,0.0
634.0,37.0,0.0,0.0
588.0,32.75,0.0,0.0
633.5,39.0,0.0,0.0
610.0,33.52,0.0,0.0
607.2,33.15,0.0,0.0
602.85,33.955,0.0,0.0
623.0,36.61,0.0,0.0
660.0,39.75,0.0,0.0
684.0,44.0,0.0,0.0
760.0,48.012,0.0,0.0
750.0,43.35,0.0,0.0
835.0,49.45,0.0,0.0
850.0,49.0,0.0,0.0
737.5,41.55,0.0,0.0
695.0,38.478,0.0,0.0
717.0,41.5,0.0,0.0
668.0,38.3,0.0,0.0
624.0,35.3,0.0,0.0
674.25,37.0,0.0,0.0
691.0,37.35,0.0,0.0
653.0,35.28,0.0,0.0
676.5,35.314,0.0,0.0
669.75,34.5,0.0,0.0
682.0,33.755,0.0,0.0
709.0,39.12,0.0,0.0
699.25,38.3,0.0,0.0
692.0,36.8,0.0,0.0
710.5,40.25,0.0,0.0
694.5,39.49,0.0,0.0
696.75,38.86,0.0,0.0
682.0,37.433,0.0,0.0
667.0,36.108,0.0,0.0
661.5,35.75,0.0,0.0
652.25,35.35,0.0,0.0
606.0,30.0,0.0,0.0
665.0,33.5,0.0,0.0
630.0,33.2,0.0,0.0
616.5,32.8,0.0,0.0
642.25,33.5,0.0,0.0
636.0,33.0,0.0,0.0
646.0,35.01,0.0,0.0
637.0,35.52,0.0,0.0
633.75,34.75,0.0,0.0
631.25,34.64,0.0,0.0
643.5,36.31,0.0,0.0
626.0,35.538,0.0,0.0
609.0,32.45,0.0,0.0
585.0,30.618,0.0,0.0
570.25,28.15,0.0,0.0
585.7,29.65,0.0,0.0
556.5,27.0,0.0,0.0
523.0,23.01,0.0,0.0
484.0,19.01,0.0,0.0
481.5,16.6,0.0,0.0
527.0,20.65,0.0,0.0
561.0,22.6,0.0,0.0
525.0,21.03,0.0,0.0
558.25,23.05,0.0,0.0
547.25,21.255,0.0,0.0
507.5,19.65,0.0,0.0
485.25,16.0,0.0,0.0
490.0,13.99,0.0,0.0
494.5,13.494,0.0,0.0
509.5,16.99,0.0,0.0
500.5,14.99,0.0,0.0
485.75,14.75,0.0,0.0
528.0,16.62,0.0,0.0
554.0,17.6,0.0,0.0
526.0,15.54,0.0,0.0
530.5,15.62,0.0,0.0
529.75,15.84,0.0,0.0
497.5,14.551,0.0,0.0
520.0,14.75,0.0,0.0
513.0,14.75,0.0,0.0
515.6,14.579,0.0,0.0
506.0,14.2,0.0,0.0
502.4,13.56,0.0,0.0
506.5,14.0,0.0,0.0
515.7,14.251,0.0,0.0
551.5,15.52,0.0,0.0
524.25,13.75,0.0,0.0
513.75,13.87,0.0,0.0
518.0,13.834,0.0,0.0
490.0,12.0,0.0,0.0
512.5,13.1,0.0,0.0
512.5,13.4,0.0,0.0
510.0,12.7,0.0,0.0
515.75,13.23,0.0,0.0
508.25,13.01,0.0,0.0
513.25,12.74,0.0,0.0
512.0,12.76,0.0,0.0
525.0,13.065,0.0,0.0
517.0,12.772,0.0,0.0
516.5,12.795,0.0,0.0
513.75,12.4,0.0,0.0
507.75,12.0,0.0,0.0
513.5,12.001,0.0,0.0
501.0,10.89,0.0,0.0
511.25,11.374,0.0,0.0
514.8,12.3,0.0,0.0
526.5,13.98,0.0,0.0
519.6,13.07,0.0,0.0
535.5,13.7,0.0,0.0
561.5,14.65,0.0,0.0
552.5,14.167,0.0,0.0
571.5,15.15,0.0,0.0
581.75,16.0,0.0,0.0
597.0,17.025,0.0,0.0
623.75,17.85,0.0,0.0
604.0,15.6,0.0,0.0
596.0,15.46,0.0,0.0
590.0,15.3,0.0,0.0
608.4,16.15,0.0,0.0
595.0,16.0,0.0,0.0
591.75,15.5,0.0,0.0
602.5,15.787,0.0,0.0
599.0,15.5,0.0,0.0
602.9,15.71,0.0,0.0
596.5,15.465,0.0,0.0
603.0,15.47,0.0,0.0
622.5,16.07,0.0,0.0
624.5,16.099,0.0,0.0
637.5,16.26,0.0,0.0
653.5,16.75,0.0,0.0
660.0,17.101,0.0,0.0
661.5,17.294,0.0,0.0
663.5,16.767,0.0,0.0
666.5,16.9,0.0,0.0
667.5,16.8,0.0,0.0
687.5,17.46,0.0,0.0
671.0,17.004,0.0,0.0
656.5,16.49,0.0,0.0
667.0,16.2,0.0,0.0
650.0,15.899,0.0,0.0
619.5,15.5,0.0,0.0
624.75,15.95,0.0,0.0
627.25,15.987,0.0,0.0
606.0,15.361,0.0,0.0
617.5,15.565,0.0,0.0
613.0,15.453,0.0,0.0
631.25,15.96,0.0,0.0
643.0,16.173,0.0,0.0
651.75,16.65,0.0,0.0
643.5,16.37,0.0,0.0
646.75,16.37,0.0,0.0
629.0,16.28,0.0,0.0
614.25,15.78,0.0,0.0
622.0,15.61,0.0,0.0
630.75,15.675,0.0,0.0
630.5,16.07,0.0,0.0
627.75,15.9,0.0,0.0
629.5,16.15,0.0,0.0
630.0,16.162,0.0,0.0
617.0,15.66,0.0,0.0
605.0,15.65,0.0,0.0
615.25,15.8,0.0,0.0
626.0,15.831,0.0,0.0
624.5,15.86,0.0,0.0
612.25,15.481,0.0,0.0
624.0,15.812,0.0,0.0
634.75,15.931,0.0,0.0
645.25,16.225,0.0,0.0
639.2,16.19,0.0,0.0
628.85,16.1,0.0,0.0
633.85,16.065,0.0,0.0
635.3,16.16,0.0,0.0
631.25,16.06,0.0,0.0
628.75,15.99,0.0,0.0
640.0,16.186,0.0,0.0
636.75,16.205,0.0,0.0
647.25,16.282,0.0,0.0
651.0,17.029,0.0,0.0
672.0,18.1,0.0,0.0
670.5,18.75,0.0,0.0
686.5,19.718,0.0,0.0
674.0,19.42,0.0,0.0
685.5,21.65,0.0,0.0
666.5,19.726,0.0,0.0
668.0,19.78,0.0,0.0
673.0,21.75,0.0,0.0
672.0,20.93,0.0,0.0
674.0,20.95,0.0,0.0
710.0,22.92,0.0,0.0
711.0,23.25,0.0,0.0
710.5,23.54,0.0,0.0
697.75,21.4,0.0,0.0
698.75,22.24,0.0,0.0
679.25,21.31,0.0,0.0
666.75,20.501,0.0,0.0
682.0,21.752,0.0,0.0
665.75,21.2,0.0,0.0
660.5,19.91,0.0,0.0
675.5,20.5,0.0,0.0
678.15,20.85,0.0,0.0
677.0,20.7,0.0,0.0
690.0,21.372,0.0,0.0
685.25,21.47,0.0,0.0
679.75,21.26,0.0,0.0
668.5,20.667,0.0,0.0
678.0,21.03,0.0,0.0
674.0,21.0,0.0,0.0
670.5,20.6,0.0,0.0
657.0,20.15,0.0,0.0
652.5,19.69,0.0,0.0
660.0,19.9,0.0,0.0
634.5,19.0,0.0,0.0
633.0,18.93,0.0,0.0
637.25,18.9,0.0,0.0
631.75,18.64,0.0,0.0
644.0,19.125,0.0,0.0
642.5,19.453,0.0,0.0
629.0,18.875,0.0,0.0
640.5,18.83,0.0,0.0
646.0,19.753,0.0,0.0
652.0,20.1,0.0,0.0
632.0,18.85,0.0,0.0
596.0,17.5,0.0,0.0
612.5,18.551,0.0,0.0
598.5,17.6,0.0,0.0
619.5,18.13,0.0,0.0
622.0,18.32,0.0,0.0
612.5,18.539,0.0,0.0
611.75,18.147,0.0,0.0
619.0,18.405,0.0,0.0
629.75,18.9,0.0,0.0
630.5,19.294,0.0,0.0
634.75,19.26,0.0,0.0
631.0,19.005,0.0,0.0
616.25,17.94,0.0,0.0
623.0,18.569,0.0,0.0
622.0,18.45,0.0,0.0
619.75,18.422,0.0,0.0
635.0,18.902,0.0,0.0
627.0,18.62,0.0,0.0
627.25,18.47,0.0,0.0
631.5,18.622,0.0,0.0
617.0,18.05,0.0,0.0
617.25,17.429,0.0,0.0
604.0,17.2,0.0,0.0
579.0,16.115,0.0,0.0
558.0,14.879,0.0,0.0
562.75,14.3,0.0,0.0
579.0,15.998,0.0,0.0
561.0,14.45,0.0,0.0
575.5,15.11,0.0,0.0
573.5,15.6,0.0,0.0
575.0,15.3,0.0,0.0
594.75,15.91,0.0,0.0
602.5,16.148,0.0,0.0
0.0,16.5,0.0,0.0
593.75,16.208,0.0,0.0
589.75,15.59,0.0,0.0
0.0,15.5,0.0,0.0
597.5,15.8,0.0,0.0
599.25,16.303,0.0,0.0
585.0,15.8,0.0,0.0
574.75,15.4,0.0,0.0
577.75,15.63,0.0,0.0
562.0,14.819,0.0,0.0
562.75,14.962,0.0,0.0
556.5,15.0,0.0,0.0
571.5,15.148,0.0,0.0
560.75,14.9,0.0,0.0
566.75,14.859,0.0,0.0
562.0,14.97,0.0,0.0
578.0,15.353,0.0,0.0
564.0,14.96,0.0,0.0
553.0,14.21,0.0,0.0
528.5,13.4,0.0,0.0
524.0,13.525,0.0,0.0
523.5,13.475,0.0,0.0
493.75,13.05,0.0,0.0
506.5,13.15,0.0,0.0
493.5,12.855,0.0,0.0
486.25,12.47,0.0,0.0
505.0,13.33,0.0,0.0
498.5,13.202,0.0,0.0
500.5,13.35,0.0,0.0
512.5,13.9,0.0,0.0
519.5,13.865,0.0,0.0
501.0,13.348,0.0,0.0
490.25,13.01,0.0,0.0
491.5,12.685,0.0,0.0
490.25,12.729,0.0,0.0
500.75,13.301,0.0,0.0
505.0,13.169,0.0,0.0
503.25,12.99,0.0,0.0
511.5,13.249,0.0,0.0
501.5,13.0,0.0,0.0
503.0,13.019,0.0,0.0
500.5,13.0,0.0,0.0
492.0,12.61,0.0,0.0
489.0,12.53,0.0,0.0
465.5,11.6,0.0,0.0
471.0,11.57,0.0,0.0
465.5,11.97,0.0,0.0
461.5,11.26,0.0,0.0
467.0,11.55,0.0,0.0
474.25,11.803,0.0,0.0
487.25,12.135,0.0,0.0
476.25,11.75,0.0,0.0
478.0,11.74,0.0,0.0
492.0,12.143,0.0,0.0
499.75,12.47,0.0,0.0
493.25,12.42,0.0,0.0
506.0,12.855,0.0,0.0
510.0,12.98,0.0,0.0
516.75,12.901,0.0,0.0
526.0,13.312,0.0,0.0
536.25,12.7,0.0,0.0
528.0,13.08,0.0,0.0
539.5,12.885,0.0,0.0
538.75,13.15,0.0,0.0
526.5,12.526,0.0,0.0
513.75,12.33,0.0,0.0
514.25,12.03,0.0,0.0
519.5,12.2,0.0,0.0
523.0,12.18,0.0,0.0
533.75,12.33,0.0,0.0
514.25,11.96,0.0,0.0
508.5,11.96,0.0,0.0
503.0,11.615,0.0,0.0
493.5,11.4,0.0,0.0
473.75,10.95,0.0,0.0
483.0,11.28,0.0,0.0
476.25,11.22,0.0,0.0
482.5,11.11,0.0,0.0
481.0,11.13,0.0,0.0
501.0,11.55,0.0,0.0
488.5,11.35,0.0,0.0
494.5,11.395,0.0,0.0
483.0,11.231,0.0,0.0
482.75,11.179,0.0,0.0
477.25,11.031,0.0,0.0
482.75,11.065,0.0,0.0
487.5,11.13,0.0,0.0
476.25,10.88,0.0,0.0
482.0,10.989,0.0,0.0
477.75,10.91,0.0,0.0
485.75,11.105,0.0,0.0
493.0,11.42,0.0,0.0
484.0,11.1,0.0,0.0
484.25,11.017,0.0,0.0
476.5,10.869,0.0,0.0
485.0,10.905,0.0,0.0
481.75,10.945,0.0,0.0
481.5,10.937,0.0,0.0
479.75,10.95,0.0,0.0
475.0,10.832,0.0,0.0
472.75,10.651,0.0,0.0
466.5,10.335,0.0,0.0
466.75,10.24,0.0,0.0
479.0,10.561,0.0,0.0
479.25,10.585,0.0,0.0
483.25,10.673,0.0,0.0
474.0,10.48,0.0,0.0
475.5,10.499,0.0,0.0
462.5,10.03,0.0,0.0
460.0,9.994,0.0,0.0
473.5,10.101,0.0,0.0
460.5,10.25,0.0,0.0
465.25,10.199,0.0,0.0
464.25,10.15,0.0,0.0
472.0,10.47,0.0,0.0
471.75,10.54,0.0,0.0
461.5,10.15,0.0,0.0
461.75,10.06,0.0,0.0
459.0,9.975,0.0,0.0
458.25,9.91,0.0,0.0
462.0,10.072,0.0,0.0
466.5,10.242,0.0,0.0
462.0,10.11,0.0,0.0
446.5,9.901,0.0,0.0
442.0,9.2,0.0,0.0
428.75,8.586,0.0,0.0
426.0,8.3,0.0,0.0
422.0,8.45,0.0,0.0
414.5,8.311,0.0,0.0
414.0,8.441,0.0,0.0
403.75,8.199,0.0,0.0
405.0,8.473,0.0,0.0
397.75,8.327,0.0,0.0
406.25,8.71,0.0,0.0
416.5,8.92,0.0,0.0
413.0,9.02,0.0,0.0
402.25,8.68,0.0,0.0
412.25,8.68,0.0,0.0
418.25,8.985,0.0,0.0
415.0,8.88,0.0,0.0
412.5,8.875,0.0,0.0
406.0,8.542,0.0,0.0
411.5,8.7,0.0,0.0
407.75,8.615,0.0,0.0
407.5,8.46,0.0,0.0
408.75,8.51,0.0,0.0
401.5,8.345,0.0,0.0
402.25,8.412,0.0,0.0
406.0,8.51,0.0,0.0
392.5,8.24,0.0,0.0
391.25,8.26,0.0,0.0
392.4,8.28,0.0,0.0
393.25,8.421,0.0,0.0
397.25,8.512,0.0,0.0
393.75,8.345,0.0,0.0
401.0,8.552,0.0,0.0
417.5,8.98,0.0,0.0
407.25,8.91,0.0,0.0
413.0,9.31,0.0,0.0
411.5,8.97,0.0,0.0
420.0,9.425,0.0,0.0
431.5,9.72,0.0,0.0
429.0,9.479,0.0,0.0
429.5,9.485,0.0,0.0
422.0,9.49,0.0,0.0
409.75,8.7,0.0,0.0
414.0,8.82,0.0,0.0
411.75,8.885,0.0,0.0
425.0,9.154,0.0,0.0
421.5,9.15,0.0,0.0
430.0,9.397,0.0,0.0
436.5,9.592,0.0,0.0
439.5,9.95,0.0,0.0
436.5,9.85,0.0,0.0
439.0,10.028,0.0,0.0
436.75,10.19,0.0,0.0
451.5,10.923,0.0,0.0
448.25,10.783,0.0,0.0
451.25,11.243,0.0,0.0
456.0,11.03,0.0,0.0
449.0,10.905,0.0,0.0
459.0,11.05,0.0,0.0
447.0,10.06,0.0,0.0
463.5,10.259,0.0,0.0
462.0,10.32,0.0,0.0
456.5,10.172,0.0,0.0
446.25,9.785,0.0,0.0
450.5,9.54,0.0,0.0
421.5,8.769,0.0,0.0
431.75,9.02,0.0,0.0
428.75,8.95,0.0,0.0
436.75,9.32,0.0,0.0
435.0,9.332,0.0,0.0
441.25,9.445,0.0,0.0
443.0,9.039,0.0,0.0
445.5,9.28,0.0,0.0
443.25,9.23,0.0,0.0
453.5,9.492,0.0,0.0
449.5,9.483,0.0,0.0
443.25,9.302,0.0,0.0
444.25,9.325,0.0,0.0
446.65,9.691,0.0,0.0
443.75,9.501,0.0,0.0
436.7,9.363,0.0,0.0
437.3,9.23,0.0,0.0
429.0,9.095,0.0,0.0
433.75,9.09,0.0,0.0
432.5,9.08,0.0,0.0
426.0,8.95,0.0,0.0
427.4,8.933,0.0,0.0
430.8,9.151,0.0,0.0
424.5,8.931,0.0,0.0
427.0,9.12,0.0,0.0
430.0,9.168,0.0,0.0
428.25,9.009,0.0,0.0
431.25,9.148,0.0,0.0
428.5,9.069,0.0,0.0
428.25,9.046,0.0,0.0
429.75,9.111,0.0,0.0
418.5,8.89,0.0,0.0
412.0,8.625,0.0,0.0
411.5,8.578,0.0,0.0
412.5,8.67,0.0,0.0
404.25,8.29,0.0,0.0
398.75,8.04,0.0,0.0
403.75,8.17,0.0,0.0
401.0,8.196,0.0,0.0
401.5,8.19,0.0,0.0
396.75,8.03,0.0,0.0
399.25,8.108,0.0,0.0
409.5,8.17,0.0,0.0
409.5,8.196,0.0,0.0
411.5,8.232,0.0,0.0
414.5,8.266,0.0,0.0
402.5,8.068,0.0,0.0
406.75,8.09,0.0,0.0
416.5,8.487,0.0,0.0
426.0,8.75,0.0,0.0
416.75,8.682,0.0,0.0
415.25,8.78,0.0,0.0
410.25,8.635,0.0,0.0
405.5,8.48,0.0,0.0
409.75,8.503,0.0,0.0
417.5,8.7,0.0,0.0
413.25,8.52,0.0,0.0
416.75,8.698,0.0,0.0
416.25,8.825,0.0,0.0
415.75,8.77,0.0,0.0
410.5,8.64,0.0,0.0
399.6,8.338,0.0,0.0
400.4,8.3,0.0,0.0
0.0,8.293,0.0,0.0
395.0,8.05,0.0,0.0
397.5,8.052,0.0,0.0
0.0,8.154,0.0,0.0
395.0,8.062,0.0,0.0
403.5,8.155,0.0,0.0
401.5,8.262,0.0,0.0
396.5,8.105,0.0,0.0
400.25,8.22,0.0,0.0
388.25,8.005,0.0,0.0
389.0,8.085,0.0,0.0
380.0,7.921,0.0,0.0
374.75,7.72,0.0,0.0
379.25,7.922,0.0,0.0
373.75,7.79,0.0,0.0
375.25,7.901,0.0,0.0
371.5,7.816,0.0,0.0
376.0,7.858,0.0,0.0
377.25,7.915,0.0,0.0
372.0,7.728,0.0,0.0
376.5,7.791,0.0,0.0
381.75,8.04,0.0,0.0
383.5,8.018,0.0,0.0
387.0,8.28,0.0,0.0
379.5,8.12,0.0,0.0
379.15,8.05,0.0,0.0
378.0,8.158,0.0,0.0
383.75,8.41,0.0,0.0
384.25,8.516,0.0,0.0
379.75,8.48,0.0,0.0
378.5,8.38,0.0,0.0
382.15,8.66,0.0,0.0
380.0,8.56,0.0,0.0
377.5,8.518,0.0,0.0
375.25,8.513,0.0,0.0
375.25,8.567,0.0,0.0
374.0,8.44,0.0,0.0
369.25,8.253,0.0,0.0
369.25,8.29,0.0,0.0
364.25,8.083,0.0,0.0
361.0,7.84,0.0,0.0
362.75,7.96,0.0,0.0
366.45,8.033,0.0,0.0
362.6,7.84,0.0,0.0
361.25,7.741,0.0,0.0
361.25,7.927,0.0,0.0
353.75,7.78,0.0,0.0
346.5,7.528,0.0,0.0
342.4,0.0,0.0,0.0
330.5,7.34,0.0,0.0
329.25,7.005,0.0,0.0
333.0,7.205,0.0,0.0
331.75,7.195,0.0,0.0
323.25,7.04,0.0,0.0
312.0,6.96,0.0,0.0
324.5,7.15,0.0,0.0
316.0,7.079,0.0,0.0
320.0,7.13,0.0,0.0
315.75,7.0,0.0,0.0
320.8,7.065,0.0,0.0
329.25,7.211,0.0,0.0
331.75,7.285,0.0,0.0
327.75,7.06,0.0,0.0
322.25,7.059,0.0,0.0
318.5,7.01,0.0,0.0
324.25,7.083,0.0,0.0
320.0,7.06,0.0,0.0
327.0,7.11,0.0,0.0
327.75,7.11,0.0,0.0
337.5,7.28,0.0,0.0
345.5,7.376,0.0,0.0
354.0,7.475,0.0,0.0
351.5,7.41,0.0,0.0
353.5,7.39,0.0,0.0
366.75,7.608,0.0,0.0
363.25,7.485,0.0,0.0
362.75,7.515,0.0,0.0
357.0,7.475,0.0,0.0
343.0,7.191,0.0,0.0
346.75,7.202,0.0,0.0
345.0,7.18,0.0,0.0
352.25,7.205,0.0,0.0
357.0,7.391,0.0,0.0
351.75,7.169,0.0,0.0
354.5,7.212,0.0,0.0
348.75,7.015,0.0,0.0
361.25,7.06,0.0,0.0
341.75,6.898,0.0,0.0
338.4,6.82,0.0,0.0
334.5,6.8,0.0,0.0
334.75,6.86,0.0,0.0
329.0,6.697,0.0,0.0
332.25,6.676,0.0,0.0
331.5,6.69,0.0,0.0
331.0,6.65,0.0,0.0
333.25,6.65,0.0,0.0
338.5,6.76,0.0,0.0
338.0,6.693,0.0,0.0
342.0,6.76,0.0,0.0
342.5,6.71,0.0,0.0
338.5,6.7,0.0,0.0
329.0,6.568,0.0,0.0
327.9,6.486,0.0,0.0
330.25,6.598,0.0,0.0
324.25,6.395,0.0,0.0
325.25,6.356,0.0,0.0
318.75,6.096,0.0,0.0
318.5,5.97,0.0,0.0
320.35,6.065,0.0,0.0
318.75,5.924,0.0,0.0
325.25,5.92,0.0,0.0
328.75,6.085,0.0,0.0
326.0,5.918,0.0,0.0
326.75,5.882,0.0,0.0
325.25,5.947,0.0,0.0
320.75,5.815,0.0,0.0
315.0,5.51,0.0,0.0
317.0,5.445,0.0,0.0
309.0,5.318,0.0,0.0
308.75,5.14,0.0,0.0
296.75,4.901,0.0,0.0
304.0,5.006,0.0,0.0
304.0,5.045,0.0,0.0
310.25,5.225,0.0,0.0
305.5,5.123,0.0,0.0
303.75,5.1,0.0,0.0
309.0,5.36,0.0,0.0
317.5,5.73,0.0,0.0
310.25,5.712,0.0,0.0
312.75,5.875,0.0,0.0
315.25,5.965,0.0,0.0
311.0,5.86,0.0,0.0
306.75,5.531,0.0,0.0
313.5,5.735,0.0,0.0
328.5,6.237,0.0,0.0
343.0,6.306,0.0,0.0
352.5,6.24,0.0,0.0
352.75,6.62,0.0,0.0
350.25,6.482,0.0,0.0
347.0,6.385,0.0,0.0
347.5,6.552,0.0,0.0
347.75,6.415,0.0,0.0
366.5,7.048,0.0,0.0
353.0,6.965,0.0,0.0
363.25,7.145,0.0,0.0
352.25,7.12,0.0,0.0
351.25,7.21,0.0,0.0
347.0,6.99,0.0,0.0
342.5,6.7,0.0,0.0
342.9,6.635,0.0,0.0
351.35,6.888,0.0,0.0
349.25,7.085,0.0,0.0
346.25,6.81,0.0,0.0
346.5,6.935,0.0,0.0
344.75,6.82,0.0,0.0
336.0,6.575,0.0,0.0
338.25,6.488,0.0,0.0
333.5,6.24,0.0,0.0
334.75,6.247,0.0,0.0
338.0,6.382,0.0,0.0
341.75,6.28,0.0,0.0
337.75,6.342,0.0,0.0
357.75,6.96,0.0,0.0
356.65,6.962,0.0,0.0
386.5,7.452,0.0,0.0
394.5,7.85,0.0,0.0
407.75,8.153,0.0,0.0
401.0,7.858,0.0,0.0
417.0,8.07,0.0,0.0
418.0,8.25,0.0,0.0
411.5,7.73,0.0,0.0
405.25,7.69,0.0,0.0
409.75,7.74,0.0,0.0
455.0,8.8,0.0,0.0
474.0,9.15,0.0,0.0
481.0,9.453,0.0,0.0
458.0,8.88,0.0,0.0
466.0,9.329,0.0,0.0
453.0,8.752,0.0,0.0
439.0,8.78,0.0,0.0
454.25,8.953,0.0,0.0
443.25,8.877,0.0,0.0
448.5,9.16,0.0,0.0
441.5,8.98,0.0,0.0
424.25,8.68,0.0,0.0
426.5,8.713,0.0,0.0
443.75,9.101,0.0,0.0
435.85,8.89,0.0,0.0
431.0,8.911,0.0,0.0
413.75,8.485,0.0,0.0
410.5,8.263,0.0,0.0
409.75,8.44,0.0,0.0
397.0,8.193,0.0,0.0
402.0,8.232,0.0,0.0
387.5,8.128,0.0,0.0
390.25,7.975,0.0,0.0
404.0,8.224,0.0,0.0
418.5,8.468,0.0,0.0
433.0,8.905,0.0,0.0
430.0,9.1,0.0,0.0
441.25,9.44,0.0,0.0
428.75,9.365,0.0,0.0
448.0,9.802,0.0,0.0
432.5,9.73,0.0,0.0
428.25,9.582,0.0,0.0
441.5,10.24,0.0,0.0
422.0,9.915,0.0,0.0
432.5,10.463,0.0,0.0
428.0,10.26,0.0,0.0
418.6,10.072,0.0,0.0
419.25,9.95,0.0,0.0
417.75,9.9,0.0,0.0
418.25,9.76,0.0,0.0
423.25,9.87,0.0,0.0
427.25,10.18,0.0,0.0
431.0,10.35,0.0,0.0
427.5,10.45,0.0,0.0
424.75,10.58,0.0,0.0
417.5,10.582,0.0,0.0
407.25,10.225,0.0,0.0
409.25,10.142,0.0,0.0
411.0,10.175,0.0,0.0
401.25,9.76,0.0,0.0
398.0,9.37,0.0,0.0
403.25,9.351,0.0,0.0
407.5,9.48,0.0,0.0
412.5,9.73,0.0,0.0
408.5,9.588,0.0,0.0
417.6,9.83,0.0,0.0
410.5,9.63,0.0,0.0
406.0,9.3,0.0,0.0
409.25,9.014,0.0,0.0
410.5,9.23,0.0,0.0
417.75,9.217,0.0,0.0
434.0,9.532,0.0,0.0
436.0,9.54,0.0,0.0
440.25,10.14,0.0,0.0
446.25,10.131,0.0,0.0
441.25,10.425,0.0,0.0
445.25,10.365,0.0,0.0
454.5,11.06,0.0,0.0
445.0,10.782,0.0,0.0
437.5,10.452,0.0,0.0
435.75,10.435,0.0,0.0
438.75,10.3,0.0,0.0
449.4,10.822,0.0,0.0
437.5,10.318,0.0,0.0
440.25,10.5,0.0,0.0
437.0,10.3,0.0,0.0
440.25,10.376,0.0,0.0
442.25,10.49,0.0,0.0
447.25,10.71,0.0,0.0
445.75,10.628,0.0,0.0
0.0,10.75,0.0,0.0
460.5,11.11,0.0,0.0
456.9,11.055,0.0,0.0
0.0,10.87,0.0,0.0
449.5,11.065,0.0,0.0
454.0,11.099,0.0,0.0
454.5,11.291,0.0,0.0
465.0,11.23,0.0,0.0
474.0,12.02,0.0,0.0
484.5,12.222,0.0,0.0
480.5,12.095,0.0,0.0
488.25,12.435,0.0,0.0
483.25,12.3,0.0,0.0
498.5,12.973,0.0,0.0
485.0,12.69,0.0,0.0
495.5,13.108,0.0,0.0
487.25,12.798,0.0,0.0
485.0,12.83,0.0,0.0
476.0,12.2,0.0,0.0
488.75,12.773,0.0,0.0
486.5,12.99,0.0,0.0
496.5,13.172,0.0,0.0
493.75,13.35,0.0,0.0
499.5,13.82,0.0,0.0
508.5,14.302,0.0,0.0
498.25,13.715,0.0,0.0
503.5,14.36,0.0,0.0
498.5,14.152,0.0,0.0
0.0,7.54,0.0,0.0
490.25,13.69,0.0,0.0
497.25,14.1,0.0,0.0
492.25,13.83,0.0,0.0
496.0,13.9,0.0,0.0
504.5,14.262,0.0,0.0
500.5,14.172,0.0,0.0
509.25,14.668,0.0,0.0
508.5,14.602,0.0,0.0
504.75,14.663,0.0,0.0
503.5,14.45,0.0,0.0
504.5,14.46,0.0,0.0
485.5,14.407,0.0,0.0
470.25,13.305,0.0,0.0
475.0,13.535,0.0,0.0
464.75,13.255,0.0,0.0
408.5,11.7,0.0,0.0
414.0,10.68,0.0,0.0
430.0,10.997,0.0,0.0
429.5,10.942,0.0,0.0
412.5,10.596,0.0,0.0
420.75,10.478,0.0,0.0
417.5,10.598,0.0,0.0
426.0,10.6,0.0,0.0
434.75,10.98,0.0,0.0
420.5,10.87,0.0,0.0
428.5,10.943,0.0,0.0
434.5,11.25,0.0,0.0
419.0,10.83,0.0,0.0
416.5,10.642,0.0,0.0
421.75,10.615,0.0,0.0
414.5,10.24,0.0,0.0
421.25,10.6,0.0,0.0
410.0,10.235,0.0,0.0
415.5,10.575,0.0,0.0
411.75,10.39,0.0,0.0
408.75,10.312,0.0,0.0
412.75,10.375,0.0,0.0
418.0,10.652,0.0,0.0
414.75,10.5,0.0,0.0
426.75,10.975,0.0,0.0
428.5,11.18,0.0,0.0
425.75,11.142,0.0,0.0
421.25,11.02,0.0,0.0
426.75,11.111,0.0,0.0
432.75,11.35,0.0,0.0
429.25,11.221,0.0,0.0
435.5,11.638,0.0,0.0
436.5,11.748,0.0,0.0
443.0,12.295,0.0,0.0
439.5,12.264,0.0,0.0
433.75,11.91,0.0,0.0
439.5,12.422,0.0,0.0
437.0,12.019,0.0,0.0
441.5,12.272,0.0,0.0
435.5,12.198,0.0,0.0
434.25,12.31,0.0,0.0
428.5,11.805,0.0,0.0
429.25,11.957,0.0,0.0
433.5,12.117,0.0,0.0
432.75,12.348,0.0,0.0
433.75,12.442,0.0,0.0
431.25,12.402,0.0,0.0
434.0,12.61,0.0,0.0
443.75,12.883,0.0,0.0
443.0,13.165,0.0,0.0
439.75,12.9,0.0,0.0
441.25,12.9,0.0,0.0
436.25,12.966,0.0,0.0
440.75,12.964,0.0,0.0
442.75,13.36,0.0,0.0
442.6,13.41,0.0,0.0
438.75,13.29,0.0,0.0
432.75,12.729,0.0,0.0
436.8,13.24,0.0,0.0
441.75,13.275,0.0,0.0
440.0,13.352,0.0,0.0
437.25,13.225,0.0,0.0
437.5,13.545,0.0,0.0
410.0,12.745,0.0,0.0
412.5,12.25,0.0,0.0
411.5,12.195,0.0,0.0
407.75,11.725,0.0,0.0
400.25,11.09,0.0,0.0
403.0,11.1,0.0,0.0
407.75,11.25,0.0,0.0
411.25,11.733,0.0,0.0
413.0,11.728,0.0,0.0
407.9,11.712,0.0,0.0
408.25,11.398,0.0,0.0
412.5,11.55,0.0,0.0
415.5,11.72,0.0,0.0
415.75,11.56,0.0,0.0
414.75,11.74,0.0,0.0
420.5,12.157,0.0,0.0
420.5,12.1,0.0,0.0
423.5,12.305,0.0,0.0
419.5,12.262,0.0,0.0
416.0,11.588,0.0,0.0
414.85,11.63,0.0,0.0
416.0,11.598,0.0,0.0
416.25,11.565,0.0,0.0
416.0,11.645,0.0,0.0
410.75,11.48,0.0,0.0
411.65,11.42,0.0,0.0
412.25,11.61,0.0,0.0
426.0,12.033,0.0,0.0
430.5,12.08,0.0,0.0
429.0,12.382,0.0,0.0
427.25,12.15,0.0,0.0
426.25,12.19,0.0,0.0
422.25,11.968,0.0,0.0
422.4,11.95,0.0,0.0
423.75,12.133,0.0,0.0
428.25,12.258,0.0,0.0
429.75,12.547,0.0,0.0
423.5,12.28,0.0,0.0
422.0,12.105,0.0,0.0
425.5,12.431,0.0,0.0
426.25,12.36,0.0,0.0
425.5,12.35,0.0,0.0
422.0,12.145,0.0,0.0
411.25,11.805,0.0,0.0
414.25,11.87,0.0,0.0
411.0,11.845,0.0,0.0
414.0,11.93,0.0,0.0
409.75,11.585,0.0,0.0
408.5,11.575,0.0,0.0
413.0,11.623,0.0,0.0
408.25,11.48,0.0,0.0
411.75,11.63,0.0,0.0
412.45,11.724,0.0,0.0
416.0,12.005,0.0,0.0
420.5,12.42,0.0,0.0
422.5,12.48,0.0,0.0
421.5,12.447,0.0,0.0
417.75,12.222,0.0,0.0
421.75,12.38,0.0,0.0
426.4,12.767,0.0,0.0
424.0,12.525,0.0,0.0
423.25,12.507,0.0,0.0
417.0,12.21,0.0,0.0
418.1,12.268,0.0,0.0
414.25,11.99,0.0,0.0
416.6,12.16,0.0,0.0
417.5,12.19,0.0,0.0
419.1,12.34,0.0,0.0
418.25,12.38,0.0,0.0
413.25,12.148,0.0,0.0
414.0,12.175,0.0,0.0
414.75,12.245,0.0,0.0
415.75,12.27,0.0,0.0
406.75,11.85,0.0,0.0
401.75,11.745,0.0,0.0
405.25,11.63,0.0,0.0
405.5,11.682,0.0,0.0
412.25,11.941,0.0,0.0
412.35,11.875,0.0,0.0
411.25,11.877,0.0,0.0
407.75,11.785,0.0,0.0
413.0,11.94,0.0,0.0
415.0,12.075,0.0,0.0
412.25,11.875,0.0,0.0
413.6,11.905,0.0,0.0
408.75,11.712,0.0,0.0
405.0,11.24,0.0,0.0
389.0,10.4,0.0,0.0
393.5,10.422,0.0,0.0
389.5,9.74,0.0,0.0
394.0,10.35,0.0,0.0
397.4,10.323,0.0,0.0
401.0,10.434,0.0,0.0
399.0,10.562,0.0,0.0
394.75,10.202,0.0,0.0
398.65,10.253,0.0,0.0
398.75,10.432,0.0,0.0
395.0,10.4,0.0,0.0
397.25,10.115,0.0,0.0
394.0,9.9,0.0,0.0
389.75,9.51,0.0,0.0
394.25,9.527,0.0,0.0
394.5,9.62,0.0,0.0
398.0,9.58,0.0,0.0
392.6,9.482,0.0,0.0
384.5,8.588,0.0,0.0
387.75,9.002,0.0,0.0
382.0,8.74,0.0,0.0
377.75,8.37,0.0,0.0
383.0,8.76,0.0,0.0
377.75,8.695,0.0,0.0
381.0,8.905,0.0,0.0
379.0,8.82,0.0,0.0
382.25,9.033,0.0,0.0
383.0,8.945,0.0,0.0
381.8,9.01,0.0,0.0
382.0,8.915,0.0,0.0
382.6,8.955,0.0,0.0
383.25,9.063,0.0,0.0
383.25,9.04,0.0,0.0
375.75,8.585,0.0,0.0
375.25,8.61,0.0,0.0
374.25,8.39,0.0,0.0
376.5,8.612,0.0,0.0
375.75,8.552,0.0,0.0
375.5,8.475,0.0,0.0
376.1,8.555,0.0,0.0
394.25,8.71,0.0,0.0
391.5,9.02,0.0,0.0
405.0,9.81,0.0,0.0
399.25,9.58,0.0,0.0
400.75,9.732,0.0,0.0
397.25,9.668,0.0,0.0
397.0,9.502,0.0,0.0
399.75,9.566,0.0,0.0
401.0,9.811,0.0,0.0
388.75,9.25,0.0,0.0
391.25,9.47,0.0,0.0
389.2,9.38,0.0,0.0
389.0,9.333,0.0,0.0
388.75,9.28,0.0,0.0
377.25,8.848,0.0,0.0
375.0,8.643,0.0,0.0
378.1,8.645,0.0,0.0
378.6,8.785,0.0,0.0
378.9,8.743,0.0,0.0
0.0,8.835,0.0,0.0
378.0,8.792,0.0,0.0
382.4,8.805,0.0,0.0
0.0,8.91,0.0,0.0
383.0,8.96,0.0,0.0
374.0,8.48,0.0,0.0
375.25,8.436,0.0,0.0
375.25,8.413,0.0,0.0
365.25,7.9,0.0,0.0
371.25,8.11,0.0,0.0
367.75,8.02,0.0,0.0
368.5,7.97,0.0,0.0
373.25,8.09,0.0,0.0
369.1,8.057,0.0,0.0
367.75,8.017,0.0,0.0
368.75,8.013,0.0,0.0
374.75,8.244,0.0,0.0
371.25,8.295,0.0,0.0
371.35,8.258,0.0,0.0
365.1,7.977,0.0,0.0
366.5,8.079,0.0,0.0
367.0,8.132,0.0,0.0
370.0,8.125,0.0,0.0
369.85,8.285,0.0,0.0
373.75,8.43,0.0,0.0
378.15,8.702,0.0,0.0
383.25,8.83,0.0,0.0
383.1,8.87,0.0,0.0
380.8,8.732,0.0,0.0
379.75,8.635,0.0,0.0
386.25,9.033,0.0,0.0
383.0,9.05,0.0,0.0
377.65,8.732,0.0,0.0
376.85,8.702,0.0,0.0
376.0,8.645,0.0,0.0
383.0,9.007,0.0,0.0
383.9,9.153,0.0,0.0
382.15,9.04,0.0,0.0
385.25,9.133,0.0,0.0
389.0,9.26,0.0,0.0
395.25,9.422,0.0,0.0
398.25,9.75,0.0,0.0
395.75,9.624,0.0,0.0
393.5,9.525,0.0,0.0
399.25,9.865,0.0,0.0
394.25,9.64,0.0,0.0
392.75,9.625,0.0,0.0
399.0,9.667,0.0,0.0
405.85,10.11,0.0,0.0
402.5,10.035,0.0,0.0
398.75,9.933,0.0,0.0
397.25,9.66,0.0,0.0
399.9,9.872,0.0,0.0
395.75,9.692,0.0,0.0
397.25,9.749,0.0,0.0
399.75,9.872,0.0,0.0
394.5,9.418,0.0,0.0
392.75,9.427,0.0,0.0
393.6,9.46,0.0,0.0
393.85,9.534,0.0,0.0
392.35,9.555,0.0,0.0
389.35,9.525,0.0,0.0
387.9,9.39,0.0,0.0
387.4,9.395,0.0,0.0
388.85,9.497,0.0,0.0
385.75,9.42,0.0,0.0
390.25,9.805,0.0,0.0
388.5,9.65,0.0,0.0
387.2,9.742,0.0,0.0
380.4,9.355,0.0,0.0
381.25,9.36,0.0,0.0
381.2,9.37,0.0,0.0
380.25,9.105,0.0,0.0
382.4,9.19,0.0,0.0
381.35,9.162,0.0,0.0
384.5,9.292,0.0,0.0
381.9,9.24,0.0,0.0
379.25,9.13,0.0,0.0
380.1,9.145,0.0,0.0
380.2,9.175,0.0,0.0
380.53,9.207,0.0,0.0
384.9,9.325,0.0,0.0
383.25,9.348,0.0,0.0
382.3,9.245,0.0,0.0
379.9,9.22,0.0,0.0
379.25,9.092,0.0,0.0
375.8,8.962,0.0,0.0
376.5,8.928,0.0,0.0
377.35,8.96,0.0,0.0
378.5,9.052,0.0,0.0
376.7,9.048,0.0,0.0
371.5,8.585,0.0,0.0
372.6,8.65,0.0,0.0
371.75,8.605,0.0,0.0
372.5,8.75,0.0,0.0
372.55,8.83,0.0,0.0
373.25,8.835,0.0,0.0
375.25,8.94,0.0,0.0
376.5,9.06,0.0,0.0
375.6,8.895,0.0,0.0
380.75,9.152,0.0,0.0
379.5,9.088,0.0,0.0
378.55,9.105,0.0,0.0
375.65,8.92,0.0,0.0
384.2,9.16,0.0,0.0
385.6,9.202,0.0,0.0
386.4,9.16,0.0,0.0
384.25,9.12,0.0,0.0
393.75,9.363,0.0,0.0
391.0,9.375,0.0,0.0
393.75,9.347,0.0,0.0
391.65,9.302,0.0,0.0
392.2,9.225,0.0,0.0
386.0,9.121,0.0,0.0
382.5,9.008,0.0,0.0
375.0,8.673,0.0,0.0
374.0,8.705,0.0,0.0
375.6,8.695,0.0,0.0
368.0,8.65,0.0,0.0
367.9,8.44,0.0,0.0
370.6,8.565,0.0,0.0
370.0,8.568,0.0,0.0
370.75,8.48,0.0,0.0
374.25,8.647,0.0,0.0
369.25,8.522,0.0,0.0
369.5,8.365,0.0,0.0
369.33,8.355,0.0,0.0
372.9,8.36,0.0,0.0
373.05,8.392,0.0,0.0
370.0,8.295,0.0,0.0
368.35,8.21,0.0,0.0
369.0,8.156,0.0,0.0
364.8,7.808,0.0,0.0
353.25,7.6,0.0,0.0
338.5,7.244,0.0,0.0
344.25,7.54,0.0,0.0
339.25,7.199,0.0,0.0
341.15,7.262,0.0,0.0
345.0,7.38,0.0,0.0
350.1,7.595,0.0,0.0
347.15,7.458,0.0,0.0
345.75,7.43,0.0,0.0
350.2,7.566,0.0,0.0
342.0,7.39,0.0,0.0
335.0,7.196,0.0,0.0
338.5,7.153,0.0,0.0
341.75,7.198,0.0,0.0
344.2,7.243,0.0,0.0
335.25,6.985,0.0,0.0
338.5,6.918,0.0,0.0
342.35,7.11,0.0,0.0
339.0,7.015,0.0,0.0
344.0,7.345,0.0,0.0
349.25,7.54,0.0,0.0
349.25,7.7,0.0,0.0
342.0,7.355,0.0,0.0
344.5,7.538,0.0,0.0
344.25,7.48,0.0,0.0
346.75,7.885,0.0,0.0
343.5,7.586,0.0,0.0
354.0,7.871,0.0,0.0
350.9,7.921,0.0,0.0
352.25,7.892,0.0,0.0
352.0,7.851,0.0,0.0
349.3,7.785,0.0,0.0
346.0,7.483,0.0,0.0
345.0,7.5,0.0,0.0
351.25,7.65,0.0,0.0
350.0,7.59,0.0,0.0
349.75,7.61,0.0,0.0
350.5,7.61,0.0,0.0
347.25,7.565,0.0,0.0
348.25,7.445,0.0,0.0
344.5,7.315,0.0,0.0
341.2,7.209,0.0,0.0
338.25,7.11,0.0,0.0
340.5,7.178,0.0,0.0
339.75,7.16,0.0,0.0
338.45,7.158,0.0,0.0
340.3,7.19,0.0,0.0
338.5,7.187,0.0,0.0
336.85,7.085,0.0,0.0
341.45,7.177,0.0,0.0
335.25,7.101,0.0,0.0
336.75,6.979,0.0,0.0
340.0,7.125,0.0,0.0
338.75,7.12,0.0,0.0
343.5,7.142,0.0,0.0
347.75,7.652,0.0,0.0
345.0,7.525,0.0,0.0
346.1,7.582,0.0,0.0
345.25,7.44,0.0,0.0
343.75,7.435,0.0,0.0
345.4,7.453,0.0,0.0
345.25,7.507,0.0,0.0
348.5,7.61,0.0,0.0
346.25,7.58,0.0,0.0
343.8,7.573,0.0,0.0
341.6,7.28,0.0,0.0
341.0,7.24,0.0,0.0
337.75,7.105,0.0,0.0
338.1,7.115,0.0,0.0
338.9,7.126,0.0,0.0
338.65,7.215,0.0,0.0
339.5,7.266,0.0,0.0
340.55,7.278,0.0,0.0
339.5,7.155,0.0,0.0
339.5,7.21,0.0,0.0
338.4,7.183,0.0,0.0
340.0,7.255,0.0,0.0
340.0,7.325,0.0,0.0
338.5,7.305,0.0,0.0
337.6,7.262,0.0,0.0
336.25,7.205,0.0,0.0
335.5,7.195,0.0,0.0
333.5,7.195,0.0,0.0
333.8,7.176,0.0,0.0
343.1,7.415,0.0,0.0
342.45,7.504,0.0,0.0
346.1,7.573,0.0,0.0
347.6,7.85,0.0,0.0
347.1,7.69,0.0,0.0
346.8,7.615,0.0,0.0
345.75,7.67,0.0,0.0
350.45,7.828,0.0,0.0
345.8,7.657,0.0,0.0
343.75,7.595,0.0,0.0
345.0,7.608,0.0,0.0
343.4,7.532,0.0,0.0
342.65,7.48,0.0,0.0
340.3,7.512,0.0,0.0
341.95,7.576,0.0,0.0
341.5,7.523,0.0,0.0
336.9,7.45,0.0,0.0
332.9,7.375,0.0,0.0
329.0,7.128,0.0,0.0
330.6,7.123,0.0,0.0
329.0,7.051,0.0,0.0
329.5,6.998,0.0,0.0
332.0,7.068,0.0,0.0
329.9,7.096,0.0,0.0
330.75,7.076,0.0,0.0
327.0,6.987,0.0,0.0
326.25,6.85,0.0,0.0
326.75,6.833,0.0,0.0
324.5,6.789,0.0,0.0
324.25,6.82,0.0,0.0
322.5,6.675,0.0,0.0
315.0,6.565,0.0,0.0
309.0,6.32,0.0,0.0
309.3,6.388,0.0,0.0
307.5,6.22,0.0,0.0
311.0,6.41,0.0,0.0
0.0,6.28,0.0,0.0
309.2,6.385,0.0,0.0
308.3,6.288,0.0,0.0
305.5,6.25,0.0,0.0
302.3,6.017,0.0,0.0
303.15,6.087,0.0,0.0
298.25,5.83,0.0,0.0
302.0,6.075,0.0,0.0
300.5,5.878,0.0,0.0
303.8,6.09,0.0,0.0
304.25,6.11,0.0,0.0
299.0,6.004,0.0,0.0
301.8,5.989,0.0,0.0
302.7,6.015,0.0,0.0
305.5,6.18,0.0,0.0
308.0,6.259,0.0,0.0
307.25,6.206,0.0,0.0
306.9,6.25,0.0,0.0
300.25,6.045,0.0,0.0
300.85,5.99,0.0,0.0
298.85,5.946,0.0,0.0
297.75,5.946,0.0,0.0
303.25,6.239,0.0,0.0
302.9,6.167,0.0,0.0
306.65,6.33,0.0,0.0
303.6,6.295,0.0,0.0
301.25,6.139,0.0,0.0
302.05,6.145,0.0,0.0
302.85,6.2,0.0,0.0
301.65,6.151,0.0,0.0
299.8,6.135,0.0,0.0
300.15,6.08,0.0,0.0
302.5,6.217,0.0,0.0
303.2,6.206,0.0,0.0
304.15,6.297,0.0,0.0
304.0,6.32,0.0,0.0
304.5,6.27,0.0,0.0
302.6,6.218,0.0,0.0
302.9,6.23,0.0,0.0
299.85,6.166,0.0,0.0
298.4,6.0,0.0,0.0
284.25,5.45,0.0,0.0
285.75,5.58,0.0,0.0
290.8,5.771,0.0,0.0
287.75,5.715,0.0,0.0
287.25,5.605,0.0,0.0
288.65,5.64,0.0,0.0
287.9,5.661,0.0,0.0
287.4,5.622,0.0,0.0
289.6,5.68,0.0,0.0
291.0,5.675,0.0,0.0
291.0,5.643,0.0,0.0
288.45,5.516,0.0,0.0
290.25,5.57,0.0,0.0
290.75,5.657,0.0,0.0
292.7,5.635,0.0,0.0
298.85,5.71,0.0,0.0
316.75,6.042,0.0,0.0
324.0,6.46,0.0,0.0
318.5,6.109,0.0,0.0
315.5,6.39,0.0,0.0
314.6,6.305,0.0,0.0
323.75,6.265,0.0,0.0
330.4,6.589,0.0,0.0
326.25,6.565,0.0,0.0
329.25,6.66,0.0,0.0
321.1,6.52,0.0,0.0
318.75,6.42,0.0,0.0
321.25,6.497,0.0,0.0
316.75,6.39,0.0,0.0
323.1,6.628,0.0,0.0
327.25,6.635,0.0,0.0
332.25,6.678,0.0,0.0
329.9,6.665,0.0,0.0
334.25,6.75,0.0,0.0
330.5,6.635,0.0,0.0
327.35,6.451,0.0,0.0
329.75,6.438,0.0,0.0
327.0,6.402,0.0,0.0
327.75,6.441,0.0,0.0
326.65,6.356,0.0,0.0
322.0,6.124,0.0,0.0
322.5,6.185,0.0,0.0
323.5,6.24,0.0,0.0
322.5,6.242,0.0,0.0
321.35,6.322,0.0,0.0
312.5,6.15,0.0,0.0
313.25,6.15,0.0,0.0
312.75,6.16,0.0,0.0
313.5,6.145,0.0,0.0
312.85,6.251,0.0,0.0
315.1,6.35,0.0,0.0
314.5,6.292,0.0,0.0
321.0,6.355,0.0,0.0
326.5,6.535,0.0,0.0
322.75,6.491,0.0,0.0
320.1,6.485,0.0,0.0
322.5,6.45,0.0,0.0
323.3,6.558,0.0,0.0
314.9,6.215,0.0,0.0
316.25,6.2,0.0,0.0
315.4,6.155,0.0,0.0
314.7,6.147,0.0,0.0
311.25,6.1,0.0,0.0
312.0,6.001,0.0,0.0
314.6,6.159,0.0,0.0
314.0,6.085,0.0,0.0
318.1,6.209,0.0,0.0
315.65,6.108,0.0,0.0
314.2,6.06,0.0,0.0
314.8,6.119,0.0,0.0
314.3,6.103,0.0,0.0
312.0,6.084,0.0,0.0
315.0,6.138,0.0,0.0
314.5,6.143,0.0,0.0
313.75,6.16,0.0,0.0
318.25,6.237,0.0,0.0
318.9,6.21,0.0,0.0
323.75,6.304,0.0,0.0
325.4,6.42,0.0,0.0
318.1,6.289,0.0,0.0
313.45,6.113,0.0,0.0
314.65,6.109,0.0,0.0
315.5,6.148,0.0,0.0
316.75,6.12,0.0,0.0
315.0,6.13,0.0,0.0
317.75,6.11,0.0,0.0
313.9,6.095,0.0,0.0
308.25,5.939,0.0,0.0
310.35,5.888,0.0,0.0
310.55,5.92,0.0,0.0
311.6,5.907,0.0,0.0
309.25,5.931,0.0,0.0
314.85,6.046,0.0,0.0
314.85,6.045,0.0,0.0
313.55,5.985,0.0,0.0
315.65,6.04,0.0,0.0
315.85,6.08,0.0,0.0
321.75,6.1,0.0,0.0
325.6,6.245,0.0,0.0
320.0,6.208,0.0,0.0
318.9,6.123,0.0,0.0
317.25,6.125,0.0,0.0
322.5,6.158,0.0,0.0
317.75,6.092,0.0,0.0
317.4,6.098,0.0,0.0
316.95,6.075,0.0,0.0
326.5,6.234,0.0,0.0
325.25,6.255,0.0,0.0
327.5,6.335,0.0,0.0
322.1,6.25,0.0,0.0
320.5,6.13,0.0,0.0
323.75,6.182,0.0,0.0
319.8,6.138,0.0,0.0
321.15,6.11,0.0,0.0
322.5,6.146,0.0,0.0
321.65,6.125,0.0,0.0
326.65,6.27,0.0,0.0
326.5,6.33,0.0,0.0
326.0,6.26,0.0,0.0
331.1,6.303,0.0,0.0
335.35,6.348,0.0,0.0
340.9,6.387,0.0,0.0
334.15,6.26,0.0,0.0
335.9,6.245,0.0,0.0
335.5,6.3,0.0,0.0
334.85,6.215,0.0,0.0
336.0,6.304,0.0,0.0
340.9,6.398,0.0,0.0
337.0,6.3,0.0,0.0
333.25,6.247,0.0,0.0
334.65,6.223,0.0,0.0
328.2,6.193,0.0,0.0
326.0,6.098,0.0,0.0
325.75,6.08,0.0,0.0
317.4,6.002,0.0,0.0
319.35,6.06,0.0,0.0
321.65,6.029,0.0,0.0
320.75,6.045,0.0,0.0
319.25,5.975,0.0,0.0
321.3,6.053,0.0,0.0
319.3,5.997,0.0,0.0
317.6,6.007,0.0,0.0
316.25,5.886,0.0,0.0
316.3,5.932,0.0,0.0
319.15,6.0,0.0,0.0
327.45,6.165,0.0,0.0
327.9,6.173,0.0,0.0
328.5,6.14,0.0,0.0
329.25,6.157,0.0,0.0
328.6,6.062,0.0,0.0
325.75,6.054,0.0,0.0
322.25,6.0,0.0,0.0
324.95,6.037,0.0,0.0
324.9,6.087,0.0,0.0
328.0,6.36,0.0,0.0
325.75,6.25,0.0,0.0
326.35,6.26,0.0,0.0
326.55,6.283,0.0,0.0
325.5,6.23,0.0,0.0
325.6,6.222,0.0,0.0
326.65,6.222,0.0,0.0
327.0,6.257,0.0,0.0
323.65,6.225,0.0,0.0
325.5,6.126,0.0,0.0
326.25,6.157,0.0,0.0
326.15,6.164,0.0,0.0
327.75,6.13,0.0,0.0
325.9,6.205,0.0,0.0
326.2,6.172,0.0,0.0
325.4,6.162,0.0,0.0
326.5,6.155,0.0,0.0
326.3,6.175,0.0,0.0
326.2,6.135,0.0,0.0
325.1,6.145,0.0,0.0
323.5,6.068,0.0,0.0
325.35,6.079,0.0,0.0
324.6,6.071,0.0,0.0
324.4,6.075,0.0,0.0
323.0,6.06,0.0,0.0
321.95,6.04,0.0,0.0
323.1,6.078,0.0,0.0
323.1,6.083,0.0,0.0
324.5,6.125,0.0,0.0
325.3,6.15,0.0,0.0
325.4,6.115,0.0,0.0
323.5,6.09,0.0,0.0
324.35,6.091,0.0,0.0
325.65,6.174,0.0,0.0
325.8,6.17,0.0,0.0
326.5,6.153,0.0,0.0
330.2,6.25,0.0,0.0
331.25,6.246,0.0,0.0
328.15,6.213,0.0,0.0
326.3,6.135,0.0,0.0
325.3,6.15,0.0,0.0
321.5,6.102,0.0,0.0
322.6,6.075,0.0,0.0
324.2,6.08,0.0,0.0
322.8,6.058,0.0,0.0
322.3,6.056,0.0,0.0
317.4,5.985,0.0,0.0
317.0,5.81,0.0,0.0
315.5,5.795,0.0,0.0
317.5,5.775,0.0,0.0
317.75,5.874,0.0,0.0
318.6,5.843,0.0,0.0
321.15,5.903,0.0,0.0
320.05,5.76,0.0,0.0
325.8,5.82,0.0,0.0
325.55,5.828,0.0,0.0
327.6,5.858,0.0,0.0
324.85,5.78,0.0,0.0
326.85,5.778,0.0,0.0
326.8,5.867,0.0,0.0
0.0,5.8,0.0,0.0
326.3,5.81,0.0,0.0
326.75,5.745,0.0,0.0
328.0,5.79,0.0,0.0
330.0,5.845,0.0,0.0
332.6,5.895,0.0,0.0
333.5,5.907,0.0,0.0
340.45,6.11,0.0,0.0
339.4,6.057,0.0,0.0
341.0,6.007,0.0,0.0
346.75,6.102,0.0,0.0
363.0,6.31,0.0,0.0
352.6,6.188,0.0,0.0
351.0,6.095,0.0,0.0
356.5,6.194,0.0,0.0
353.0,6.142,0.0,0.0
350.3,6.11,0.0,0.0
354.0,6.198,0.0,0.0
358.4,6.255,0.0,0.0
353.0,6.14,0.0,0.0
353.25,6.146,0.0,0.0
358.0,6.17,0.0,0.0
350.5,6.103,0.0,0.0
347.3,6.035,0.0,0.0
338.6,5.855,0.0,0.0
337.3,5.88,0.0,0.0
337.1,5.9,0.0,0.0
337.2,5.878,0.0,0.0
340.15,5.934,0.0,0.0
335.8,5.854,0.0,0.0
337.25,5.901,0.0,0.0
334.0,5.855,0.0,0.0
331.35,5.79,0.0,0.0
333.0,5.86,0.0,0.0
337.25,5.871,0.0,0.0
341.4,5.986,0.0,0.0
337.1,5.903,0.0,0.0
338.0,5.88,0.0,0.0
341.8,5.91,0.0,0.0
352.4,6.046,0.0,0.0
345.75,5.886,0.0,0.0
336.9,5.69,0.0,0.0
338.15,5.667,0.0,0.0
335.6,5.65,0.0,0.0
337.15,5.567,0.0,0.0
341.5,5.698,0.0,0.0
344.5,5.585,0.0,0.0
343.35,5.607,0.0,0.0
340.25,5.549,0.0,0.0
342.9,5.61,0.0,0.0
343.85,5.67,0.0,0.0
349.6,5.789,0.0,0.0
348.0,5.706,0.0,0.0
349.9,5.659,0.0,0.0
351.15,5.752,0.0,0.0
346.75,5.691,0.0,0.0
350.65,5.713,0.0,0.0
352.9,5.743,0.0,0.0
350.2,5.701,0.0,0.0
351.75,5.727,0.0,0.0
344.3,5.57,0.0,0.0
344.0,5.618,0.0,0.0
333.1,5.185,0.0,0.0
335.5,5.102,0.0,0.0
334.75,5.175,0.0,0.0
334.5,5.108,0.0,0.0
337.65,5.244,0.0,0.0
339.4,5.33,0.0,0.0
337.85,5.326,0.0,0.0
337.7,5.321,0.0,0.0
341.95,5.41,0.0,0.0
341.6,5.477,0.0,0.0
341.75,5.37,0.0,0.0
339.0,5.376,0.0,0.0
339.9,5.4,0.0,0.0
342.75,5.21,0.0,0.0
341.4,5.161,0.0,0.0
344.1,5.125,0.0,0.0
346.2,5.121,0.0,0.0
344.75,5.106,0.0,0.0
344.45,5.072,0.0,0.0
343.15,5.096,0.0,0.0
342.45,5.025,0.0,0.0
345.75,5.108,0.0,0.0
345.1,5.11,0.0,0.0
341.6,5.122,0.0,0.0
340.4,5.145,0.0,0.0
342.45,5.161,0.0,0.0
345.25,5.23,0.0,0.0
345.35,5.212,0.0,0.0
345.2,5.221,0.0,0.0
343.7,5.158,0.0,0.0
342.45,5.084,0.0,0.0
342.0,5.06,0.0,0.0
343.0,5.062,0.0,0.0
340.8,5.05,0.0,0.0
338.7,4.853,0.0,0.0
338.9,4.921,0.0,0.0
340.45,4.929,0.0,0.0
341.1,5.002,0.0,0.0
341.5,5.092,0.0,0.0
343.75,5.115,0.0,0.0
342.7,5.09,0.0,0.0
343.2,5.205,0.0,0.0
341.85,5.205,0.0,0.0
342.2,5.124,0.0,0.0
340.75,5.102,0.0,0.0
341.75,5.147,0.0,0.0
341.65,5.145,0.0,0.0
341.8,5.146,0.0,0.0
347.7,5.288,0.0,0.0
347.4,5.328,0.0,0.0
348.35,5.425,0.0,0.0
346.2,5.298,0.0,0.0
339.3,5.256,0.0,0.0
336.75,5.075,0.0,0.0
339.15,5.091,0.0,0.0
339.2,5.066,0.0,0.0
339.65,5.099,0.0,0.0
341.05,5.105,0.0,0.0
342.0,5.057,0.0,0.0
344.15,5.111,0.0,0.0
344.9,5.075,0.0,0.0
344.5,5.04,0.0,0.0
346.75,5.045,0.0,0.0
345.1,5.095,0.0,0.0
342.3,5.105,0.0,0.0
343.85,5.066,0.0,0.0
343.8,5.053,0.0,0.0
344.85,5.058,0.0,0.0
347.85,5.103,0.0,0.0
348.1,5.11,0.0,0.0
346.8,5.061,0.0,0.0
348.1,5.063,0.0,0.0
345.75,5.037,0.0,0.0
346.0,5.03,0.0,0.0
347.6,5.085,0.0,0.0
347.0,5.032,0.0,0.0
347.9,5.033,0.0,0.0
353.95,5.029,0.0,0.0
353.5,5.025,0.0,0.0
347.25,4.967,0.0,0.0
348.65,5.005,0.0,0.0
349.4,5.01,0.0,0.0
353.6,5.016,0.0,0.0
351.25,5.013,0.0,0.0
351.65,4.978,0.0,0.0
357.5,5.045,0.0,0.0
361.0,5.05,0.0,0.0
359.8,5.137,0.0,0.0
358.5,5.141,0.0,0.0
362.4,5.183,0.0,0.0
361.8,5.17,0.0,0.0
368.8,5.199,0.0,0.0
388.0,5.491,0.0,0.0
384.0,5.425,0.0,0.0
388.0,5.435,0.0,0.0
385.25,5.28,0.0,0.0
385.1,5.34,0.0,0.0
377.25,5.205,0.0,0.0
374.4,5.08,0.0,0.0
378.0,5.151,0.0,0.0
380.75,5.15,0.0,0.0
386.25,5.256,0.0,0.0
381.1,5.123,0.0,0.0
380.1,5.103,0.0,0.0
386.7,5.145,0.0,0.0
384.7,5.17,0.0,0.0
391.75,5.205,0.0,0.0
393.25,5.205,0.0,0.0
405.0,5.41,0.0,0.0
405.5,5.296,0.0,0.0
420.8,5.465,0.0,0.0
418.6,5.536,0.0,0.0
409.25,5.67,0.0,0.0
418.5,5.78,0.0,0.0
402.0,5.65,0.0,0.0
419.5,5.776,0.0,0.0
413.0,5.8,0.0,0.0
417.25,5.833,0.0,0.0
413.2,5.8,0.0,0.0
417.85,5.758,0.0,0.0
430.0,5.89,0.0,0.0
435.5,6.03,0.0,0.0
435.0,5.95,0.0,0.0
431.5,5.948,0.0,0.0
429.4,5.903,0.0,0.0
433.0,5.76,0.0,0.0
427.0,5.639,0.0,0.0
423.2,5.52,0.0,0.0
425.0,5.571,0.0,0.0
431.3,5.56,0.0,0.0
436.0,5.765,0.0,0.0
436.9,5.74,0.0,0.0
436.0,5.73,0.0,0.0
438.1,5.683,0.0,0.0
435.75,5.72,0.0,0.0
430.75,5.604,0.0,0.0
432.6,5.653,0.0,0.0
428.8,5.64,0.0,0.0
422.0,5.58,0.0,0.0
425.5,5.569,0.0,0.0
419.25,5.505,0.0,0.0
425.0,5.55,0.0,0.0
425.1,5.788,0.0,0.0
425.0,5.819,0.0,0.0
423.4,5.79,0.0,0.0
410.5,5.621,0.0,0.0
409.75,5.633,0.0,0.0
410.7,5.658,0.0,0.0
405.8,5.595,0.0,0.0
406.5,5.597,0.0,0.0
401.0,5.607,0.0,0.0
406.2,5.625,0.0,0.0
408.0,5.732,0.0,0.0
405.25,5.735,0.0,0.0
408.55,5.613,0.0,0.0
408.2,5.707,0.0,0.0
410.75,5.786,0.0,0.0
406.0,5.738,0.0,0.0
407.0,5.745,0.0,0.0
407.5,5.78,0.0,0.0
408.25,5.838,0.0,0.0
392.5,5.657,0.0,0.0
391.0,5.57,0.0,0.0
393.4,5.553,0.0,0.0
389.35,5.459,0.0,0.0
388.2,5.445,0.0,0.0
380.5,5.26,0.0,0.0
383.75,5.245,0.0,0.0
383.6,5.28,0.0,0.0
383.5,5.265,0.0,0.0
389.5,5.383,0.0,0.0
395.55,5.495,0.0,0.0
389.5,5.433,0.0,0.0
389.75,5.313,0.0,0.0
389.25,5.38,0.0,0.0
388.5,5.35,0.0,0.0
389.6,5.373,0.0,0.0
386.8,5.351,0.0,0.0
391.5,5.32,0.0,0.0
388.4,5.353,0.0,0.0
391.5,5.373,0.0,0.0
394.3,5.446,0.0,0.0
393.1,5.435,0.0,0.0
392.0,5.37,0.0,0.0
390.75,5.363,0.0,0.0
394.8,5.375,0.0,0.0
394.15,5.408,0.0,0.0
389.2,5.37,0.0,0.0
0.0,5.301,0.0,0.0
390.1,5.318,0.0,0.0
388.75,5.275,0.0,0.0
0.0,5.282,0.0,0.0
403.5,5.363,0.0,0.0
398.95,5.368,0.0,0.0
401.7,5.4,0.0,0.0
400.4,5.36,0.0,0.0
402.65,5.416,0.0,0.0
402.0,5.388,0.0,0.0
411.1,5.508,0.0,0.0
409.0,5.543,0.0,0.0
415.1,5.579,0.0,0.0
416.25,5.567,0.0,0.0
415.7,5.562,0.0,0.0
422.25,5.65,0.0,0.0
415.75,5.598,0.0,0.0
407.2,5.475,0.0,0.0
410.45,5.541,0.0,0.0
400.0,5.515,0.0,0.0
406.0,5.551,0.0,0.0
411.5,5.625,0.0,0.0
413.75,5.73,0.0,0.0
409.7,5.607,0.0,0.0
400.5,5.55,0.0,0.0
406.75,5.529,0.0,0.0
404.0,5.485,0.0,0.0
402.8,5.503,0.0,0.0
398.9,5.495,0.0,0.0
402.6,5.564,0.0,0.0
405.9,5.53,0.0,0.0
402.85,5.54,0.0,0.0
403.0,5.543,0.0,0.0
402.3,5.511,0.0,0.0
397.35,5.428,0.0,0.0
397.25,5.451,0.0,0.0
397.25,5.451,0.0,0.0
390.0,5.39,0.0,0.0
393.35,5.398,0.0,0.0
399.75,5.44,0.0,0.0
403.2,5.478,0.0,0.0
399.3,5.45,0.0,0.0
405.8,5.503,0.0,0.0
404.1,5.473,0.0,0.0
405.85,5.468,0.0,0.0
404.25,5.429,0.0,0.0
403.8,5.443,0.0,0.0
406.55,5.475,0.0,0.0
410.75,5.508,0.0,0.0
406.3,5.533,0.0,0.0
405.0,5.55,0.0,0.0
405.6,5.525,0.0,0.0
407.2,5.546,0.0,0.0
409.9,5.565,0.0,0.0
408.5,5.66,0.0,0.0
405.3,5.56,0.0,0.0
406.35,5.592,0.0,0.0
404.35,5.576,0.0,0.0
404.45,5.565,0.0,0.0
404.45,5.555,0.0,0.0
408.3,5.563,0.0,0.0
409.0,5.712,0.0,0.0
413.7,5.913,0.0,0.0
411.0,5.841,0.0,0.0
416.35,5.96,0.0,0.0
424.0,6.229,0.0,0.0
421.0,6.305,0.0,0.0
418.75,6.256,0.0,0.0
418.7,6.299,0.0,0.0
418.7,6.353,0.0,0.0
421.45,6.499,0.0,0.0
418.5,6.745,0.0,0.0
420.5,6.689,0.0,0.0
421.0,6.653,0.0,0.0
431.6,6.9,0.0,0.0
435.9,6.89,0.0,0.0
442.4,6.87,0.0,0.0
444.1,7.242,0.0,0.0
437.75,7.19,0.0,0.0
449.5,7.843,0.0,0.0
445.5,7.841,0.0,0.0
450.5,8.302,0.0,0.0
462.2,9.138,0.0,0.0
474.75,10.925,0.0,0.0
453.0,8.445,0.0,0.0
449.0,8.252,0.0,0.0
453.25,8.125,0.0,0.0
456.75,7.935,0.0,0.0
459.25,8.95,0.0,0.0
456.25,8.193,0.0,0.0
456.25,8.095,0.0,0.0
453.0,8.19,0.0,0.0
453.0,8.295,0.0,0.0
460.7,8.69,0.0,0.0
460.5,8.695,0.0,0.0
461.05,8.65,0.0,0.0
469.9,8.864,0.0,0.0
473.25,9.443,0.0,0.0
471.1,9.08,0.0,0.0
475.25,9.38,0.0,0.0
469.1,8.975,0.0,0.0
466.5,8.993,0.0,0.0
449.0,8.027,0.0,0.0
449.5,7.296,0.0,0.0
453.1,7.485,0.0,0.0
451.0,7.685,0.0,0.0
442.9,7.339,0.0,0.0
455.0,7.575,0.0,0.0
453.0,7.671,0.0,0.0
452.75,7.63,0.0,0.0
453.5,7.88,0.0,0.0
456.55,7.86,0.0,0.0
452.65,7.715,0.0,0.0
455.65,7.93,0.0,0.0
457.0,7.79,0.0,0.0
455.45,7.908,0.0,0.0
449.75,7.499,0.0,0.0
452.75,7.669,0.0,0.0
451.25,7.475,0.0,0.0
452.2,7.49,0.0,0.0
449.0,7.502,0.0,0.0
438.0,7.0,0.0,0.0
440.2,6.76,0.0,0.0
441.75,6.95,0.0,0.0
440.5,6.831,0.0,0.0
444.1,6.81,0.0,0.0
449.75,6.953,0.0,0.0
447.3,7.142,0.0,0.0
445.75,7.3,0.0,0.0
446.25,7.38,0.0,0.0
444.1,7.241,0.0,0.0
443.35,7.203,0.0,0.0
444.5,7.47,0.0,0.0
446.4,7.36,0.0,0.0
444.1,7.632,0.0,0.0
444.75,7.655,0.0,0.0
446.5,7.555,0.0,0.0
447.0,7.696,0.0,0.0
452.7,7.645,0.0,0.0
453.75,7.788,0.0,0.0
450.6,7.71,0.0,0.0
450.9,7.526,0.0,0.0
452.4,7.67,0.0,0.0
454.9,7.725,0.0,0.0
453.95,7.745,0.0,0.0
453.3,7.683,0.0,0.0
453.15,7.684,0.0,0.0
456.15,7.735,0.0,0.0
457.75,8.026,0.0,0.0
457.15,8.005,0.0,0.0
462.5,8.32,0.0,0.0
472.75,8.6,0.0,0.0
473.4,8.73,0.0,0.0
469.8,8.43,0.0,0.0
468.7,8.293,0.0,0.0
464.1,7.985,0.0,0.0
461.1,7.734,0.0,0.0
461.2,7.815,0.0,0.0
463.4,7.76,0.0,0.0
462.5,7.86,0.0,0.0
460.0,7.628,0.0,0.0
453.3,7.53,0.0,0.0
457.5,7.62,0.0,0.0
456.35,7.661,0.0,0.0
456.1,7.758,0.0,0.0
455.5,7.615,0.0,0.0
459.5,7.615,0.0,0.0
458.0,7.75,0.0,0.0
457.6,7.7,0.0,0.0
458.75,7.728,0.0,0.0
453.4,7.547,0.0,0.0
453.75,7.45,0.0,0.0
463.1,7.6,0.0,0.0
463.7,7.66,0.0,0.0
464.75,7.68,0.0,0.0
463.5,7.688,0.0,0.0
456.95,7.642,0.0,0.0
458.3,7.517,0.0,0.0
460.2,7.595,0.0,0.0
459.85,7.821,0.0,0.0
455.55,7.555,0.0,0.0
458.8,7.71,0.0,0.0
458.4,7.621,0.0,0.0
460.5,7.509,0.0,0.0
461.7,7.631,0.0,0.0
459.1,7.36,0.0,0.0
461.55,7.658,0.0,0.0
462.4,7.542,0.0,0.0
464.0,7.636,0.0,0.0
461.8,7.57,0.0,0.0
460.85,7.63,0.0,0.0
459.4,7.55,0.0,0.0
459.5,7.643,0.0,0.0
454.9,7.55,0.0,0.0
454.35,7.534,0.0,0.0
456.5,7.568,0.0,0.0
458.0,7.62,0.0,0.0
458.05,7.653,0.0,0.0
458.15,7.654,0.0,0.0
462.05,7.82,0.0,0.0
461.75,7.832,0.0,0.0
459.2,7.73,0.0,0.0
460.8,7.702,0.0,0.0
466.6,7.815,0.0,0.0
465.25,0.0,0.0,0.0
481.0,8.308,0.0,0.0
464.3,7.835,0.0,0.0
467.0,7.504,0.0,0.0
471.65,7.502,0.0,0.0
470.5,7.526,0.0,0.0
475.0,7.574,0.0,0.0
474.0,7.35,0.0,0.0
477.5,7.456,0.0,0.0
472.45,7.14,0.0,0.0
468.8,6.88,0.0,0.0
469.3,7.0,0.0,0.0
464.25,6.955,0.0,0.0
466.15,6.74,0.0,0.0
457.55,6.285,0.0,0.0
460.0,6.373,0.0,0.0
463.5,6.661,0.0,0.0
458.25,6.411,0.0,0.0
461.85,6.49,0.0,0.0
462.45,6.641,0.0,0.0
464.95,6.71,0.0,0.0
462.1,6.558,0.0,0.0
464.6,6.726,0.0,0.0
463.7,6.663,0.0,0.0
465.15,6.645,0.0,0.0
465.7,6.6,0.0,0.0
469.4,6.634,0.0,0.0
475.0,6.923,0.0,0.0
476.5,6.885,0.0,0.0
477.65,6.95,0.0,0.0
478.4,7.004,0.0,0.0
492.5,7.254,0.0,0.0
487.8,6.99,0.0,0.0
490.9,6.933,0.0,0.0
491.1,6.955,0.0,0.0
486.25,6.837,0.0,0.0
481.15,6.63,0.0,0.0
484.3,6.705,0.0,0.0
484.2,6.76,0.0,0.0
488.0,6.725,0.0,0.0
493.5,7.01,0.0,0.0
499.75,7.04,0.0,0.0
492.5,6.91,0.0,0.0
486.3,6.715,0.0,0.0
477.5,6.771,0.0,0.0
481.0,6.794,0.0,0.0
480.0,6.773,0.0,0.0
483.0,6.783,0.0,0.0
481.5,6.761,0.0,0.0
0.0,6.73,0.0,0.0
485.7,6.81,0.0,0.0
484.1,6.7,0.0,0.0
0.0,6.702,0.0,0.0
480.5,6.635,0.0,0.0
475.5,6.5,0.0,0.0
481.4,6.75,0.0,0.0
483.5,6.998,0.0,0.0
483.9,6.85,0.0,0.0
483.9,6.99,0.0,0.0
480.4,6.857,0.0,0.0
481.9,6.764,0.0,0.0
481.4,6.785,0.0,0.0
480.3,6.821,0.0,0.0
475.4,6.7,0.0,0.0
477.1,6.701,0.0,0.0
477.65,6.73,0.0,0.0
477.2,6.673,0.0,0.0
476.2,6.707,0.0,0.0
476.25,6.752,0.0,0.0
469.75,6.623,0.0,0.0
465.0,6.614,0.0,0.0
466.35,6.635,0.0,0.0
458.0,6.55,0.0,0.0
452.7,6.535,0.0,0.0
455.9,6.615,0.0,0.0
445.4,6.406,0.0,0.0
443.25,6.344,0.0,0.0
441.7,6.388,0.0,0.0
442.1,6.325,0.0,0.0
438.6,6.293,0.0,0.0
441.1,6.323,0.0,0.0
440.6,6.27,0.0,0.0
443.6,6.283,0.0,0.0
445.5,6.35,0.0,0.0
445.0,6.35,0.0,0.0
445.6,6.36,0.0,0.0
447.25,6.434,0.0,0.0
442.9,6.351,0.0,0.0
445.5,6.385,0.0,0.0
442.4,6.375,0.0,0.0
435.75,6.244,0.0,0.0
432.1,6.201,0.0,0.0
430.45,6.205,0.0,0.0
426.15,6.138,0.0,0.0
429.3,6.208,0.0,0.0
428.9,6.241,0.0,0.0
429.1,6.2,0.0,0.0
431.8,6.267,0.0,0.0
435.9,6.36,0.0,0.0
436.35,6.379,0.0,0.0
436.5,6.293,0.0,0.0
442.4,6.388,0.0,0.0
441.8,6.33,0.0,0.0
442.25,6.23,0.0,0.0
442.2,6.268,0.0,0.0
446.2,6.369,0.0,0.0
445.5,6.309,0.0,0.0
442.85,6.319,0.0,0.0
449.25,6.363,0.0,0.0
447.9,6.433,0.0,0.0
449.5,6.476,0.0,0.0
453.95,6.67,0.0,0.0
451.8,6.618,0.0,0.0
453.9,6.65,0.0,0.0
454.9,6.639,0.0,0.0
453.75,6.69,0.0,0.0
456.95,6.752,0.0,0.0
453.6,6.73,0.0,0.0
449.85,6.603,0.0,0.0
447.2,6.46,0.0,0.0
449.4,6.415,0.0,0.0
448.8,6.405,0.0,0.0
450.8,6.44,0.0,0.0
449.35,6.373,0.0,0.0
450.35,6.356,0.0,0.0
456.3,6.46,0.0,0.0
458.0,6.495,0.0,0.0
456.9,6.42,0.0,0.0
457.4,6.472,0.0,0.0
454.25,6.429,0.0,0.0
448.6,6.412,0.0,0.0
450.2,6.41,0.0,0.0
447.0,6.383,0.0,0.0
450.3,6.37,0.0,0.0
452.1,6.495,0.0,0.0
449.0,6.463,0.0,0.0
445.9,6.358,0.0,0.0
443.25,6.318,0.0,0.0
444.85,6.353,0.0,0.0
442.8,6.365,0.0,0.0
444.4,6.375,0.0,0.0
446.65,6.45,0.0,0.0
449.1,6.543,0.0,0.0
451.0,6.53,0.0,0.0
449.5,6.55,0.0,0.0
453.25,6.665,0.0,0.0
454.7,6.585,0.0,0.0
454.0,6.56,0.0,0.0
457.9,6.725,0.0,0.0
454.9,6.62,0.0,0.0
457.25,6.76,0.0,0.0
457.25,6.694,0.0,0.0
453.9,6.64,0.0,0.0
453.25,6.57,0.0,0.0
452.0,6.585,0.0,0.0
455.5,6.6,0.0,0.0
456.75,6.709,0.0,0.0
453.7,6.76,0.0,0.0
464.7,7.22,0.0,0.0
464.55,7.233,0.0,0.0
464.4,7.28,0.0,0.0
457.85,7.191,0.0,0.0
455.45,6.983,0.0,0.0
457.6,7.13,0.0,0.0
449.0,6.98,0.0,0.0
446.5,6.98,0.0,0.0
452.0,7.028,0.0,0.0
453.9,7.161,0.0,0.0
450.25,7.114,0.0,0.0
454.2,7.225,0.0,0.0
451.65,7.185,0.0,0.0
448.5,7.099,0.0,0.0
447.8,6.994,0.0,0.0
443.25,6.914,0.0,0.0
443.3,6.843,0.0,0.0
443.85,6.963,0.0,0.0
433.55,6.709,0.0,0.0
436.55,6.65,0.0,0.0
436.85,6.686,0.0,0.0
437.55,6.713,0.0,0.0
437.5,6.725,0.0,0.0
436.8,6.775,0.0,0.0
440.9,6.945,0.0,0.0
439.4,6.946,0.0,0.0
436.8,7.095,0.0,0.0
433.8,6.89,0.0,0.0
435.0,6.97,0.0,0.0
440.75,7.242,0.0,0.0
439.1,7.323,0.0,0.0
435.65,7.24,0.0,0.0
436.25,7.151,0.0,0.0
444.8,7.822,0.0,0.0
444.75,7.76,0.0,0.0
442.2,7.708,0.0,0.0
438.5,7.581,0.0,0.0
431.2,6.987,0.0,0.0
432.85,6.928,0.0,0.0
432.75,6.778,0.0,0.0
436.8,6.8,0.0,0.0
434.6,6.863,0.0,0.0
432.75,6.823,0.0,0.0
434.1,6.76,0.0,0.0
433.1,6.852,0.0,0.0
432.85,6.835,0.0,0.0
432.0,6.798,0.0,0.0
425.8,6.699,0.0,0.0
427.2,6.602,0.0,0.0
427.95,6.698,0.0,0.0
433.25,6.717,0.0,0.0
430.25,6.695,0.0,0.0
432.65,6.753,0.0,0.0
429.0,6.62,0.0,0.0
430.55,6.649,0.0,0.0
432.6,6.675,0.0,0.0
431.0,6.62,0.0,0.0
432.6,6.737,0.0,0.0
433.0,6.728,0.0,0.0
434.2,6.779,0.0,0.0
433.15,6.705,0.0,0.0
427.75,6.51,0.0,0.0
427.75,6.459,0.0,0.0
430.4,6.548,0.0,0.0
428.75,6.569,0.0,0.0
427.4,6.49,0.0,0.0
428.45,6.538,0.0,0.0
427.25,6.509,0.0,0.0
428.25,6.57,0.0,0.0
429.4,6.633,0.0,0.0
419.4,6.422,0.0,0.0
420.45,6.443,0.0,0.0
421.5,6.51,0.0,0.0
418.85,6.488,0.0,0.0
415.15,6.433,0.0,0.0
409.0,6.29,0.0,0.0
410.0,6.346,0.0,0.0
400.65,6.189,0.0,0.0
397.75,6.167,0.0,0.0
400.35,6.238,0.0,0.0
395.3,6.099,0.0,0.0
397.1,6.145,0.0,0.0
395.4,6.175,0.0,0.0
398.5,6.213,0.0,0.0
396.7,6.169,0.0,0.0
396.0,6.124,0.0,0.0
398.5,6.207,0.0,0.0
395.45,6.223,0.0,0.0
403.75,6.323,0.0,0.0
403.9,6.31,0.0,0.0
406.75,6.349,0.0,0.0
407.25,6.335,0.0,0.0
406.4,6.255,0.0,0.0
406.7,6.333,0.0,0.0
407.6,6.279,0.0,0.0
413.0,6.343,0.0,0.0
411.45,6.414,0.0,0.0
411.25,6.322,0.0,0.0
412.2,6.34,0.0,0.0
410.25,6.34,0.0,0.0
405.5,6.22,0.0,0.0
407.65,6.235,0.0,0.0
407.4,6.25,0.0,0.0
407.5,6.23,0.0,0.0
411.5,6.214,0.0,0.0
412.4,6.308,0.0,0.0
410.9,6.275,0.0,0.0
414.75,6.348,0.0,0.0
423.4,6.503,0.0,0.0
421.0,6.401,0.0,0.0
420.6,6.425,0.0,0.0
418.35,6.479,0.0,0.0
420.8,6.408,0.0,0.0
419.1,6.518,0.0,0.0
420.3,6.439,0.0,0.0
419.3,6.385,0.0,0.0
424.0,6.43,0.0,0.0
423.85,6.38,0.0,0.0
422.0,6.326,0.0,0.0
417.75,6.208,0.0,0.0
415.95,6.139,0.0,0.0
418.4,6.065,0.0,0.0
419.25,6.105,0.0,0.0
419.95,6.14,0.0,0.0
424.1,6.137,0.0,0.0
424.25,6.165,0.0,0.0
423.1,6.137,0.0,0.0
422.6,6.069,0.0,0.0
424.75,6.163,0.0,0.0
424.25,6.108,0.0,0.0
429.0,6.189,0.0,0.0
427.75,6.154,0.0,0.0
422.6,6.106,0.0,0.0
423.2,6.173,0.0,0.0
419.75,6.122,0.0,0.0
420.0,6.141,0.0,0.0
420.5,6.141,0.0,0.0
420.0,6.135,0.0,0.0
418.45,6.193,0.0,0.0
411.75,6.08,0.0,0.0
413.0,6.091,0.0,0.0
412.9,6.081,0.0,0.0
414.6,6.116,0.0,0.0
417.25,6.11,0.0,0.0
0.0,6.123,0.0,0.0
412.85,6.094,0.0,0.0
410.25,6.07,0.0,0.0
0.0,6.05,0.0,0.0
411.6,6.07,0.0,0.0
409.35,6.028,0.0,0.0
407.25,5.958,0.0,0.0
406.35,5.973,0.0,0.0
402.45,5.93,0.0,0.0
404.5,5.96,0.0,0.0
403.8,5.909,0.0,0.0
404.15,5.956,0.0,0.0
405.55,5.912,0.0,0.0
401.5,5.874,0.0,0.0
402.25,5.906,0.0,0.0
402.5,5.935,0.0,0.0
403.6,5.923,0.0,0.0
405.5,5.99,0.0,0.0
407.45,6.163,0.0,0.0
408.3,6.21,0.0,0.0
404.2,6.12,0.0,0.0
406.25,6.19,0.0,0.0
399.75,6.082,0.0,0.0
394.0,5.866,0.0,0.0
394.0,5.848,0.0,0.0
392.8,5.821,0.0,0.0
391.1,5.824,0.0,0.0
390.0,5.813,0.0,0.0
387.9,5.819,0.0,0.0
391.0,5.902,0.0,0.0
390.55,5.878,0.0,0.0
393.8,5.934,0.0,0.0
389.6,5.9,0.0,0.0
384.5,5.79,0.0,0.0
384.1,5.83,0.0,0.0
381.0,5.798,0.0,0.0
384.25,5.883,0.0,0.0
380.4,5.834,0.0,0.0
382.4,5.928,0.0,0.0
383.5,5.931,0.0,0.0
386.75,5.947,0.0,0.0
390.5,5.973,0.0,0.0
388.4,5.943,0.0,0.0
390.6,5.953,0.0,0.0
387.0,5.858,0.0,0.0
384.05,5.838,0.0,0.0
383.9,5.758,0.0,0.0
386.4,5.808,0.0,0.0
387.25,5.828,0.0,0.0
390.75,5.799,0.0,0.0
394.6,5.895,0.0,0.0
391.5,5.869,0.0,0.0
393.5,6.038,0.0,0.0
392.5,6.04,0.0,0.0
395.0,6.06,0.0,0.0
392.9,6.133,0.0,0.0
389.4,6.062,0.0,0.0
394.3,6.053,0.0,0.0
395.5,6.152,0.0,0.0
392.75,6.081,0.0,0.0
393.35,6.057,0.0,0.0
394.9,6.093,0.0,0.0
390.75,5.969,0.0,0.0
382.95,5.826,0.0,0.0
383.7,5.816,0.0,0.0
383.2,5.766,0.0,0.0
385.45,5.791,0.0,0.0
386.65,5.827,0.0,0.0
383.0,5.803,0.0,0.0
384.35,5.81,0.0,0.0
382.25,5.813,0.0,0.0
381.5,5.758,0.0,0.0
385.0,5.824,0.0,0.0
387.25,5.82,0.0,0.0
390.25,5.878,0.0,0.0
386.2,5.863,0.0,0.0
385.15,5.798,0.0,0.0
383.95,5.815,0.0,0.0
383.9,5.763,0.0,0.0
384.0,5.775,0.0,0.0
384.0,5.78,0.0,0.0
383.55,5.76,0.0,0.0
385.9,5.813,0.0,0.0
383.85,5.778,0.0,0.0
384.25,5.763,0.0,0.0
377.55,5.639,0.0,0.0
377.45,5.65,0.0,0.0
378.6,5.638,0.0,0.0
378.25,5.633,0.0,0.0
375.7,5.618,0.0,0.0
378.25,5.601,0.0,0.0
376.1,5.594,0.0,0.0
377.2,5.67,0.0,0.0
378.35,5.64,0.0,0.0
377.3,5.659,0.0,0.0
373.8,5.504,0.0,0.0
374.5,5.508,0.0,0.0
371.9,5.503,0.0,0.0
370.0,5.428,0.0,0.0
365.5,5.367,0.0,0.0
359.75,5.086,0.0,0.0
364.5,5.1,0.0,0.0
361.5,5.169,0.0,0.0
363.6,5.211,0.0,0.0
365.8,5.33,0.0,0.0
362.1,5.219,0.0,0.0
361.8,5.22,0.0,0.0
361.4,5.159,0.0,0.0
361.5,5.22,0.0,0.0
365.2,5.311,0.0,0.0
364.9,5.239,0.0,0.0
374.2,5.403,0.0,0.0
374.5,5.423,0.0,0.0
368.25,5.393,0.0,0.0
359.9,5.192,0.0,0.0
358.7,5.223,0.0,0.0
361.1,5.233,0.0,0.0
361.5,5.205,0.0,0.0
365.35,5.309,0.0,0.0
364.4,5.324,0.0,0.0
366.6,5.34,0.0,0.0
365.9,5.24,0.0,0.0
369.75,5.327,0.0,0.0
370.0,5.307,0.0,0.0
374.7,5.313,0.0,0.0
376.25,5.288,0.0,0.0
373.75,5.3,0.0,0.0
376.3,5.278,0.0,0.0
373.0,5.174,0.0,0.0
374.5,5.193,0.0,0.0
376.25,5.231,0.0,0.0
383.6,5.26,0.0,0.0
385.5,5.36,0.0,0.0
383.55,5.343,0.0,0.0
383.25,5.26,0.0,0.0
378.75,5.225,0.0,0.0
379.75,5.25,0.0,0.0
375.75,5.201,0.0,0.0
370.8,5.18,0.0,0.0
370.6,5.23,0.0,0.0
371.7,5.245,0.0,0.0
370.7,5.224,0.0,0.0
371.05,5.18,0.0,0.0
372.4,5.229,0.0,0.0
371.95,5.206,0.0,0.0
371.25,5.214,0.0,0.0
372.3,5.209,0.0,0.0
374.15,5.234,0.0,0.0
369.7,5.205,0.0,0.0
368.3,5.146,0.0,0.0
369.0,5.248,0.0,0.0
369.75,5.242,0.0,0.0
369.25,5.218,0.0,0.0
370.5,5.291,0.0,0.0
366.1,5.163,0.0,0.0
365.9,5.163,0.0,0.0
364.6,5.159,0.0,0.0
365.85,5.17,0.0,0.0
361.9,5.131,0.0,0.0
363.3,5.169,0.0,0.0
366.1,5.191,0.0,0.0
367.6,5.24,0.0,0.0
364.9,5.18,0.0,0.0
366.25,5.237,0.0,0.0
365.9,5.214,0.0,0.0
366.4,5.223,0.0,0.0
366.2,5.228,0.0,0.0
362.2,5.17,0.0,0.0
360.45,5.123,0.0,0.0
359.8,5.118,0.0,0.0
361.4,5.128,0.0,0.0
359.8,5.069,0.0,0.0
359.4,5.05,0.0,0.0
358.85,5.068,0.0,0.0
358.55,5.061,0.0,0.0
360.2,5.093,0.0,0.0
359.2,5.1,0.0,0.0
359.6,5.119,0.0,0.0
358.35,5.07,0.0,0.0
358.6,5.082,0.0,0.0
358.5,5.079,0.0,0.0
361.5,5.088,0.0,0.0
355.75,5.063,0.0,0.0
359.7,5.068,0.0,0.0
360.65,5.068,0.0,0.0
362.75,5.071,0.0,0.0
362.8,5.113,0.0,0.0
364.9,5.215,0.0,0.0
367.35,5.315,0.0,0.0
368.0,5.263,0.0,0.0
369.0,5.293,0.0,0.0
366.5,5.256,0.0,0.0
366.5,5.28,0.0,0.0
366.5,5.228,0.0,0.0
365.5,5.225,0.0,0.0
366.0,5.228,0.0,0.0
366.2,5.253,0.0,0.0
363.0,5.15,0.0,0.0
362.9,5.13,0.0,0.0
361.9,5.071,0.0,0.0
361.05,5.045,0.0,0.0
363.15,5.092,0.0,0.0
363.2,5.081,0.0,0.0
368.4,5.169,0.0,0.0
366.65,5.088,0.0,0.0
368.5,5.128,0.0,0.0
368.6,5.129,0.0,0.0
365.65,5.089,0.0,0.0
365.5,5.082,0.0,0.0
366.6,5.097,0.0,0.0
368.65,5.133,0.0,0.0
368.6,5.121,0.0,0.0
372.6,5.17,0.0,0.0
377.0,5.249,0.0,0.0
375.3,5.233,0.0,0.0
373.05,5.168,0.0,0.0
374.25,5.158,0.0,0.0
380.5,5.242,0.0,0.0
379.75,5.232,0.0,0.0
384.1,5.293,0.0,0.0
383.2,5.265,0.0,0.0
387.1,5.28,0.0,0.0
385.35,5.28,0.0,0.0
390.5,5.3,0.0,0.0
388.25,5.343,0.0,0.0
391.4,5.372,0.0,0.0
391.4,5.498,0.0,0.0
392.0,5.66,0.0,0.0
394.9,5.69,0.0,0.0
399.0,5.758,0.0,0.0
409.9,5.8,0.0,0.0
411.55,5.798,0.0,0.0
415.8,5.885,0.0,0.0
413.75,5.836,0.0,0.0
409.75,5.601,0.0,0.0
410.1,5.612,0.0,0.0
408.15,5.566,0.0,0.0
413.85,5.71,0.0,0.0
408.6,5.651,0.0,0.0
403.75,5.529,0.0,0.0
402.85,5.538,0.0,0.0
406.0,5.586,0.0,0.0
409.35,5.61,0.0,0.0
415.5,5.659,0.0,0.0
415.5,5.695,0.0,0.0
413.0,5.666,0.0,0.0
408.5,5.55,0.0,0.0
412.75,5.6,0.0,0.0
407.5,5.586,0.0,0.0
412.4,5.558,0.0,0.0
412.4,5.578,0.0,0.0
413.0,5.603,0.0,0.0
0.0,5.596,0.0,0.0
406.0,5.533,0.0,0.0
398.6,5.291,0.0,0.0
0.0,5.217,0.0,0.0
399.0,5.21,0.0,0.0
395.0,5.16,0.0,0.0
396.5,5.196,0.0,0.0
405.0,5.28,0.0,0.0
404.6,5.28,0.0,0.0
403.45,5.248,0.0,0.0
409.1,5.265,0.0,0.0
412.1,5.313,0.0,0.0
416.25,5.333,0.0,0.0
415.6,5.332,0.0,0.0
412.75,5.222,0.0,0.0
410.4,5.226,0.0,0.0
413.4,5.27,0.0,0.0
408.65,5.205,0.0,0.0
406.0,5.201,0.0,0.0
408.25,5.26,0.0,0.0
420.75,5.282,0.0,0.0
415.65,5.228,0.0,0.0
418.0,5.276,0.0,0.0
418.75,5.256,0.0,0.0
418.15,5.2,0.0,0.0
415.05,5.205,0.0,0.0
415.8,5.213,0.0,0.0
417.95,5.315,0.0,0.0
423.0,5.326,0.0,0.0
421.05,5.318,0.0,0.0
423.75,5.303,0.0,0.0
418.0,5.325,0.0,0.0
415.5,5.316,0.0,0.0
418.85,5.3,0.0,0.0
418.05,5.333,0.0,0.0
414.6,5.286,0.0,0.0
416.65,5.34,0.0,0.0
416.5,5.325,0.0,0.0
416.5,5.33,0.0,0.0
419.95,5.356,0.0,0.0
420.0,5.338,0.0,0.0
417.65,5.285,0.0,0.0
415.85,5.252,0.0,0.0
411.3,5.237,0.0,0.0
407.55,5.173,0.0,0.0
407.7,5.12,0.0,0.0
406.3,5.14,0.0,0.0
405.05,5.14,0.0,0.0
403.2,5.122,0.0,0.0
405.35,5.133,0.0,0.0
400.5,5.143,0.0,0.0
400.7,5.14,0.0,0.0
399.3,5.109,0.0,0.0
401.25,5.125,0.0,0.0
397.25,5.056,0.0,0.0
398.75,5.085,0.0,0.0
399.5,5.093,0.0,0.0
400.65,5.113,0.0,0.0
402.1,5.125,0.0,0.0
399.65,5.119,0.0,0.0
392.0,5.049,0.0,0.0
392.0,5.064,0.0,0.0
393.5,5.092,0.0,0.0
370.25,4.96,0.0,0.0
368.0,4.955,0.0,0.0
372.0,5.001,0.0,0.0
371.5,4.966,0.0,0.0
368.5,4.966,0.0,0.0
368.4,4.938,470.5,127.65
375.0,5.001,477.25,128.5
374.25,5.01,476.75,128.0
378.4,5.148,481.85,127.75
377.7,5.179,480.25,128.5
376.7,5.144,479.0,128.5
375.2,5.115,477.65,128.25
374.5,5.085,476.3,128.5
375.5,5.128,481.6,128.95
374.0,5.055,478.25,128.5
374.75,5.093,478.5,128.35
375.75,5.091,480.25,128.5
376.0,5.078,483.0,128.35
375.25,5.08,483.6,127.5
376.8,5.1,486.85,127.1
371.45,5.023,469.5,122.15
371.6,4.96,472.25,123.25
371.6,4.96,473.6,122.95
367.75,4.936,468.75,117.0
369.5,4.953,476.0,118.5
369.6,4.996,477.0,118.6
369.9,5.01,480.85,118.5
371.3,5.06,484.75,120.6
370.65,5.033,482.0,119.0
370.3,4.998,476.25,117.75
371.75,5.033,483.75,118.25
368.55,5.049,479.0,118.25
369.0,5.052,485.75,119.0
367.75,5.032,483.0,118.65
369.85,5.02,484.65,118.75
369.2,5.028,487.75,118.4
369.9,5.04,492.5,118.5
373.1,5.134,501.75,122.5
375.1,5.125,497.85,120.7
364.5,5.095,495.75,119.75
366.5,5.219,499.25,121.25
366.5,5.225,500.0,121.25
367.7,5.236,501.25,121.75
366.4,5.13,496.5,120.0
363.05,5.07,490.25,119.3
363.45,5.074,491.0,118.5
357.05,5.05,482.0,117.75
358.1,5.05,486.5,117.5
359.5,5.091,491.5,118.9
352.8,4.986,483.0,117.0
353.5,5.013,484.6,117.25
354.7,4.995,484.75,117.45
355.75,5.01,486.65,117.4
350.5,4.99,481.25,116.3
345.85,4.91,474.4,113.75
346.9,4.838,474.85,115.0
349.25,4.835,476.75,114.5
348.65,4.839,478.15,115.0
346.9,4.823,472.6,113.1
349.75,4.838,478.75,114.1
348.4,4.822,476.45,113.75
353.4,4.843,482.75,114.25
349.35,4.804,476.4,112.0
350.65,4.811,478.9,112.75
352.3,4.825,482.25,113.25
352.2,4.84,482.9,114.25
357.4,4.908,487.4,116.8
362.0,4.958,487.0,116.0
362.5,4.935,489.5,117.5
359.7,4.899,483.35,115.75
361.15,4.88,486.25,118.6
360.25,4.88,487.0,117.5
354.0,4.8,478.5,116.25
354.3,4.813,477.75,116.75
351.45,4.826,467.25,116.25
363.6,4.896,475.25,116.75
363.25,4.916,476.4,117.4
360.7,4.85,471.5,116.5
359.4,4.827,471.25,116.65
362.3,4.881,476.3,117.2
361.0,4.865,475.5,118.25
366.1,4.882,480.85,118.7
368.7,4.9,481.0,118.75
372.75,4.874,481.25,117.35
368.75,4.853,475.75,117.0
366.75,4.837,475.5,117.25
367.3,4.83,475.75,116.6
372.3,4.855,482.5,116.75
370.65,4.813,484.85,116.0
380.7,4.933,492.25,116.5
379.0,4.826,482.5,114.0
382.25,4.875,484.25,114.25
383.25,4.931,483.75,114.75
384.75,4.872,481.0,114.5
383.6,4.883,480.0,115.0
389.35,4.94,486.5,115.5
404.3,5.085,502.0,117.9
411.5,5.202,502.65,118.5
398.4,5.133,495.85,116.75
402.6,5.065,495.5,116.35
410.6,5.21,503.25,118.25
407.75,5.201,499.75,117.5
413.8,5.16,503.25,117.5
408.75,5.117,499.25,117.25
412.4,5.216,504.75,117.5
410.3,5.134,501.25,115.35
388.25,4.92,485.75,110.5
384.3,4.86,481.5,112.0
389.75,4.838,485.0,111.5
387.75,4.83,486.75,111.75
386.75,4.85,487.75,111.6
381.4,4.817,483.9,111.3
383.3,4.758,483.85,111.25
387.5,4.8,480.8,111.0
384.6,4.783,477.0,106.75
384.5,4.77,470.75,106.0
378.5,4.75,454.25,103.15
382.05,4.795,456.5,105.0
382.2,4.818,456.25,105.25
386.2,4.806,457.25,105.7
389.4,4.787,457.75,105.75
386.0,4.785,459.15,105.25
386.5,4.8,459.0,105.65
386.95,4.795,457.0,106.0
389.3,4.81,453.75,101.0
392.5,4.829,452.75,101.0
403.75,4.928,461.6,103.05
402.7,4.825,446.75,99.65
403.95,4.778,441.5,97.75
408.4,4.795,431.75,96.0
396.3,4.786,431.5,97.0
387.85,4.69,442.5,99.25
389.4,4.692,443.1,99.2
395.75,4.71,446.0,99.0
395.6,4.715,451.75,101.25
390.8,4.668,444.0,100.35
397.0,4.693,450.0,101.0
391.8,4.628,442.25,99.75
388.0,4.385,418.75,94.75
388.25,4.248,418.0,94.5
380.7,4.259,403.75,92.0
364.75,4.203,393.5,87.1
366.0,4.219,396.25,88.5
367.85,4.248,399.75,90.75
372.0,4.243,410.7,92.75
367.5,4.231,415.0,93.0
371.65,4.23,422.0,94.5
371.1,4.227,424.5,94.75
375.05,4.23,425.75,94.75
373.7,4.22,418.6,94.75
372.7,4.07,415.85,94.7
373.75,4.137,419.75,96.0
379.5,4.223,440.5,96.75
380.4,4.181,434.5,95.5
377.5,4.23,424.5,94.25
376.9,4.175,418.0,93.85
379.25,4.223,426.0,94.75
385.0,4.227,423.0,94.45
384.75,4.263,421.5,94.0
385.7,4.244,415.0,93.1
380.7,4.212,406.0,92.25
383.5,4.21,418.5,94.0
383.9,4.2,416.5,93.95
378.0,4.175,414.25,92.75
376.3,4.14,423.0,93.6
377.8,4.13,418.5,93.0
380.0,4.144,418.5,93.0
377.3,4.11,414.25,92.75
380.0,4.153,421.25,93.15
383.6,4.145,432.75,94.0
386.9,4.19,432.25,93.6
383.8,4.123,424.0,93.5
385.0,4.114,430.2,93.5
386.8,4.131,431.4,93.75
384.85,4.087,425.75,92.75
380.65,4.129,429.5,92.0
377.6,4.164,432.25,93.0
376.0,4.152,431.5,93.1
370.0,4.121,429.25,93.35
370.8,4.148,425.0,92.9
374.05,4.098,421.0,92.9
372.1,4.083,423.0,92.85
370.9,4.064,423.25,92.25
372.0,4.013,417.75,87.5
373.2,3.964,418.1,87.75
376.3,3.95,416.5,87.5
377.4,3.965,413.75,88.2
378.9,3.971,416.4,88.25
385.45,4.104,426.0,89.55
383.75,4.149,420.5,88.5
0.0,4.042,0.0,0.0
382.8,4.098,408.0,83.5
386.2,4.095,412.0,82.55
0.0,4.193,0.0,0.0
390.8,4.164,410.5,81.5
386.3,4.097,412.0,82.0
387.4,4.21,415.75,83.75
391.1,4.203,415.5,84.6
389.7,4.25,413.75,86.0
387.1,4.085,412.5,86.75
390.55,4.139,414.25,87.15
390.6,4.151,422.25,88.0
398.6,4.195,423.75,90.75
398.5,4.205,420.5,89.5
403.0,4.224,421.5,89.5
379.0,4.098,413.25,89.25
378.25,4.041,412.25,91.5
378.2,4.038,410.5,90.75
381.0,4.029,405.35,89.5
378.3,3.978,400.5,87.8
373.0,3.873,390.5,86.75
374.25,3.835,393.25,88.0
374.5,3.806,387.35,87.25
376.8,3.858,393.25,87.0
367.1,3.809,388.0,82.0
366.0,3.826,391.75,83.5
364.5,3.879,393.5,85.75
367.15,3.863,391.25,85.35
366.6,3.822,382.7,83.5
360.75,3.81,380.65,83.2
363.9,3.8,382.75,83.5
370.0,3.833,385.85,86.25
366.85,3.816,383.75,87.75
364.4,3.66,380.75,86.0
366.75,3.72,385.75,87.0
368.15,3.769,388.35,87.25
365.5,3.819,390.5,86.25
363.75,3.776,388.35,86.0
363.0,3.74,389.0,85.5
364.65,3.699,387.15,84.5
362.25,3.663,381.65,80.85
358.8,3.62,380.15,80.35
357.65,3.548,379.75,79.25
359.25,3.627,387.0,81.5
360.0,3.614,394.9,83.75
362.7,3.679,404.0,85.6
366.9,3.755,405.85,86.35
365.45,3.755,405.0,85.5
364.5,3.82,398.0,83.55
366.2,3.831,399.0,82.75
366.5,3.908,401.0,84.1
368.5,4.001,407.75,87.25
365.85,4.17,415.5,88.25
364.25,3.979,404.75,85.75
366.0,4.059,410.0,86.5
364.6,4.03,405.25,87.15
366.0,4.033,402.5,86.5
362.3,4.053,400.0,85.0
364.5,3.944,397.35,85.65
364.5,4.038,403.0,88.1
362.35,3.976,394.5,87.5
362.75,4.008,397.6,87.6
359.25,3.953,393.6,84.75
356.6,3.918,389.0,85.0
354.05,3.899,385.25,85.05
355.65,3.836,392.4,91.25
357.5,3.935,394.0,91.5
359.2,4.065,401.25,94.45
358.4,4.058,401.25,94.0
358.5,4.038,404.5,92.75
361.0,3.96,402.5,92.5
364.0,4.0,404.5,94.25
363.35,4.024,405.0,94.5
361.75,3.987,401.5,95.85
361.95,4.018,403.65,98.0
360.1,3.978,399.5,96.25
361.2,4.024,399.25,95.55
360.65,4.07,400.5,96.75
359.15,4.121,404.25,99.65
356.15,3.953,394.25,96.75
356.4,3.92,387.5,96.75
355.5,3.945,389.5,100.0
355.8,3.938,392.75,101.0
353.25,3.874,386.75,98.75
353.25,3.9,389.25,101.75
351.1,3.888,385.85,98.25
357.75,3.934,391.5,99.75
356.5,3.973,394.75,100.25
354.15,3.934,391.45,96.45
355.5,4.018,394.25,96.75
356.15,4.025,392.3,95.65
356.9,4.025,392.75,94.25
356.85,4.063,392.5,94.5
356.7,4.033,389.75,94.65
356.85,4.036,389.55,94.75
357.95,4.003,390.25,94.8
359.85,4.117,394.0,95.5
356.0,4.1,390.25,95.0
355.1,4.017,388.25,94.15
355.0,4.005,388.25,94.1
356.3,4.04,391.75,94.5
356.75,4.09,393.0,95.0
354.9,4.038,389.55,93.75
355.8,4.05,390.25,93.75
355.65,4.059,389.0,93.5
361.5,4.142,393.1,94.0
361.05,4.118,365.75,98.75
360.4,4.133,376.5,98.0
363.0,4.156,378.15,97.2
362.4,4.153,378.75,96.5
362.4,4.166,378.25,96.5
364.85,4.242,381.25,96.4
367.0,4.492,383.75,97.0
372.2,4.571,384.25,98.75
371.25,4.481,380.25,97.4
372.0,4.514,380.0,98.15
369.7,4.465,376.0,96.5
367.75,4.51,368.0,95.75
366.8,4.389,370.0,96.0
370.25,4.478,373.0,96.75
367.4,4.432,368.85,97.7
367.6,4.443,372.5,99.0
366.25,4.443,375.5,98.85
360.9,4.341,374.2,98.0
363.35,4.36,373.25,96.3
366.1,4.418,374.5,97.25
364.8,4.355,374.55,96.2
368.35,4.454,376.1,96.75
368.9,4.453,381.5,98.0
367.1,4.424,380.0,97.25
369.25,4.428,381.0,97.0
369.25,4.495,379.75,96.75
369.9,4.534,387.5,96.75
370.25,4.505,382.75,96.65
369.2,4.462,382.5,95.65
370.9,4.477,382.65,95.75
368.3,4.42,374.0,94.75
367.85,4.38,374.35,94.65
367.8,4.39,377.75,95.25
368.7,4.373,378.0,94.7
368.9,4.403,380.4,94.9
369.0,4.448,380.75,95.0
370.0,4.395,378.65,95.45
369.75,4.402,379.0,95.5
367.4,4.325,377.5,95.5
366.0,4.231,370.25,94.0
364.9,4.128,368.25,93.5
364.1,4.101,363.6,90.75
365.1,4.109,365.75,91.6
361.35,4.048,358.1,86.25
362.85,4.068,363.25,88.15
363.4,4.054,363.0,87.5
357.8,3.972,354.25,85.25
356.5,3.935,348.75,84.25
357.0,3.959,356.35,86.5
356.8,3.965,355.75,86.25
357.6,3.973,354.8,86.25
358.2,3.967,352.25,84.0
358.2,3.992,354.75,84.55
356.8,3.954,351.0,84.65
355.85,3.946,346.0,81.9
358.35,3.97,342.5,78.85
357.75,3.962,342.0,78.25
361.2,4.048,354.5,83.5
353.8,4.003,346.75,81.0
356.3,3.93,346.0,80.25
356.2,3.943,341.75,82.5
353.7,3.88,331.5,80.0
353.8,3.954,333.75,80.9
354.5,3.95,338.75,81.65
351.25,3.941,338.75,82.25
347.4,3.815,335.0,80.75
347.95,3.831,339.1,81.25
347.35,3.874,341.0,80.6
348.7,3.928,345.5,81.5
347.4,3.863,340.5,81.25
348.05,3.871,342.0,81.25
350.55,4.003,349.5,82.5
351.7,4.064,349.5,82.25
345.25,3.97,343.9,81.1
346.1,3.972,345.55,81.75
344.25,3.965,347.25,81.5
345.4,4.06,350.0,82.25
346.15,4.078,352.75,81.5
348.3,4.094,355.1,82.25
348.6,4.095,354.5,82.25
348.6,4.073,354.0,82.0
349.25,4.123,355.0,82.0
351.9,4.245,358.75,83.15
352.75,4.235,354.75,83.4
351.9,4.222,355.15,83.5
348.45,4.09,348.65,82.0
354.9,4.135,352.5,82.35
353.95,4.147,354.25,82.75
356.0,4.216,358.0,83.5
356.8,4.174,356.25,83.85
356.3,4.173,358.0,84.5
359.7,4.13,357.8,84.1
357.6,4.071,355.25,83.0
357.65,4.083,356.5,84.1
359.5,4.118,367.0,87.2
357.75,4.05,365.15,86.75
358.5,4.099,370.35,87.4
357.55,4.077,366.9,85.4
356.55,4.053,364.5,85.0
358.3,4.125,367.0,85.5
359.6,4.12,368.75,85.75
363.8,4.173,371.0,86.35
362.35,4.158,366.5,85.25
362.2,4.145,365.25,86.0
361.0,4.087,361.75,85.6
362.0,4.122,364.0,86.0
358.5,4.084,360.75,85.25
357.4,4.053,358.25,85.25
359.35,4.113,362.4,86.5
357.45,4.09,361.5,86.5
357.75,4.102,362.4,86.0
356.35,4.079,362.25,87.0
356.55,4.105,365.5,87.25
354.5,4.073,362.0,86.5
354.5,4.07,363.3,86.75
352.9,4.025,357.75,85.0
354.9,4.038,359.75,85.5
354.75,4.035,362.0,86.0
356.55,4.049,364.0,85.5
355.85,4.044,358.5,84.0
355.5,4.01,358.5,84.25
360.75,4.052,362.5,84.6
363.0,4.044,365.5,84.9
362.6,4.078,368.35,85.25
364.3,4.096,373.75,85.25
367.95,4.133,373.0,85.25
369.1,4.138,372.4,84.9
366.25,4.089,368.3,83.85
367.1,4.098,368.9,83.85
366.05,4.1,369.75,84.85
366.3,4.065,369.0,83.75
368.35,4.093,369.5,84.25
362.9,4.065,363.5,83.15
365.25,4.053,367.0,83.75
364.75,4.048,366.7,83.6
367.75,4.065,370.5,84.75
370.7,4.069,374.0,85.5
368.05,4.044,370.25,85.5
366.5,4.005,368.0,84.8
359.5,3.948,366.6,84.25
359.05,3.855,356.25,83.25
359.65,3.871,356.4,83.45
357.4,3.854,348.65,82.0
357.9,3.885,345.25,81.75
358.9,3.854,345.0,82.25
358.3,3.823,342.25,80.25
359.65,3.89,342.25,80.15
0.0,3.9,0.0,0.0
353.3,3.903,334.65,79.75
353.15,3.86,332.0,79.35
0.0,3.86,0.0,0.0
350.9,3.868,335.5,79.5
353.0,3.985,337.5,80.5
349.4,3.939,330.75,78.5
349.7,3.949,332.1,79.25
350.6,3.945,335.75,79.75
351.55,3.98,338.25,81.4
357.9,4.138,341.75,81.75
353.9,4.072,333.75,81.25
353.6,4.048,332.0,81.0
355.55,4.14,337.75,83.0
356.75,4.136,339.25,83.25
355.9,4.335,348.0,85.0
358.75,4.23,343.5,83.75
357.8,4.259,345.15,84.0
356.75,4.255,340.5,84.0
355.2,4.294,347.0,84.75
353.25,4.2,343.25,84.25
356.1,4.17,351.25,85.5
356.3,4.204,352.85,87.65
354.85,4.161,349.0,86.75
356.0,4.235,350.25,86.5
354.1,4.131,348.25,86.5
356.4,4.178,357.9,87.5
356.0,4.166,361.45,86.8
354.3,4.168,359.5,85.75
355.95,4.219,365.25,85.9
356.2,4.195,369.0,86.15
354.65,4.187,366.0,85.75
356.0,4.179,364.0,85.15
357.2,4.195,368.25,86.25
356.3,4.21,369.25,86.25
354.1,4.193,365.25,85.8
354.35,4.153,362.4,86.1
352.8,4.132,360.85,85.75
353.2,4.058,359.6,84.65
353.4,4.096,363.1,86.25
351.6,4.103,359.55,84.35
349.8,4.077,357.75,84.25
350.5,4.125,359.5,84.25
348.65,4.065,352.9,83.5
353.75,4.1,360.75,84.25
353.1,4.119,359.75,83.9
350.45,4.095,358.0,83.5
351.35,4.121,363.6,84.35
350.15,4.106,360.5,83.65
349.9,4.11,365.0,84.25
349.4,4.154,363.6,84.0
348.8,4.158,361.5,84.25
348.35,4.168,362.75,84.75
349.0,4.153,363.2,85.25
347.6,4.143,361.0,84.85
347.25,4.106,359.0,83.95
343.0,4.107,359.25,84.25
339.0,4.043,355.75,84.0
340.3,4.072,352.25,84.4
337.8,4.016,346.25,83.75
338.8,4.1,352.35,84.25
338.7,4.108,351.5,84.25
338.4,4.108,349.65,84.15
341.25,4.109,353.5,84.65
340.4,4.09,351.75,85.05
340.5,4.093,350.5,84.8
343.3,4.154,353.75,85.15
341.7,4.12,358.0,85.6
344.0,4.152,362.5,85.35
340.5,4.09,355.25,84.85
340.6,4.088,355.75,84.85
339.25,4.094,354.0,84.5
338.75,4.095,351.0,84.0
337.5,4.092,349.25,84.0
338.45,4.096,345.2,83.8
341.9,4.132,349.5,84.25
340.8,4.125,347.25,84.1
339.0,4.085,346.25,83.75
338.95,4.103,348.1,84.0
336.7,4.031,344.5,82.35
338.3,3.985,341.25,82.45
338.1,3.99,341.25,82.4
338.5,4.02,343.5,82.5
336.55,3.99,342.15,82.0
335.7,3.99,344.25,82.4
336.75,3.978,343.9,82.65
335.7,3.935,341.35,81.65
336.35,3.982,345.4,82.35
337.5,4.014,350.15,82.75
336.75,4.013,353.0,83.1
336.7,4.065,353.25,83.0
336.05,4.045,351.25,82.75
336.9,4.036,353.25,82.25
336.15,4.11,354.35,82.85
335.25,4.083,353.1,82.6
335.2,4.083,353.75,82.75
336.9,4.096,356.6,82.75
339.0,4.118,358.5,82.75
338.9,4.098,358.0,82.85
339.5,4.115,362.9,83.5
336.95,4.077,361.0,83.15
337.25,4.075,361.25,83.0
337.7,4.07,365.75,82.75
337.85,4.088,365.0,82.75
338.6,4.103,367.0,82.75
336.9,4.075,368.15,82.25
337.5,4.058,368.2,80.5
336.85,4.028,366.5,79.25
339.0,4.072,374.0,80.25
339.9,4.09,376.25,80.1
338.4,4.061,372.05,79.6
338.8,4.083,372.0,80.0
338.7,4.054,368.5,79.85
337.8,4.055,367.15,80.25
337.65,4.056,368.25,80.5
338.25,4.057,370.0,80.75
339.6,4.107,372.25,81.0
342.7,4.122,371.25,81.3
342.35,4.104,368.75,81.25
342.0,4.107,368.85,81.0
341.25,4.088,364.1,80.5
343.55,4.111,365.0,80.75
342.5,4.048,363.8,80.75
343.8,4.056,366.1,81.25
342.3,4.039,365.5,80.85
343.4,4.035,364.75,80.7
343.5,4.022,367.0,81.25
342.0,3.993,366.75,81.1
343.4,4.026,381.25,81.9
343.55,4.049,384.0,82.25
347.1,4.065,387.9,83.25
345.7,4.04,386.0,83.5
346.6,4.053,386.65,83.5
345.6,3.918,382.75,82.25
347.5,3.906,385.0,84.0
347.25,3.909,383.5,84.25
348.7,3.965,385.0,85.4
348.6,3.936,386.85,86.25
349.3,3.95,391.75,88.65
350.9,3.951,386.5,88.25
353.0,3.938,383.25,88.0
356.7,3.921,383.5,88.35
359.3,3.995,390.75,89.5
358.1,3.953,380.9,88.75
358.75,3.963,377.25,87.5
359.5,4.013,383.4,90.75
357.6,3.98,380.35,89.25
358.4,3.973,377.5,89.4
359.6,3.973,375.0,89.25
356.2,3.94,372.5,88.35
356.75,3.915,376.25,89.5
357.85,3.953,385.25,91.4
354.05,3.942,379.5,88.25
352.7,3.876,376.25,86.5
350.75,3.88,375.85,86.75
348.6,3.902,374.0,86.2
349.9,3.928,377.25,87.75
350.35,3.976,375.0,88.0
348.15,3.943,369.25,87.5
346.8,3.894,367.75,87.0
337.3,3.809,351.75,84.75
335.7,3.814,346.25,82.5
337.4,3.82,347.75,82.35
336.1,3.79,343.25,82.5
338.0,3.804,347.5,83.6
337.25,3.729,346.85,83.5
336.9,3.735,352.25,84.5
342.3,3.762,351.25,85.0
341.4,3.707,348.75,85.0
338.5,3.648,351.4,85.5
339.0,3.695,355.25,86.0
340.0,3.719,356.75,86.5
341.7,3.752,360.25,87.3
340.45,3.72,355.75,87.2
338.85,3.717,354.75,89.1
342.05,3.742,357.2,89.0
343.0,3.728,360.0,90.0
342.15,3.725,359.0,91.15
343.3,3.748,364.15,91.5
342.25,3.73,361.1,90.75
340.0,3.688,356.25,88.5
346.25,3.748,361.15,90.5
345.9,3.785,361.0,90.4
349.0,3.838,365.75,92.25
348.4,3.828,366.0,92.0
347.2,3.808,361.75,90.75
349.1,3.823,362.5,90.75
349.15,3.791,364.0,91.15
348.25,3.835,363.2,91.0
348.25,3.82,366.25,92.25
349.7,3.822,369.25,92.5
348.0,3.809,366.1,92.75
347.5,3.725,364.35,93.25
349.0,3.766,367.4,95.75
348.55,3.753,366.0,97.25
348.0,3.733,364.75,96.6
349.5,3.747,365.5,95.0
350.3,3.759,363.5,95.4
350.15,3.752,356.75,95.75
350.5,3.734,356.8,95.65
350.1,3.746,356.0,94.75
346.5,3.744,357.2,96.0
343.75,3.718,355.6,95.25
343.75,3.705,355.25,92.8
341.85,3.725,357.25,93.85
341.75,3.71,357.35,94.25
342.6,3.723,358.65,94.75
343.5,3.74,361.0,94.75
343.75,3.814,358.25,94.25
342.65,3.8,356.65,93.8
342.5,3.799,356.85,94.4
341.45,3.753,355.5,94.15
338.25,3.75,355.25,93.5
338.2,3.765,355.4,93.65
339.5,3.767,353.85,93.5
339.25,3.764,354.15,93.85
339.5,3.757,355.5,94.25
338.6,3.793,357.0,94.5
337.8,3.795,357.0,94.75
338.05,3.873,363.0,95.75
337.1,3.908,366.5,95.85
334.5,3.859,362.0,94.85
330.35,3.713,350.75,92.25
331.15,3.688,347.25,92.5
333.1,3.688,351.0,94.0
334.4,3.799,353.65,94.25
335.4,3.762,353.75,94.9
334.3,3.757,352.25,94.75
335.1,3.768,353.0,94.75
334.25,3.749,353.65,95.1
336.1,3.773,356.25,94.8
334.05,3.752,358.5,95.1
334.3,3.758,357.25,94.5
334.35,3.76,355.75,93.6
334.7,3.763,356.25,94.15
334.05,3.75,357.75,94.0
334.2,3.733,360.25,95.15
334.65,3.76,362.65,95.5
335.65,3.758,363.75,97.5
335.25,3.759,363.5,100.85
335.6,3.763,365.0,103.0
334.6,3.759,365.5,105.75
335.25,3.759,369.2,109.25
333.5,3.714,363.4,106.75
333.7,3.705,362.5,106.75
335.1,3.724,363.75,110.5
335.2,3.728,364.65,113.5
334.9,3.717,363.15,111.25
337.3,3.714,363.75,109.85
338.65,3.75,365.5,111.5
337.0,3.775,363.5,111.15
333.9,3.75,357.25,106.4
332.6,3.734,358.5,107.0
333.0,3.698,359.6,106.25
0.0,3.685,0.0,0.0
332.5,3.675,358.35,106.25
332.9,3.663,354.8,106.25
0.0,3.67,0.0,0.0
328.25,3.66,352.5,106.25
328.6,3.654,356.4,109.0
329.6,3.7,359.0,111.25
329.15,3.699,359.9,113.05
329.1,3.66,357.0,111.25
328.4,3.666,358.25,111.0
329.2,3.678,358.0,111.7
327.55,3.669,356.25,110.0
327.65,3.692,358.75,110.0
327.7,3.667,356.4,105.85
328.15,3.673,357.0,108.65
329.0,3.687,358.65,109.75
329.0,3.685,357.75,108.5
329.75,3.716,364.9,111.35
328.75,3.713,360.5,108.25
328.45,3.695,361.25,108.5
330.9,3.702,364.25,111.0
330.6,3.675,363.1,110.25
329.95,3.69,362.25,110.25
330.45,3.708,364.5,112.35
329.75,3.66,361.6,110.1
329.65,3.669,358.35,110.5
328.2,3.674,361.0,112.6
328.0,3.67,358.5,112.15
327.75,3.67,360.75,114.9
327.95,3.658,360.25,113.4
328.05,3.683,362.9,115.45
329.85,3.713,368.0,117.5
332.0,3.768,370.5,119.0
329.2,3.742,367.75,116.0
328.6,3.688,365.75,114.25
329.45,3.687,366.75,114.75
330.6,3.705,367.75,115.0
329.95,3.656,361.5,112.0
330.8,3.64,359.25,109.0
329.7,3.582,348.5,101.1
329.6,3.58,345.1,102.65
329.9,3.602,345.65,101.25
329.6,3.59,344.4,100.25
327.6,3.567,345.0,100.15
328.5,3.583,346.9,103.25
329.15,3.585,343.65,105.6
329.55,3.584,342.75,105.0
328.05,3.573,340.75,104.5
329.75,3.587,344.3,104.75
327.5,3.575,341.85,104.35
326.95,3.56,344.75,103.75
326.1,3.57,345.5,103.75
326.9,3.6,350.5,107.0
327.0,3.64,351.25,106.65
328.0,3.625,352.25,106.65
329.0,3.65,349.85,105.25
328.75,3.659,348.25,104.65
330.25,3.642,348.75,105.5
331.65,3.678,350.25,105.75
332.6,3.683,356.0,106.75
331.9,3.665,354.0,105.75
331.0,3.654,357.25,108.65
332.6,3.683,357.3,109.75
332.7,3.718,355.6,108.75
331.7,3.704,355.35,109.5
334.4,3.778,360.25,111.65
337.8,3.89,363.25,112.5
336.35,3.858,362.0,111.4
340.1,3.972,365.5,115.0
339.25,3.858,363.75,114.75
338.4,3.875,362.25,114.5
336.75,3.792,359.25,110.65
337.5,3.878,358.75,111.5
336.7,3.873,361.5,112.0
338.25,3.902,363.0,111.75
338.9,3.933,367.85,114.25
337.85,3.87,369.5,112.75
339.6,3.975,371.85,114.35
339.9,3.953,371.1,114.5
339.0,3.912,367.0,115.0
339.3,3.878,365.5,115.5
344.9,3.933,371.5,117.75
349.25,4.019,378.0,117.25
351.4,4.103,375.25,115.75
349.7,4.045,374.2,115.85
355.6,4.36,384.5,118.5
354.3,4.299,386.5,119.35
356.15,4.274,377.0,115.75
354.25,4.252,375.9,116.0
355.5,4.303,380.9,118.75
357.5,4.363,385.0,121.0
356.8,4.278,380.4,119.85
355.35,4.244,378.75,119.25
356.2,4.233,379.9,120.25
367.0,4.52,386.75,122.6
368.2,4.435,382.5,118.95
369.25,4.462,386.5,119.85
367.8,4.403,382.25,120.1
381.9,4.744,391.25,122.0
373.8,4.513,384.0,118.5
373.25,4.523,384.75,117.5
379.25,4.723,389.65,119.5
377.5,4.522,385.0,118.0
374.5,4.555,388.0,119.6
374.75,4.591,390.25,120.5
377.45,4.714,396.75,122.5
377.35,4.615,396.0,123.5
369.0,4.365,382.0,121.85
374.7,4.385,387.75,122.5
377.6,4.5,390.75,123.75
372.8,4.355,386.0,123.5
375.25,4.393,385.0,125.75
371.45,4.368,383.6,124.5
370.8,4.305,386.85,126.3
370.35,4.31,386.75,127.0
363.0,4.22,382.5,125.25
365.35,4.225,376.35,126.0
368.0,4.318,379.5,127.75
369.45,4.326,379.75,128.5
370.9,4.343,379.0,127.9
370.55,4.29,378.35,128.0
368.8,4.297,374.65,127.25
367.1,4.266,372.15,125.9
373.9,4.43,380.0,128.15
376.1,4.403,383.25,129.25
375.35,4.505,386.4,132.15
375.35,4.455,384.1,135.75
378.45,4.575,385.65,138.0
379.0,4.548,385.25,140.0
388.1,4.835,395.0,146.0
387.6,4.885,392.75,137.25
391.65,5.07,404.25,140.25
395.8,5.168,406.25,140.0
395.2,5.115,408.0,139.0
393.1,4.99,403.0,135.75
393.4,5.065,405.5,138.75
392.45,4.978,402.25,136.75
394.4,5.095,407.25,138.5
392.7,4.925,404.2,139.75
392.0,5.045,403.9,139.75
394.8,5.069,408.0,139.15
392.1,5.045,405.5,139.6
392.4,5.05,404.25,138.5
389.15,4.938,396.25,137.5
391.3,5.028,404.15,138.9
391.75,4.967,404.0,139.25
392.35,5.105,406.0,139.75
393.15,5.065,406.6,140.4
394.0,5.145,409.25,141.5
401.75,5.3,413.6,142.0
405.6,5.42,416.5,143.15
403.75,5.377,417.4,143.75
402.65,5.29,419.0,144.25
387.75,5.17,401.75,142.75
379.4,4.82,387.75,138.75
381.7,4.675,393.25,139.75
380.35,4.796,393.0,140.5
376.0,4.785,392.25,140.25
376.3,4.686,389.6,140.25
367.6,4.593,385.0,137.75
372.6,4.772,387.75,139.25
371.6,4.735,387.25,138.25
373.7,4.693,388.0,138.25
373.4,4.725,393.5,138.5
373.25,4.658,385.6,136.75
373.1,4.783,387.85,136.0
373.65,4.764,387.5,134.25
371.15,4.748,386.5,128.75
371.25,4.725,383.75,122.5
369.25,4.688,377.5,120.0
371.55,4.843,384.0,125.75
369.05,4.833,380.5,123.5
369.25,4.72,379.75,122.2
362.8,4.555,371.0,122.0
364.25,4.525,373.0,122.5
354.8,4.503,366.75,119.75
351.75,4.255,357.25,117.0
353.3,4.243,357.65,117.85
351.5,4.278,358.25,120.25
344.2,4.064,352.75,117.25
343.7,3.924,351.75,115.75
348.0,4.038,353.75,117.5
352.75,4.057,360.9,119.75
351.85,4.098,360.25,121.0
354.0,4.111,361.5,120.5
354.75,4.108,360.25,124.5
354.4,4.074,361.0,123.0
357.0,4.039,362.0,124.25
357.6,4.142,362.75,125.25
356.65,4.108,362.6,125.0
355.75,4.045,360.5,124.0
353.2,4.063,360.75,124.75
355.5,4.03,359.25,125.25
354.0,4.058,361.1,125.15
351.75,4.088,356.75,125.6
353.8,4.05,356.0,123.9
356.25,4.153,359.6,124.5
357.3,4.33,363.35,126.85
358.5,4.365,361.75,126.9
361.4,4.378,363.4,129.5
360.6,4.287,363.0,130.75
366.4,4.448,370.1,133.0
367.25,4.434,371.5,134.0
364.6,4.333,366.75,132.75
365.2,4.355,366.95,130.5
366.4,4.454,373.25,132.75
372.5,4.493,375.1,133.65
374.5,4.512,375.85,131.6
367.9,4.436,371.75,130.0
371.5,4.433,376.35,131.1
368.25,4.393,371.0,130.0
371.5,4.388,374.25,130.6
368.55,4.42,373.75,129.5
369.6,4.403,374.5,130.0
363.25,4.285,369.35,127.75
363.0,4.212,366.75,128.5
363.55,4.213,368.65,127.4
372.0,4.382,375.0,130.4
377.75,4.478,380.25,130.5
375.65,4.518,377.25,128.75
376.0,4.543,378.1,128.9
374.9,4.533,375.75,128.65
376.75,4.568,377.75,129.0
376.75,4.58,377.75,129.25
374.7,4.518,374.05,129.5
375.0,4.578,376.75,130.35
371.8,4.55,374.25,129.25
376.75,4.612,379.0,129.5
377.5,4.693,376.75,129.0
378.4,4.733,377.75,128.0
377.6,4.683,375.8,126.25
376.35,4.645,372.75,125.1
377.6,4.642,373.25,126.0
376.85,4.672,374.75,125.5
371.15,4.632,368.75,122.75
370.9,4.467,366.65,123.5
373.1,4.429,366.75,121.4
374.65,4.66,374.0,123.25
376.75,4.608,371.05,123.0
377.0,4.84,374.25,124.25
376.9,4.835,376.9,124.9
382.3,4.96,380.2,127.75
382.5,4.978,380.75,126.75
382.3,4.987,379.5,126.25
386.25,5.1,384.5,127.25
387.0,5.138,387.0,126.25
385.6,5.095,384.6,124.65
386.1,5.095,389.4,125.4
386.5,5.018,386.75,125.25
389.75,5.123,389.5,125.5
387.5,5.108,388.75,124.0
385.65,4.998,384.15,123.25
384.95,5.035,385.25,124.1
0.0,5.025,0.0,0.0
386.1,5.09,387.25,122.6
391.75,5.108,393.5,123.4
0.0,5.115,0.0,0.0
394.1,5.277,398.0,125.0
395.25,5.233,397.25,126.75
385.65,5.02,389.5,124.75
390.5,5.11,389.75,124.75
383.7,4.912,383.25,123.65
385.45,5.043,385.25,123.25
386.1,5.105,386.25,123.75
388.75,5.056,385.75,123.5
390.1,5.208,389.5,123.75
392.3,5.344,392.65,124.9
392.55,5.328,394.0,124.9
391.7,5.323,393.25,124.9
391.8,5.32,391.5,124.25
386.0,5.185,382.5,123.6
378.8,5.04,378.5,123.5
382.0,5.133,381.0,123.75
383.0,5.075,380.0,124.0
383.6,5.115,386.75,124.75
378.25,4.974,380.8,123.75
377.9,5.058,384.85,124.5
381.65,5.12,387.0,125.1
384.7,5.28,391.5,126.75
385.65,5.283,392.25,126.85
388.5,5.455,397.0,128.1
383.5,5.308,391.75,128.5
380.55,5.225,389.35,130.5
380.75,5.245,389.5,130.5
382.5,5.295,392.0,132.5
381.85,5.213,390.0,132.75
383.25,5.26,393.75,133.25
385.0,5.325,400.5,135.25
383.5,5.25,400.75,136.0
384.5,5.298,404.5,135.0
379.95,5.23,399.0,133.9
380.0,5.18,398.25,133.25
379.4,5.16,395.85,132.75
375.75,5.183,392.0,131.75
376.7,5.213,389.5,132.25
378.95,5.183,391.6,135.75
381.55,5.243,394.65,135.75
381.3,5.328,392.75,135.25
376.95,5.235,386.5,135.1
377.7,5.263,392.0,129.25
375.95,5.186,391.5,128.75
377.5,5.233,391.85,130.75
376.1,5.18,391.6,130.75
375.3,5.215,391.75,131.25
380.5,5.298,395.75,131.95
386.65,5.445,403.75,133.75
386.5,5.368,403.0,133.0
387.1,5.45,403.65,133.25
385.5,5.423,401.25,133.25
383.4,5.36,398.85,132.75
386.55,5.435,400.4,133.25
386.45,5.408,399.5,133.25
389.15,5.448,402.15,134.35
388.25,5.59,400.75,134.0
390.4,5.748,404.75,134.85
391.3,5.73,408.75,134.75
389.25,5.7,412.0,134.4
386.8,5.62,406.5,133.75
387.15,5.61,409.5,133.75
389.2,5.735,418.0,133.5
384.75,5.645,408.0,134.75
383.9,5.525,404.75,134.0
384.3,5.498,406.5,132.75
385.45,5.464,405.0,133.25
381.75,5.455,404.0,133.25
378.0,5.282,395.5,132.75
378.5,5.336,398.5,132.0
377.65,5.34,400.5,132.75
377.0,5.295,394.25,132.0
378.1,5.246,395.25,132.25
373.1,5.238,386.25,131.25
371.35,5.244,385.5,132.75
373.3,5.265,389.25,134.0
369.65,5.2,388.6,133.0
373.0,5.094,390.0,134.25
374.3,5.121,394.6,135.25
374.25,5.165,392.5,135.25
373.35,5.165,389.0,134.75
376.45,5.28,393.75,136.75
375.1,5.288,400.5,139.9
375.15,5.213,394.5,139.4
374.5,5.118,390.5,136.75
373.4,5.068,389.5,136.0
381.0,5.395,397.15,137.5
380.15,5.392,395.5,135.75
380.5,5.265,393.5,134.5
379.25,5.403,396.75,135.5
381.65,5.423,399.4,135.75
379.3,5.393,398.15,135.1
382.55,5.53,400.0,135.25
379.6,5.444,396.25,134.75
383.3,5.57,399.0,135.1
383.15,5.533,399.5,135.5
386.45,5.715,406.1,136.65
388.0,5.73,407.5,137.5
387.3,5.568,405.1,136.65
384.9,5.512,400.0,134.0
385.4,5.45,397.25,134.25
387.6,5.495,399.0,134.5
386.3,5.543,401.9,135.75
383.25,5.348,396.25,134.25
382.95,5.338,398.0,134.35
378.4,5.273,395.25,133.85
380.5,5.28,396.55,134.15
381.45,5.329,398.0,135.25
382.55,5.355,398.25,135.5
383.05,5.387,399.6,136.25
382.6,5.325,399.0,137.0
383.8,5.418,402.0,137.75
384.1,5.355,401.75,137.5
386.85,5.53,405.25,138.75
387.85,5.47,405.75,138.4
389.3,5.605,408.25,138.75
390.3,5.483,406.0,138.4
392.45,5.544,408.5,138.5
389.0,5.365,405.1,138.25
389.9,5.407,404.0,138.25
389.25,5.39,400.75,138.5
386.55,5.265,397.75,138.5
385.5,5.27,399.5,139.15
388.25,5.251,400.25,141.25
384.6,5.355,406.65,142.85
386.6,5.386,410.0,143.75
387.3,5.408,412.25,143.75
385.5,5.318,407.35,143.65
383.0,5.24,402.25,143.0
383.15,5.238,401.0,143.75
385.75,5.248,402.5,145.35
386.3,5.315,403.5,144.65
384.65,5.215,408.25,145.75
384.2,5.163,408.25,145.9
384.9,5.223,410.25,146.25
386.5,5.255,416.75,147.3
384.65,5.212,414.5,145.75
387.45,5.322,416.5,145.75
385.9,5.26,411.75,145.65
384.0,5.253,411.5,145.4
385.0,5.26,416.75,147.5
386.2,5.32,421.75,151.0
388.55,5.323,427.5,152.2
387.1,5.333,422.0,150.0
384.0,5.293,419.5,150.0
383.85,5.33,424.25,152.25
380.0,5.285,419.75,153.5
378.45,5.213,414.9,153.75
377.5,5.155,404.25,150.0
378.3,5.175,409.85,149.25
377.6,5.113,407.6,149.75
378.65,5.113,407.75,151.25
378.3,5.159,412.0,152.0
377.6,5.115,411.0,151.85
378.2,5.193,413.0,153.0
376.6,5.05,409.75,152.0
376.3,5.073,410.4,152.25
377.2,5.128,411.75,152.6
380.65,5.108,411.25,153.0
381.8,5.173,413.0,154.0
382.6,5.227,414.5,154.35
381.35,5.213,411.0,152.75
383.9,5.214,410.75,152.25
383.3,5.253,411.65,151.5
383.3,5.255,413.75,151.75
386.6,5.382,411.75,151.75
385.75,5.358,413.15,151.9
386.0,5.402,413.0,152.5
386.7,5.438,416.0,153.25
386.9,5.408,416.9,154.25
387.6,5.438,420.25,154.0
389.7,5.51,421.5,154.25
391.5,5.51,419.25,153.25
390.75,5.45,418.3,152.25
391.1,5.51,419.5,151.75
389.6,5.456,415.25,148.5
390.3,5.463,417.5,149.55
388.0,5.395,409.65,148.75
390.0,5.385,409.25,149.75
389.9,5.43,413.0,152.25
393.9,5.48,417.75,153.75
394.9,5.672,419.65,156.25
393.7,5.603,418.25,155.5
395.7,5.71,421.0,156.25
395.8,5.657,419.75,155.5
395.8,5.665,418.0,155.0
396.25,5.7,420.5,154.0
395.7,5.623,417.75,151.85
394.85,5.62,418.7,152.0
393.15,5.525,415.5,151.5
392.45,5.605,417.5,152.25
393.7,5.597,420.0,152.75
392.0,5.596,421.25,153.6
392.0,5.655,420.1,153.5
391.2,5.614,417.1,153.25
387.65,5.558,414.5,150.25
387.9,5.508,417.1,152.4
387.25,5.508,416.1,151.5
387.45,5.37,413.75,152.75
389.0,5.393,416.25,153.5
389.75,5.414,418.25,154.75
391.1,5.355,418.7,154.75
391.55,5.41,424.1,156.25
390.95,5.4,425.5,156.35
389.3,5.315,421.25,155.5
389.2,5.33,421.75,156.35
388.9,5.308,422.0,157.0
389.15,5.388,423.25,159.25
387.7,5.368,423.25,159.75
383.85,5.345,420.1,158.9
384.5,5.223,414.6,158.85
383.85,5.278,417.25,160.0
383.8,5.32,418.25,161.25
383.8,5.265,415.75,160.0
382.7,5.228,413.0,158.0
384.65,5.207,410.75,157.0
383.6,5.2,408.75,157.25
384.2,5.135,407.75,155.75
385.3,5.178,411.75,156.25
385.1,5.158,412.05,156.4
386.7,5.214,416.85,158.0
386.25,5.19,414.75,156.5
386.75,5.235,416.0,156.4
384.0,5.228,414.25,156.25
383.4,5.149,409.75,153.75
383.8,5.15,410.35,154.6
384.7,5.17,412.5,155.0
384.3,5.15,410.5,153.75
384.85,5.173,410.5,154.1
384.0,5.172,409.5,154.0
383.2,5.14,410.0,153.9
383.1,5.075,409.5,154.6
380.1,4.918,402.0,152.0
379.0,4.932,405.25,156.0
376.6,4.74,400.25,152.0
375.75,4.648,401.5,153.25
377.0,4.688,403.5,153.3
376.2,4.64,403.5,153.0
376.5,4.67,403.75,152.0
377.15,4.728,407.75,153.5
379.1,4.813,411.25,153.25
380.5,4.765,409.65,152.25
379.2,4.765,409.25,152.0
380.35,4.823,413.35,152.75
379.2,4.77,413.4,152.75
381.9,4.814,416.75,153.85
382.05,4.83,417.5,153.75
381.55,4.788,416.5,154.0
0.0,4.753,0.0,0.0
381.75,4.81,417.25,156.1
383.25,4.903,418.75,157.25
0.0,4.85,0.0,0.0
380.9,4.842,416.15,156.75
375.6,4.715,403.75,155.25
375.3,4.623,403.25,154.5
375.2,4.703,409.35,154.75
372.4,4.645,405.0,153.75
374.1,4.683,408.5,154.9
375.6,4.678,411.0,155.75
380.5,4.738,415.5,156.25
378.6,4.84,415.0,155.5
377.55,4.769,412.75,153.25
379.8,4.8,414.75,154.75
382.6,4.9,421.0,157.0
381.9,4.923,417.0,156.25
383.85,4.845,417.5,156.25
382.35,4.915,420.0,157.75
381.3,4.815,416.0,157.5
381.45,4.813,418.5,157.75
381.35,4.78,419.0,158.5
378.4,4.764,417.5,157.9
375.9,4.675,413.1,156.75
374.9,4.698,415.35,157.0
376.25,4.678,417.5,157.5
375.9,4.675,414.0,157.25
375.65,4.735,414.0,157.0
374.5,4.695,413.5,157.5
374.5,4.7,409.25,156.75
374.6,4.667,409.0,156.0
376.6,4.73,414.25,157.25
376.4,4.761,414.0,156.85
374.5,4.737,413.0,157.0
376.0,4.745,413.75,157.0
376.6,4.763,414.0,157.5
376.75,4.735,413.1,156.75
378.25,4.728,415.25,157.25
379.2,4.783,417.5,157.25
378.65,4.778,417.0,157.0
379.2,4.755,415.75,157.25
379.5,4.824,417.0,157.0
377.75,4.81,417.0,156.5
375.6,4.65,410.25,155.0
376.4,4.49,410.25,154.25
375.7,4.473,408.5,153.5
374.75,4.416,403.6,152.5
377.25,4.434,405.5,152.85
378.85,4.419,407.0,152.9
382.0,4.534,415.0,154.5
380.0,4.676,417.25,157.5
380.9,4.631,417.5,155.0
381.4,4.608,418.85,156.75
385.5,4.623,421.75,159.5
384.7,4.718,422.0,159.75
386.15,4.73,424.75,161.6
383.7,4.7,421.5,161.85
382.65,4.673,418.75,163.75
382.2,4.68,418.25,167.25
382.9,4.688,418.65,166.0
382.25,4.583,412.6,165.65
383.45,4.693,416.9,168.5
382.1,4.696,416.5,174.15
382.2,4.63,415.0,170.25
381.7,4.656,415.6,167.25
383.0,4.731,421.6,176.0
383.4,4.763,417.25,173.0
392.0,5.16,434.35,174.5
392.3,5.302,442.0,172.75
391.7,5.21,445.75,174.75
392.05,5.363,459.0,178.25
393.4,5.365,451.75,173.0
393.1,5.407,455.0,173.75
389.3,5.33,450.0,172.0
390.0,5.21,450.0,171.0
390.05,5.337,450.25,172.0
389.2,5.25,446.75,169.5
392.85,5.655,454.9,173.5
395.55,5.915,458.75,170.25
393.3,5.65,452.75,171.25
390.35,5.643,443.25,164.25
390.65,5.703,443.4,165.5
389.75,5.628,438.25,162.5
388.9,5.685,441.5,162.0
386.35,5.575,440.5,159.25
389.75,5.829,449.25,163.0
387.2,5.698,442.0,162.5
388.55,5.868,446.25,162.9
388.7,5.883,452.5,163.25
390.1,5.975,459.5,164.0
391.0,6.038,456.0,163.75
388.1,5.92,444.25,160.25
383.2,5.475,432.75,158.0
383.65,5.425,432.75,159.75
384.6,5.39,433.0,158.5
383.75,5.328,429.5,161.75
383.85,5.397,430.75,161.5
382.9,5.383,427.75,157.25
383.0,5.361,426.25,157.25
383.0,5.445,430.0,157.75
381.55,5.368,424.75,157.05
382.0,5.275,428.5,157.1
383.1,5.398,431.9,158.5
385.8,5.486,433.25,160.75
385.5,5.488,435.5,162.0
385.75,5.46,436.5,162.75
384.3,5.295,431.5,159.65
383.5,5.263,430.25,158.25
384.15,5.353,432.0,157.25
383.25,5.23,431.0,156.25
384.2,5.343,432.25,156.4
385.9,5.335,433.0,156.25
385.05,5.373,435.75,157.0
386.4,5.345,437.4,157.0
387.5,5.432,440.0,160.0
387.0,5.388,439.5,159.5
387.75,5.365,437.35,159.75
388.5,5.33,439.0,160.25
391.3,5.455,443.0,160.5
390.5,5.433,442.5,160.0
390.75,5.508,443.5,159.5
390.7,5.49,443.0,158.75
389.65,5.428,441.25,157.25
389.2,5.353,441.25,156.9
389.0,5.33,438.75,157.0
389.4,5.335,443.25,160.0
388.25,5.328,442.75,160.75
387.3,5.262,439.0,158.25
387.05,5.328,441.9,159.0
384.5,5.084,434.0,158.0
384.75,5.07,433.75,157.75
384.25,5.071,433.25,156.5
384.15,5.073,433.75,158.25
385.75,5.118,434.25,158.0
385.8,5.168,435.0,159.0
384.75,5.123,432.75,156.75
386.7,5.158,436.15,156.75
389.2,5.265,436.0,155.75
388.4,5.188,434.5,154.5
388.4,5.226,436.8,154.75
389.6,5.355,442.25,155.0
390.45,5.338,442.75,154.5
386.85,5.156,436.25,153.5
385.95,5.163,429.25,151.75
386.65,5.223,430.5,154.3
386.7,5.174,432.5,154.0
386.0,5.152,430.9,154.5
385.7,5.183,430.0,154.5
383.0,5.08,426.5,152.5
383.35,5.098,425.15,153.0
382.85,5.03,419.0,152.0
382.65,5.15,421.75,151.75
384.0,5.14,422.6,152.0
384.0,5.203,423.35,152.5
384.1,5.165,422.75,152.5
384.5,5.225,421.75,152.0
384.4,5.291,424.0,152.5
384.05,5.255,421.25,151.25
383.55,5.313,420.0,148.75
383.5,5.228,415.5,146.25
386.35,5.383,420.75,148.5
382.0,5.36,421.25,148.25
384.35,5.496,430.75,149.75
384.5,5.66,430.25,149.75
384.7,5.799,433.85,151.0
384.05,5.705,429.75,149.95
382.75,5.56,425.5,148.75
384.0,5.675,428.25,149.25
383.1,5.58,431.75,148.5
383.0,5.585,432.5,148.0
381.65,5.455,426.85,145.25
382.35,5.323,427.75,145.5
381.5,5.345,429.0,146.25
379.7,5.308,428.75,146.0
379.4,5.285,422.75,144.25
380.05,5.213,426.0,144.5
381.45,5.383,431.5,145.3
382.4,5.497,433.0,145.4
382.1,5.398,431.5,145.5
383.1,5.523,433.25,146.0
384.9,5.543,437.75,147.0
385.1,5.448,437.75,146.75
385.0,5.49,437.25,146.5
385.4,5.485,437.85,146.25
384.85,5.562,439.6,146.0
384.5,5.479,436.75,145.6
383.4,5.363,424.9,136.25
383.5,5.462,424.0,138.75
382.75,5.405,421.25,135.75
383.8,5.488,423.15,137.5
383.75,5.455,419.9,137.85
383.5,5.481,422.25,140.35
384.0,5.528,423.5,142.25
383.25,5.425,420.75,141.5
382.2,5.34,413.25,139.6
382.5,5.335,414.75,136.5
383.25,5.35,412.5,134.0
383.05,5.323,412.25,134.75
384.5,5.443,416.25,138.5
385.1,5.435,417.5,138.5
384.5,5.418,414.75,138.25
384.45,5.423,414.75,138.0
383.8,5.383,413.25,136.9
383.85,5.384,412.5,137.25
383.4,5.35,412.15,137.5
383.65,5.353,414.25,137.5
381.75,5.349,410.75,134.25
381.75,5.328,409.35,135.5
382.55,5.37,411.1,134.75
382.5,5.353,410.0,134.75
382.65,5.345,413.0,135.9
382.9,5.439,410.0,134.5
382.6,5.4,409.25,136.15
382.15,5.33,406.25,135.75
382.65,5.36,410.0,136.5
381.95,5.333,405.5,136.25
382.05,5.31,407.75,135.65
382.55,5.358,408.25,134.75
382.2,5.288,406.25,133.5
384.8,5.283,408.25,133.25
384.8,5.38,413.1,134.5
385.0,5.358,413.5,134.25
389.4,5.429,423.0,136.25
388.3,5.423,418.0,135.25
385.85,5.323,414.5,134.5
385.3,5.338,415.15,134.4
385.2,5.328,415.0,134.6
386.35,5.36,414.5,134.0
386.3,5.353,414.35,133.75
386.3,5.375,415.0,134.3
384.35,5.303,413.25,132.75
382.8,5.208,412.0,133.0
383.45,5.236,412.9,133.15
384.6,5.275,414.25,133.15
388.9,5.275,416.25,134.25
388.5,5.221,414.0,132.25
387.8,5.18,413.0,132.15
386.2,5.218,409.6,130.5
385.9,5.185,410.5,129.75
386.55,5.22,413.0,132.75
388.4,5.256,414.2,133.15
387.8,5.245,412.0,131.85
388.8,5.248,413.0,132.25
389.6,5.253,416.6,133.75
388.8,5.228,416.0,136.0
387.6,5.158,412.75,133.4
385.7,5.105,409.85,133.25
386.2,5.143,404.25,130.75
387.2,5.15,407.9,131.5
388.1,5.175,410.0,132.5
387.6,5.123,405.25,128.25
388.05,5.158,406.5,130.75
0.0,5.122,0.0,0.0
387.05,5.158,405.75,130.75
387.0,5.133,402.5,128.25
0.0,5.142,0.0,0.0
389.15,5.165,400.0,128.5
393.4,5.35,410.5,133.0
394.25,5.348,409.75,131.5
395.9,5.5,417.25,131.75
396.6,5.53,418.0,130.75
394.55,5.509,414.5,129.5
400.0,5.538,414.35,129.5
399.0,5.557,417.5,129.0
399.6,5.463,416.75,128.5
395.55,5.4,412.75,129.25
397.6,5.458,416.5,130.25
397.7,5.493,418.0,130.0
397.5,5.465,415.5,130.0
399.1,5.413,415.65,129.5
402.2,5.504,422.5,131.0
403.65,5.59,423.0,130.5
402.5,5.54,417.85,128.25
406.6,5.518,421.0,129.0
406.5,5.616,422.0,128.35
404.5,5.508,414.25,126.75
406.55,5.575,420.25,128.25
405.55,5.52,420.0,127.75
409.1,5.595,423.25,130.0
414.5,5.828,429.25,137.5
414.8,5.798,431.5,141.0
412.3,5.753,427.2,139.5
414.2,5.823,430.5,142.25
407.9,5.655,424.5,139.75
408.0,5.725,424.0,139.35
404.5,5.638,418.5,138.0
403.2,5.708,420.85,138.5
403.1,5.69,420.5,140.0
404.6,5.748,423.4,143.75
404.85,5.679,423.0,142.25
405.35,5.705,423.5,141.0
402.2,5.69,421.0,138.75
396.8,5.55,415.4,140.0
399.65,5.593,415.9,142.0
398.25,5.514,411.25,140.25
399.0,5.493,410.25,139.9
399.5,5.485,409.35,139.25
397.55,5.463,408.0,137.5
400.65,5.523,412.75,137.5
398.35,5.525,412.75,137.0
393.7,5.493,410.5,132.75
393.6,5.35,405.25,132.25
393.6,5.36,406.75,133.75
393.9,5.373,409.75,135.25
396.8,5.43,411.5,136.75
395.75,5.488,411.5,140.5
396.25,5.498,411.5,141.5
396.5,5.575,413.5,141.0
395.5,5.586,411.25,139.0
395.7,5.57,411.5,138.75
394.0,5.55,410.75,138.0
395.1,5.548,411.25,138.0
394.9,5.503,411.25,138.75
395.8,5.565,411.75,139.0
397.7,5.603,412.25,139.25
397.9,5.63,412.15,140.5
399.9,5.64,414.0,140.75
400.35,5.688,415.0,141.0
398.7,5.639,412.25,139.0
396.35,5.518,408.65,139.0
394.2,5.518,405.0,140.5
394.35,5.528,405.0,140.5
394.65,5.51,405.15,140.4
393.75,5.525,406.75,140.0
396.3,5.545,408.75,139.5
394.55,5.463,406.3,138.0
394.3,5.532,407.75,138.0
394.75,5.537,406.0,136.25
393.2,5.498,404.8,136.4
393.5,5.47,403.4,136.0
391.1,5.312,401.5,135.15
390.5,5.334,400.0,135.25
390.9,5.254,400.0,135.25
391.0,5.285,404.25,133.5
391.75,5.328,404.75,134.9
390.8,5.318,401.5,133.5
393.3,5.32,403.85,134.75
391.9,5.37,405.65,135.5
390.85,5.29,402.0,130.5
391.3,5.278,400.75,128.75
392.3,5.325,402.0,131.5
392.4,5.385,405.25,134.0
394.0,5.41,404.75,134.85
393.7,5.458,404.4,135.0
394.8,5.483,406.85,135.4
392.7,5.433,404.5,133.75
393.2,5.42,404.35,133.0
391.0,5.375,402.0,132.5
390.7,5.363,403.0,133.0
392.2,5.4,403.0,133.75
391.9,5.375,401.75,132.25
391.95,5.364,402.0,132.75
390.85,5.29,396.85,130.25
391.0,5.285,397.7,128.25
390.8,5.293,396.75,128.65
391.4,5.336,399.0,129.75
390.85,5.311,397.4,128.75
392.0,5.34,400.0,130.5
391.0,5.368,399.75,132.0
391.3,5.338,399.85,131.75
390.55,5.335,399.25,131.5
390.7,5.384,400.75,131.0
389.7,5.362,399.5,130.2
387.65,5.205,392.75,127.75
384.85,5.155,391.75,127.6
386.6,5.2,393.5,128.75
385.65,5.2,392.5,128.35
384.9,5.17,391.25,128.0
384.8,5.123,392.0,128.5
384.7,5.113,392.75,128.75
384.1,4.978,392.4,128.75
385.0,5.166,393.25,129.9
384.85,5.18,391.25,129.25
386.3,5.211,394.0,129.0
384.4,5.112,392.0,129.15
383.2,5.109,391.25,129.25
384.2,5.106,391.6,129.4
385.1,5.178,392.0,130.65
383.8,5.148,390.5,131.4
382.95,5.105,388.75,134.0
382.0,5.026,389.35,132.35
381.55,5.048,393.25,133.75
381.95,5.068,391.4,133.25
381.95,5.138,392.5,133.75
381.0,5.075,389.15,132.5
381.5,5.074,389.5,131.5
381.9,5.12,390.0,130.75
382.9,5.075,390.5,130.0
383.0,5.12,391.75,131.25
382.7,5.098,389.9,130.25
383.6,5.134,390.65,130.65
382.75,5.135,392.75,131.25
384.25,5.152,393.9,133.15
383.4,4.995,392.0,132.25
384.0,5.0,392.75,132.5
384.5,5.015,393.75,133.0
384.85,4.973,393.65,133.25
385.1,5.03,396.5,134.0
384.4,4.983,397.75,133.65
384.8,4.987,395.75,131.65
385.2,4.988,398.25,130.0
384.5,5.088,399.6,130.5
384.8,5.069,399.1,129.5
385.3,5.113,399.75,130.0
386.25,5.15,404.5,131.5
386.35,5.125,403.8,129.75
389.75,5.103,403.5,129.0
388.5,5.07,401.75,128.0
388.0,5.05,401.25,128.5
387.6,5.04,401.25,128.75
387.5,5.12,400.75,129.5
387.15,5.045,398.5,128.25
387.6,5.076,399.5,129.25
386.7,5.088,399.25,127.4
386.2,5.041,399.5,126.75
386.2,5.083,398.0,124.25
386.4,5.083,398.25,124.0
387.1,5.203,399.25,125.0
386.8,5.208,399.35,125.5
387.0,5.188,398.5,124.25
387.5,5.213,399.0,124.5
388.8,5.255,400.5,124.25
388.5,5.212,400.0,125.25
388.0,5.18,398.5,126.0
386.45,5.195,396.75,125.5
386.55,5.183,395.5,125.25
386.6,5.198,395.25,125.25
385.6,5.153,394.5,124.75
386.0,5.198,394.25,125.0
385.4,5.14,392.75,124.4
384.6,5.118,394.25,125.0
383.1,5.085,393.25,124.0
383.5,5.09,393.0,122.25
382.1,5.083,390.0,121.75
382.8,5.046,387.75,122.0
382.8,5.045,387.9,121.5
383.45,5.062,388.25,121.0
383.0,5.046,388.5,120.5
382.75,5.058,390.25,121.0
381.75,4.945,387.25,119.5
381.0,4.875,386.5,116.75
382.3,4.91,387.75,117.0
382.4,4.935,388.25,119.0
380.45,4.873,385.25,117.5
380.7,4.848,383.75,117.75
379.0,4.881,383.0,118.75
378.65,4.848,383.0,118.75
380.3,4.913,383.75,120.5
378.85,4.913,383.0,120.0
380.7,4.899,384.25,120.75
380.1,4.86,383.5,119.5
380.85,4.893,385.0,118.0
381.35,4.88,384.25,117.25
381.75,4.975,388.0,117.75
380.75,5.033,386.5,117.75
380.9,5.04,384.75,116.5
381.0,5.02,384.5,116.25
381.5,5.018,384.5,116.25
380.6,4.975,384.0,115.75
380.0,4.888,383.75,115.75
381.0,4.898,383.5,116.25
383.35,4.953,385.25,117.75
383.5,4.983,387.25,118.75
383.0,4.984,386.25,117.5
382.55,4.903,384.25,117.0
382.9,4.919,383.5,116.25
381.7,4.895,382.25,115.5
379.7,4.826,380.25,115.75
379.5,4.825,381.0,116.5
377.6,4.801,379.75,115.75
378.7,4.814,381.0,116.25
379.3,4.832,381.75,117.5
378.0,4.79,379.75,116.5
378.6,4.743,381.25,116.5
378.15,4.828,381.5,116.0
380.5,4.835,386.0,117.0
381.9,4.905,388.0,118.25
383.6,4.9,386.75,118.75
383.0,4.893,386.25,120.5
379.25,4.845,384.25,117.75
379.1,4.908,385.0,118.75
378.2,4.874,383.75,118.0
379.1,4.899,384.25,118.5
377.0,4.93,383.5,118.0
377.0,4.86,383.0,117.5
375.4,4.835,381.75,117.25
373.5,4.761,378.5,115.5
373.0,4.74,376.35,114.5
372.65,4.728,374.5,114.25
371.3,4.743,374.75,114.5
370.75,4.733,373.75,114.5
367.4,4.71,372.0,115.25
370.9,4.825,374.0,117.0
369.0,4.754,373.0,116.0
370.25,4.888,370.25,115.5
369.0,4.765,368.25,117.0
368.25,4.814,367.75,118.0
368.25,4.865,369.5,120.0
368.6,4.83,368.5,118.75
369.0,4.833,368.25,117.5
368.25,4.81,367.75,117.75
368.2,4.805,367.0,117.5
368.7,4.85,370.0,117.5
369.0,4.864,371.75,118.0
369.0,4.875,371.5,118.75
368.75,4.825,373.0,118.75
0.0,4.845,0.0,0.0
369.4,4.884,371.25,117.0
369.25,4.88,369.5,116.5
0.0,4.798,0.0,0.0
366.55,4.77,369.0,120.25
364.0,4.703,366.0,119.75
358.5,4.665,361.75,118.0
359.0,4.683,362.25,119.5
356.6,4.655,358.5,120.0
356.5,4.663,361.25,122.25
358.25,4.75,364.5,122.5
359.6,4.76,363.5,122.25
357.4,4.693,362.0,121.25
354.45,4.654,359.75,120.0
353.05,4.678,359.5,121.25
355.75,4.749,360.25,122.25
353.1,4.745,359.0,121.5
354.7,4.73,358.75,121.75
351.2,4.698,356.75,121.25
348.0,4.73,355.85,120.75
352.5,4.973,357.75,122.0
353.6,4.941,358.0,122.5
353.7,5.03,359.25,122.75
351.1,4.918,354.75,121.25
349.25,4.878,352.75,121.5
345.5,4.958,351.25,123.65
344.3,4.879,349.5,124.25
345.7,4.905,353.0,128.0
343.4,4.855,351.75,126.75
342.8,4.875,351.5,129.0
339.75,4.8,350.25,130.5
340.4,4.918,352.5,134.25
339.4,4.935,354.25,135.25
337.7,4.82,356.0,136.65
342.65,5.123,368.0,138.75
342.4,5.143,366.75,136.25
344.1,5.218,363.75,133.25
345.0,5.232,368.75,134.75
346.25,5.203,366.75,134.5
345.0,5.165,364.0,132.25
353.3,5.24,369.25,136.0
353.05,5.215,372.5,139.0
353.1,5.187,372.75,140.0
354.75,5.229,383.5,150.0
360.0,5.253,392.0,157.0
358.6,5.253,392.0,152.5
362.15,5.308,387.5,150.0
359.4,5.283,385.25,149.75
354.5,5.214,382.0,143.75
353.1,5.185,382.0,146.5
350.3,5.175,381.75,148.75
350.25,5.138,378.25,151.0
351.95,5.25,383.25,157.5
351.4,5.228,380.5,151.5
352.9,5.23,382.0,152.0
352.8,5.273,382.75,152.25
351.4,5.255,379.0,152.0
346.3,5.21,375.75,142.5
349.1,5.169,376.25,145.75
352.0,5.24,379.75,151.25
352.8,5.186,378.0,148.5
350.2,5.129,375.25,148.0
349.6,5.168,374.75,146.0
346.05,5.093,372.5,143.5
348.15,5.13,373.5,146.5
350.0,5.035,368.0,145.75
351.05,4.976,369.25,149.25
348.75,4.862,368.25,146.5
347.4,4.743,364.0,146.0
349.0,4.763,364.0,150.5
349.1,4.833,365.5,154.0
347.8,4.77,366.75,157.0
347.6,4.773,368.25,155.5
347.95,4.793,371.5,157.5
346.75,4.725,370.0,154.25
343.0,4.72,364.5,150.5
339.9,4.728,364.5,149.0
340.4,4.835,370.5,151.5
342.1,4.725,377.0,150.5
342.25,4.75,381.0,156.5
341.6,4.763,380.25,156.5
341.0,4.723,373.0,154.0
340.9,4.713,374.5,157.0
342.25,4.743,379.25,161.5
340.2,4.724,375.0,157.75
339.25,4.643,374.5,159.25
340.15,4.663,374.25,156.0
339.25,4.675,372.0,156.5
339.65,4.735,373.25,157.75
342.45,4.752,374.0,157.75
341.1,4.721,373.0,155.0
343.75,4.753,376.5,157.6
345.85,4.833,383.5,164.5
348.2,4.86,391.0,169.25
348.9,4.825,388.5,170.0
349.1,4.874,394.0,174.5
346.4,4.835,393.5,172.85
344.5,4.838,392.25,172.25
340.7,4.68,387.5,170.0
343.0,4.718,392.5,179.75
342.7,4.672,393.5,178.0
342.75,4.675,388.75,174.5
342.55,4.658,387.0,170.4
343.65,4.748,398.0,177.5
342.8,4.76,399.5,185.0
343.9,4.723,416.0,193.0
345.6,4.857,407.5,182.0
343.9,4.733,398.5,172.0
343.55,4.745,406.0,188.5
341.75,4.725,419.0,208.0
340.8,4.733,442.0,210.0
344.0,4.9,497.0,230.0
344.25,4.814,475.0,228.0
343.75,4.759,452.0,212.0
343.8,4.77,458.0,218.0
342.2,4.745,442.0,209.0
341.4,4.71,437.0,202.0
341.5,4.705,435.0,203.0
342.15,4.72,417.0,196.0
341.6,4.798,409.0,190.0
340.2,4.725,418.0,203.0
338.2,4.75,420.0,200.0
338.0,4.723,421.0,200.0
338.35,4.8,414.0,194.5
338.45,4.773,416.0,196.0
336.95,4.77,418.0,195.5
336.55,4.75,421.5,194.0
334.55,4.715,430.0,192.0
333.7,4.645,436.0,196.0
332.15,4.645,425.0,192.0
332.55,4.654,424.0,191.0
324.45,4.548,423.0,191.0
318.0,4.474,409.0,180.0
320.8,4.25,409.0,176.0
317.3,4.278,397.0,168.5
319.8,4.345,396.0,162.0
319.5,4.359,404.0,169.0
321.7,4.343,405.0,172.0
319.75,4.278,404.0,172.0
319.5,4.318,407.5,175.25
319.4,4.224,405.0,175.5
324.2,4.265,407.5,182.0
326.2,4.32,413.5,191.0
328.25,4.28,421.0,198.5
324.9,4.295,416.0,197.0
321.95,4.283,416.5,198.0
324.1,4.313,421.0,205.0
325.75,4.345,428.0,204.0
326.55,4.363,425.0,198.0
327.55,4.364,430.0,209.0
326.35,4.383,435.0,211.0
324.1,4.474,433.0,227.5
323.55,4.46,448.0,239.0
321.1,4.508,457.0,239.0
319.35,4.34,436.0,232.0
321.0,4.325,430.0,219.0
323.7,4.383,441.0,232.0
327.7,4.393,444.5,234.0
326.15,4.432,437.0,230.0
326.2,4.46,432.0,224.0
326.15,4.479,426.0,215.0
324.65,4.41,422.0,211.0
322.6,4.525,423.0,206.0
323.45,4.514,411.5,198.0
322.05,4.51,405.5,190.0
323.0,4.518,416.0,203.0
324.0,4.498,412.0,198.0
325.5,4.659,406.0,197.0
324.75,4.655,406.0,186.5
325.85,4.659,408.0,188.0
325.35,4.725,409.0,191.0
324.5,4.66,409.0,187.0
322.4,4.703,410.5,187.5
321.7,4.633,406.0,186.5
321.7,4.673,418.0,189.0
321.25,4.705,419.75,188.5
321.5,4.715,416.5,186.5
321.7,4.675,419.0,186.5
320.8,4.735,422.5,187.0
321.65,4.738,427.0,191.5
323.35,4.783,428.0,193.5
322.3,4.758,427.0,193.0
321.0,4.713,424.0,191.5
320.45,4.587,420.0,187.0
320.85,4.632,423.5,191.0
322.05,4.721,428.0,195.0
320.85,4.713,436.0,193.0
320.9,4.685,436.0,188.5
322.7,4.723,442.0,194.0
324.6,4.751,438.0,192.5
326.65,4.765,430.0,193.0
327.1,4.87,429.0,195.0
332.1,5.168,434.25,194.0
337.15,5.185,433.0,192.0
333.35,5.145,431.0,192.0
331.7,5.153,426.0,192.5
332.5,5.28,424.0,194.0
331.95,5.181,425.0,195.0
332.6,5.251,436.0,203.0
333.4,5.238,434.0,206.0
328.9,5.143,430.0,203.0
328.2,5.185,436.25,205.0
327.75,5.125,435.0,207.0
326.5,4.99,438.0,218.5
327.35,5.103,431.0,222.5
324.3,4.915,423.5,219.0
323.9,4.939,421.5,210.0
323.3,4.955,424.5,207.0
322.45,4.97,422.0,202.5
324.3,5.075,423.0,204.5
316.65,4.903,418.0,201.0
311.8,4.828,406.0,205.0
312.35,4.825,396.0,203.0
313.5,4.794,407.0,213.0
316.75,4.806,406.0,213.0
311.4,4.815,405.75,207.0
313.8,4.783,407.0,209.0
315.35,4.843,408.0,209.0
313.5,4.85,406.5,210.5
312.05,4.85,398.0,203.0
308.7,4.95,398.0,205.0
310.75,4.87,392.5,206.0
312.65,4.938,391.5,209.0
308.15,4.945,393.0,212.0
308.15,5.023,390.0,210.0
301.75,5.058,384.0,206.0
303.75,5.135,386.0,207.0
304.1,5.108,388.0,208.0
305.95,5.123,397.0,211.0
302.7,5.23,393.0,210.5
303.9,5.25,392.75,210.0
305.0,5.475,390.5,207.0
300.7,5.331,382.0,205.0
297.0,5.235,382.0,209.0
296.0,5.268,382.0,206.5
296.8,5.298,384.0,204.5
294.35,5.235,383.5,205.0
295.1,5.315,388.0,209.25
293.0,5.315,387.5,208.0
289.35,5.295,383.0,206.5
287.4,5.31,383.5,207.0
287.5,5.43,380.5,208.0
283.25,5.383,374.5,206.5
286.3,5.835,375.75,207.75
284.8,6.05,362.0,205.0
283.0,5.785,361.0,201.25
283.6,5.96,354.0,194.0
285.5,5.838,342.5,188.0
287.85,6.05,347.5,187.75
290.0,6.01,355.0,190.0
288.9,6.085,355.0,181.0
290.45,6.055,353.0,182.0
292.5,6.03,353.0,185.0
0.0,6.268,0.0,0.0
293.05,6.24,363.5,198.0
290.2,6.203,363.0,203.0
0.0,5.995,0.0,0.0
288.0,5.94,367.5,201.5
284.4,5.88,364.0,202.5
282.8,6.02,359.5,201.0
281.6,6.095,358.0,203.25
281.65,6.064,363.5,208.5
278.7,5.74,361.6,216.5
278.9,5.533,361.0,226.0
279.5,5.59,360.5,232.0
282.5,5.7,375.0,241.5
282.5,5.795,384.5,237.0
290.0,5.893,379.0,227.0
287.25,5.765,376.0,231.0
288.4,5.8,374.5,230.5
291.0,5.795,377.0,233.25
293.8,5.88,383.0,236.0
291.0,5.825,379.0,230.0
302.75,5.938,385.0,234.5
298.9,6.048,385.0,229.0
300.0,6.018,384.25,227.0
302.5,6.158,393.0,235.25
304.85,6.048,386.5,235.0
301.5,6.25,389.0,239.0
298.35,6.385,387.0,238.5
298.15,7.05,389.0,238.0
298.5,7.546,404.0,243.0
299.1,7.81,398.5,240.0
300.6,7.19,396.0,236.0
299.5,7.135,389.5,234.0
298.45,7.09,389.0,234.0
299.45,7.0,395.5,242.0
299.15,7.08,388.5,238.0
298.2,7.09,385.5,238.0
299.3,7.215,387.0,237.5
298.15,6.715,378.0,230.0
298.0,6.69,379.5,231.0
296.7,6.765,384.0,235.0
292.7,6.475,377.0,234.0
291.4,6.39,374.0,236.0
292.25,6.34,379.0,243.0
293.0,6.048,378.0,240.5
297.4,6.37,383.5,233.0
298.35,6.605,388.0,234.5
297.0,6.498,384.0,234.5
296.75,6.39,388.0,239.5
293.7,6.32,383.0,237.0
294.9,6.31,383.0,237.0
293.85,6.064,383.0,241.5
294.4,6.118,387.0,247.5
294.1,6.313,391.0,256.25
293.85,6.175,388.0,259.0
294.55,6.235,392.0,273.0
294.2,6.118,400.0,280.0
293.8,6.073,397.0,276.0
290.4,5.8,399.0,266.0
291.5,5.845,411.0,270.0
292.4,5.933,413.5,275.25
293.0,6.323,418.0,288.0
300.3,6.46,422.0,293.5
299.25,6.338,409.0,278.0
299.6,6.36,415.5,281.0
301.95,6.375,412.0,272.0
301.85,6.35,406.75,270.0
301.0,6.345,407.0,266.0
301.0,6.465,410.0,270.5
300.3,6.454,405.0,272.0
306.0,6.73,412.0,280.0
310.6,6.635,416.5,283.0
309.2,6.385,413.0,272.0
308.8,6.46,418.0,283.0
307.65,6.41,419.0,286.5
309.5,6.41,429.0,318.0
307.2,6.24,422.0,314.0
306.3,6.07,408.0,296.5
308.45,6.275,413.0,314.5
307.45,6.274,414.0,326.5
307.5,6.23,413.5,337.0
312.8,6.31,421.0,380.0
312.75,6.32,421.0,383.0
313.15,6.315,409.0,383.0
309.65,6.215,408.0,370.0
308.45,6.135,409.5,372.0
308.25,6.105,400.0,366.0
310.7,6.215,403.0,365.0
306.9,6.17,397.0,363.0
303.8,6.235,399.0,358.0
301.0,6.078,398.0,355.0
298.1,5.88,394.0,323.0
300.4,6.008,396.0,325.5
298.9,5.79,395.5,321.0
299.35,5.788,388.0,333.0
299.1,5.46,389.0,372.0
296.15,5.56,402.0,388.0
300.9,5.663,403.0,392.0
300.3,5.42,405.0,417.0
299.7,5.253,393.0,395.0
299.6,5.21,389.0,385.5
300.6,5.34,380.5,363.0
299.8,5.31,379.0,352.0
297.95,5.28,378.0,351.0
292.75,5.085,375.0,338.0
294.0,5.175,369.0,297.0
293.6,4.957,361.0,285.0
288.75,5.143,362.5,282.0
291.45,5.118,366.0,273.0
292.4,5.19,357.0,258.0
292.8,5.175,359.5,282.0
290.7,5.23,356.5,290.0
291.7,5.255,356.75,294.0
297.6,5.46,364.0,298.0
293.0,5.355,354.0,278.0
290.3,5.308,352.5,268.0
288.15,5.165,346.0,270.0
285.85,5.093,345.5,272.0
287.0,5.135,351.0,276.0
290.9,5.28,358.0,284.0
292.45,5.318,357.0,293.0
297.75,5.295,360.0,292.0
295.15,5.31,355.0,295.0
294.45,5.36,354.0,305.0
293.85,5.335,351.0,303.0
293.15,5.293,351.0,296.5
293.65,5.39,351.0,295.0
293.65,5.305,349.0,296.0
296.3,5.358,357.25,297.0
296.8,5.525,364.0,293.0
294.05,5.445,365.0,295.0
294.6,5.343,366.0,287.0
293.25,5.32,364.0,289.0
293.75,5.345,378.0,296.5
292.0,5.33,374.0,297.0
291.8,5.335,382.5,298.0
290.6,5.295,376.0,295.0
291.5,5.268,375.5,293.0
293.35,5.33,376.0,295.0
293.15,5.32,383.0,300.0
294.95,5.363,393.0,325.0
293.8,5.285,394.0,340.0
294.85,5.39,394.0,347.0
294.9,5.423,384.0,329.0
293.95,5.65,383.0,318.0
293.3,5.673,379.0,310.0
294.6,5.833,383.0,309.0
290.65,5.625,376.0,304.0
290.6,5.64,378.5,307.0
290.75,5.67,380.0,307.0
290.0,5.54,378.0,301.0
288.85,5.525,377.5,307.5
286.15,5.408,371.0,303.0
286.1,5.385,375.0,294.0
287.9,5.473,376.0,293.0
287.8,5.42,380.0,293.5
285.7,5.41,379.5,290.5
285.6,5.285,377.0,291.0
284.8,5.2,375.0,288.0
285.05,5.245,375.5,289.0
283.4,5.105,369.0,284.0
284.4,5.14,371.25,280.0
284.15,5.13,365.0,280.0
284.25,5.12,367.0,279.0
285.5,5.1,369.0,281.0
285.3,5.103,371.0,282.0
283.5,5.16,369.0,288.0
284.5,5.16,367.5,290.0
283.05,5.073,366.0,290.0
283.15,4.965,360.0,283.0
278.5,4.975,355.0,275.5
273.4,4.785,350.0,272.5
279.0,4.73,363.0,279.0
280.15,4.848,367.0,280.0
279.15,4.81,363.0,279.0
285.0,4.98,366.0,283.0
288.25,5.04,368.25,282.0
285.4,5.01,361.0,277.0
283.45,4.85,357.0,280.0
290.5,4.98,363.0,288.0
293.35,5.053,365.0,290.5
290.2,4.96,362.0,291.0
290.65,4.93,369.5,288.0
288.25,4.95,365.0,290.0
290.5,4.943,358.0,288.0
290.1,4.995,357.5,288.0
292.95,5.005,357.5,280.0
288.9,4.895,353.0,275.5
288.9,4.88,353.0,278.0
292.7,5.06,356.5,284.0
298.1,5.185,359.5,286.0
292.25,5.14,352.0,286.5
296.0,5.355,349.0,279.5
293.85,5.385,350.0,280.0
297.6,5.36,354.0,283.0
300.8,5.305,351.0,281.0
298.75,5.155,344.0,280.0
294.65,5.088,341.0,279.5
298.0,5.13,347.0,283.0
300.25,5.22,356.0,282.0
298.7,5.013,351.0,282.5
296.45,4.845,344.0,281.5
295.55,4.865,343.0,278.0
295.3,4.803,339.0,277.0
298.15,4.82,341.0,275.5
297.95,4.96,343.0,277.0
298.55,4.9,337.0,275.0
295.4,4.855,335.0,271.0
295.25,4.89,338.75,275.5
292.9,4.88,338.0,274.0
292.25,4.865,337.0,275.75
291.45,4.86,338.0,277.0
293.0,5.0,342.0,281.0
293.15,5.06,339.25,280.0
294.0,5.045,337.5,277.5
292.3,5.055,334.25,275.0
292.7,5.035,336.0,273.0
288.6,4.96,339.0,273.0
289.4,4.925,344.0,274.0
290.6,4.95,346.0,275.0
293.3,5.035,343.5,273.0
292.05,4.995,337.5,273.0
292.25,5.0,337.5,272.0
293.5,4.988,338.5,272.0
294.45,4.985,343.5,275.75
297.1,5.128,349.5,277.0
294.85,5.035,347.0,278.0
293.8,4.95,347.5,277.5
296.5,4.955,353.0,288.0
296.35,5.01,358.5,296.0
295.6,4.96,357.75,300.0
295.5,4.915,352.5,285.0
296.45,4.918,351.0,275.5
296.3,4.915,353.5,275.0
296.4,4.92,350.0,275.0
296.15,4.935,351.0,273.5
294.7,4.925,354.0,274.0
293.3,4.875,349.5,272.0
294.15,4.875,346.5,271.0
292.85,4.69,346.0,271.5
292.3,4.783,347.0,272.0
295.55,4.76,347.0,271.5
294.4,4.78,346.0,271.0
294.2,4.82,351.0,286.0
293.95,4.835,353.0,300.0
290.8,4.835,350.0,292.0
291.4,4.785,349.0,291.0
292.55,4.87,353.0,297.0
294.1,4.943,355.5,322.0
293.3,5.018,355.0,330.0
291.6,4.935,349.0,310.0
289.65,4.95,347.0,306.0
287.25,4.89,345.0,310.0
285.8,4.89,345.0,306.75
0.0,4.905,0.0,0.0
286.95,4.915,354.0,327.0
287.8,5.03,360.25,330.0
0.0,5.005,0.0,0.0
287.15,4.995,362.75,337.0
287.15,4.91,360.5,332.0
287.65,5.153,360.0,324.75
289.95,5.29,357.75,315.0
290.9,5.21,358.0,316.0
291.15,5.255,359.5,316.0
289.8,5.355,358.5,316.0
285.45,5.185,353.0,311.0
285.65,5.14,353.5,312.0
285.95,5.105,350.0,312.0
286.75,5.13,354.0,317.0
286.5,5.125,353.0,322.5
286.0,5.13,353.5,321.5
287.75,5.153,353.5,320.5
287.0,5.135,351.25,320.0
287.7,5.095,352.0,324.0
287.1,5.15,352.0,325.0
283.8,5.08,349.5,330.0
283.55,5.088,342.0,329.0
285.4,5.238,344.5,335.0
286.9,5.275,346.5,342.5
288.55,5.28,349.0,338.5
286.85,5.54,354.5,346.0
287.25,5.62,352.5,357.0
289.4,5.69,355.0,352.0
288.85,5.575,353.0,345.0
287.0,5.53,355.0,347.0
288.2,5.525,360.0,359.0
287.3,5.495,359.5,357.0
289.15,5.64,368.5,356.75
289.2,5.75,369.0,357.0
285.3,5.665,362.5,353.0
285.75,5.385,364.0,347.0
285.7,5.463,370.0,351.0
286.35,5.6,377.0,351.0
287.2,5.575,374.5,350.0
286.7,5.505,381.0,346.0
287.4,5.5,383.0,350.0
286.45,5.42,377.0,354.5
287.05,5.58,378.0,351.0
286.7,5.62,379.5,351.0
288.25,5.485,376.0,350.0
285.95,5.345,372.0,350.0
287.7,5.223,372.0,345.0
287.9,5.295,374.25,346.5
289.5,5.245,376.5,347.0
292.95,5.315,375.0,346.0
291.8,5.24,369.0,345.5
294.0,5.285,369.0,349.0
292.5,5.308,365.5,349.0
289.7,5.205,364.25,349.5
283.0,5.055,364.25,349.5
284.7,5.043,367.75,348.0
283.7,5.04,367.5,349.0
283.7,5.035,370.5,352.0
284.3,5.07,373.0,356.0
284.1,5.13,373.75,353.5
284.25,5.095,374.0,355.0
283.4,5.055,370.0,363.0
279.8,5.058,368.5,366.0
280.15,5.093,369.0,368.0
279.6,5.115,361.0,362.0
279.45,5.025,361.0,362.0
280.55,5.01,359.0,349.0
278.5,4.945,354.25,359.0
280.15,4.958,355.5,364.5
281.0,4.978,357.25,363.0
280.6,4.915,356.7,363.0
283.2,4.98,360.5,365.0
283.45,4.89,359.5,366.25
283.4,4.94,357.5,368.0
283.65,4.88,360.0,368.0
284.2,5.02,362.0,371.0
284.2,5.065,365.5,379.0
284.35,5.145,364.0,384.0
283.25,5.115,359.5,379.0
283.4,5.153,357.0,370.5
283.3,5.183,356.5,363.0
281.5,5.145,354.0,352.5
281.05,5.098,356.0,352.0
283.0,5.205,353.0,338.5
283.0,5.275,346.0,332.0
286.6,5.44,350.0,295.0
285.3,5.325,347.0,285.0
286.0,5.295,350.5,286.0
287.95,5.43,353.5,312.0
282.4,5.273,354.5,326.0
278.0,5.375,354.0,331.0
279.45,5.383,354.0,328.0
277.55,5.4,356.0,335.0
277.85,5.365,355.5,337.0
276.0,5.47,356.25,344.0
276.1,5.36,355.5,339.0
275.05,5.375,355.0,342.0
272.5,5.285,354.5,335.0
274.0,5.315,356.0,328.0
273.3,5.305,359.5,329.5
272.2,5.145,356.0,330.0
271.7,5.085,358.0,330.0
269.5,5.05,359.5,340.0
268.95,4.955,363.5,339.0
268.6,4.935,364.0,338.0
266.85,4.88,362.5,340.8
267.15,4.98,363.0,342.5
264.75,4.96,364.0,342.0
265.3,4.903,367.0,343.5
265.6,4.98,365.0,344.0
262.35,4.98,362.75,346.0
261.3,4.928,366.5,350.0
258.6,5.02,367.5,348.0
259.7,5.09,366.0,343.0
260.35,5.115,362.75,334.0
260.0,5.073,360.0,340.5
258.7,5.01,354.5,337.5
258.15,5.048,350.5,337.0
258.95,5.065,351.0,338.0
259.3,4.97,350.0,337.25
258.55,5.02,344.5,331.0
259.15,5.07,347.5,328.0
260.15,5.1,348.0,329.0
260.7,5.125,348.0,329.0
260.3,5.073,345.75,324.0
262.0,5.15,348.5,322.0
261.0,5.218,349.0,321.0
262.6,5.31,351.0,320.0
263.1,5.24,347.5,318.0
261.8,5.27,346.5,315.0
257.6,5.258,345.0,315.0
257.1,5.175,346.5,317.5
257.2,5.225,352.5,329.0
257.3,5.215,353.0,331.0
256.0,5.228,352.0,333.0
254.65,5.089,348.0,335.0
255.25,5.12,347.0,338.0
253.3,5.05,347.5,337.0
255.65,5.11,349.5,337.0
253.95,5.05,348.5,336.0
252.8,5.05,352.0,337.0
254.5,5.025,352.0,337.0
253.95,5.115,352.0,341.0
255.3,5.13,353.0,343.0
253.5,5.115,352.0,341.0
254.6,5.16,352.0,342.0
254.1,5.15,343.5,339.0
253.9,5.323,345.0,341.0
255.6,5.448,343.75,337.0
255.35,5.36,344.0,331.75
256.0,5.41,350.5,335.0
255.85,5.52,353.75,341.0
256.0,5.455,354.25,340.0
255.75,5.385,349.0,338.0
256.5,5.358,352.5,345.5
256.5,5.28,349.75,341.0
257.75,5.34,350.5,341.5
260.3,5.395,352.5,341.0
260.45,5.34,350.0,339.0
259.0,5.258,344.5,337.0
259.65,5.235,347.0,337.5
261.3,5.24,353.0,340.0
258.0,5.205,352.0,342.0
258.25,5.188,357.5,345.0
255.9,5.245,351.0,344.0
253.4,5.13,348.0,342.5
252.85,5.11,347.0,340.0
253.15,5.075,348.5,340.0
253.8,5.12,348.5,338.0
254.8,5.078,349.0,341.0
254.7,5.195,347.5,340.0
254.2,5.143,349.5,345.0
254.4,5.19,351.0,349.0
254.6,5.135,351.5,354.0
255.6,5.16,355.0,355.0
256.15,5.165,353.0,351.25
256.9,5.188,357.0,355.0
256.0,5.2,361.0,359.0
256.3,5.19,366.0,366.0
256.75,5.135,373.5,367.0
257.15,5.13,372.0,363.0
255.9,5.1,377.0,368.0
255.1,5.098,374.0,364.0
255.4,5.115,375.5,362.0
258.85,5.14,380.0,363.0
263.4,5.255,382.5,368.0
264.35,5.26,376.0,363.0
270.0,5.25,374.0,359.5
281.1,5.318,383.5,365.0
301.5,5.44,399.0,377.0
307.0,5.71,409.0,385.0
299.0,5.575,393.0,377.0
307.5,5.673,410.0,383.0
312.75,5.605,412.0,390.0
325.5,5.71,412.0,388.0
318.25,5.473,405.0,380.0
323.5,5.578,425.0,390.0
323.25,5.555,421.0,392.0
317.75,5.52,425.0,395.5
320.25,5.565,432.0,393.0
321.75,5.55,430.0,385.5
321.0,5.65,437.0,377.0
315.75,5.38,419.0,377.0
311.75,5.345,413.0,376.0
309.5,5.23,409.0,377.0
307.0,5.24,428.0,385.0
302.85,5.173,428.0,386.0
302.4,5.21,432.0,390.0
302.0,5.24,430.0,393.0
296.4,5.263,425.0,393.0
290.6,5.185,414.0,389.0
296.25,5.21,422.0,392.0
299.1,5.29,418.0,395.0
291.35,5.195,414.0,394.0
290.75,5.21,413.0,392.0
291.0,5.22,415.0,393.0
290.6,5.22,423.0,394.5
289.7,5.21,422.0,395.0
288.25,5.055,416.0,396.0
290.75,5.078,429.0,401.0
295.75,5.11,434.0,408.0
296.0,5.125,457.0,415.0
291.25,5.075,444.0,415.0
290.9,5.07,452.0,415.0
294.25,5.095,453.5,411.0
293.65,5.168,448.0,406.0
293.6,5.1,442.0,399.0
293.75,5.13,424.0,394.0
294.9,5.135,430.0,400.0
297.25,5.173,435.0,404.0
297.5,5.25,434.0,398.0
298.4,5.198,445.0,401.0
296.85,5.198,442.0,397.0
292.25,5.22,439.0,396.0
291.35,5.18,437.0,394.0
289.15,5.19,435.0,397.0
286.0,5.16,433.0,401.0
282.75,5.085,437.0,402.0
276.1,5.07,434.5,405.0
279.25,5.135,436.5,407.5
280.95,5.14,438.0,409.0
279.0,5.09,438.0,407.0
280.65,5.108,442.0,413.0
279.5,5.115,444.0,417.0
279.25,5.103,448.0,428.0
280.05,5.185,437.0,427.0
280.3,5.16,440.0,434.0
284.15,5.2,441.0,443.0
284.25,5.2,431.0,440.0
282.75,5.175,436.0,438.0
285.75,5.165,440.0,437.0
287.3,5.198,440.0,444.0
0.0,5.19,0.0,0.0
290.9,5.19,445.0,454.0
290.25,5.33,443.0,444.0
281.5,5.303,433.0,443.0
280.45,5.285,420.0,433.0
279.4,5.14,414.0,433.0
282.1,5.135,418.0,438.0
281.6,5.145,418.0,449.0
282.25,5.155,420.0,448.0
282.25,5.145,421.0,448.0
282.1,5.09,423.0,440.0
283.3,5.095,429.0,439.0
285.35,5.125,433.0,438.0
285.8,5.13,434.0,436.0
287.65,5.103,444.0,441.0
288.1,5.13,444.0,445.0
287.75,5.18,442.0,454.0
287.2,5.21,455.0,465.0
288.0,5.268,461.0,476.0
285.9,5.2,456.0,475.0
285.55,5.295,462.0,476.0
286.75,5.37,494.0,486.0
283.3,5.26,495.0,484.0
283.0,5.243,488.0,486.0
285.6,5.208,497.0,497.0
285.05,5.2,502.0,511.0
293.65,5.23,512.0,514.0
312.7,5.448,522.0,540.0
296.25,5.27,515.0,567.0
308.6,5.363,548.0,580.0
309.0,5.36,540.0,571.0
311.5,5.36,541.0,588.0
308.35,5.235,539.0,607.0
304.25,5.24,549.0,650.0
302.5,5.23,555.0,695.0
304.75,5.285,573.0,735.0
303.55,5.23,512.0,670.0
305.25,5.24,523.0,785.0
302.25,5.24,509.0,774.0
302.0,5.255,493.0,755.0
298.75,5.22,475.0,700.0
294.0,5.15,465.0,670.0
292.5,5.078,476.0,720.0
293.65,5.095,490.0,722.0
292.9,5.125,474.0,696.0
289.9,5.035,463.0,670.0
288.5,5.02,465.0,655.0
288.8,5.09,473.0,652.0
289.75,5.05,470.0,650.0
291.2,5.065,474.0,700.0
290.5,5.05,473.0,700.0
290.25,5.11,477.0,705.0
290.65,5.093,478.0,693.0
288.75,5.08,483.0,693.0
289.15,5.08,483.0,710.0
287.35,5.115,485.0,712.0
283.9,5.06,485.0,712.0
285.75,5.065,487.0,703.0
285.15,5.035,495.0,680.0
287.8,5.13,496.0,663.0
284.75,5.105,485.0,645.0
284.85,5.08,479.5,615.0
284.15,5.09,480.0,615.0
280.65,5.065,477.0,620.0
279.75,5.05,480.0,615.0
275.75,4.94,480.0,605.0
276.75,4.935,482.0,573.0
277.5,5.04,508.0,585.0
276.85,4.99,511.0,585.0
281.3,5.11,521.0,590.0
279.35,5.095,514.0,582.0
280.15,5.085,495.0,572.0
282.25,5.08,488.0,554.0
282.5,5.118,493.0,555.0
280.4,5.095,495.0,560.0
281.4,5.1,500.0,560.0
282.0,5.13,510.0,570.0
281.75,5.135,505.0,575.0
281.1,5.085,501.0,583.0
281.35,5.103,492.0,575.0
279.85,5.095,487.0,565.0
279.5,4.96,476.0,572.0
276.2,4.97,470.0,572.0
276.0,4.975,486.0,577.0
275.05,4.938,525.0,600.0
275.45,5.005,527.0,600.0
275.6,5.0,502.0,575.0
280.0,5.0,510.0,575.0
280.75,5.075,509.0,575.0
277.9,4.985,504.0,575.0
276.3,4.99,509.0,578.0
277.6,5.025,511.0,575.0
276.75,5.0,512.0,574.0
276.65,4.97,514.0,570.0
275.05,4.98,508.0,567.0
276.0,5.005,505.0,568.0
273.1,5.04,512.0,570.0
272.8,4.965,520.0,570.0
273.15,4.98,538.0,573.0
274.0,4.978,547.0,560.0
274.05,4.995,544.0,568.0
273.7,4.98,563.0,566.0
273.35,4.968,555.0,563.0
271.3,4.915,545.0,564.0
273.15,4.94,548.0,566.0
272.25,4.9,551.0,568.0
272.5,4.895,553.0,572.0
281.6,4.91,556.0,590.0
283.25,5.03,566.5,600.0
288.4,5.005,560.0,615.0
284.1,5.045,554.0,630.0
285.75,5.055,547.0,640.0
284.4,5.035,552.0,647.0
284.6,5.01,546.0,642.0
291.5,5.088,551.0,663.0
287.15,4.995,540.0,656.0
287.4,5.06,542.0,669.0
290.1,5.05,542.0,682.0
285.9,5.04,555.0,687.0
286.2,4.99,570.0,687.0
286.05,5.02,563.0,683.0
287.65,4.93,572.0,660.0
285.8,4.955,560.0,658.0
284.05,4.94,579.0,661.0
283.8,4.955,564.0,656.0
288.0,4.935,575.0,650.0
289.75,4.978,572.0,660.0
288.15,5.018,558.0,638.0
287.65,4.995,553.0,625.0
286.5,4.99,548.0,626.0
286.85,4.99,532.0,616.0
284.9,4.97,536.0,637.0
282.85,4.985,543.0,656.0
284.1,4.975,550.0,668.0
282.85,4.975,550.0,674.0
279.95,4.955,551.0,665.0
280.8,4.955,556.0,663.0
280.25,4.96,560.0,683.0
282.45,5.005,574.0,705.0
282.75,5.015,576.0,712.0
279.2,4.99,571.0,705.0
279.35,4.96,575.0,723.0
279.3,4.988,578.0,775.0
279.75,4.925,575.0,770.0
279.7,4.92,566.0,766.0
279.4,4.965,566.0,765.0
279.85,4.935,560.0,762.0
278.1,4.95,564.0,770.0
276.75,4.95,582.0,822.0
277.6,4.978,592.0,842.0
277.6,4.96,608.0,852.0
275.5,4.958,582.0,810.0
273.95,4.948,572.0,808.0
273.2,4.92,564.0,737.0
273.1,4.925,575.0,770.0
272.0,4.87,578.0,790.0
272.2,4.875,578.0,790.0
272.7,4.9,568.0,790.0
275.45,4.91,566.0,738.0
274.15,4.865,574.0,762.0
276.35,4.845,572.0,755.0
277.2,4.87,568.0,748.0
275.6,4.853,568.0,740.0
274.6,4.835,570.0,738.0
273.4,4.828,573.0,740.0
273.15,4.81,574.0,738.0
272.6,4.76,573.0,724.0
273.65,4.86,577.0,720.0
274.0,4.885,590.0,720.0
273.3,4.893,598.0,715.0
277.0,4.91,588.0,716.0
277.0,4.94,592.0,725.0
276.65,4.955,612.0,718.0
275.0,4.943,598.0,720.0
274.15,4.95,608.0,734.0
272.7,4.91,607.0,758.0
272.75,4.89,609.5,765.0
272.55,4.865,610.0,754.0
274.65,4.855,610.0,755.0
272.5,4.88,595.0,745.0
273.1,4.865,582.0,719.0
272.6,4.868,586.0,722.0
273.0,4.855,594.0,722.0
271.85,4.848,595.0,720.0
271.4,4.855,593.5,720.0
269.5,4.82,588.0,723.0
273.95,4.883,585.0,732.0
272.85,4.893,580.0,714.0
274.85,4.898,576.0,715.0
276.15,4.9,565.0,715.0
276.4,4.938,575.0,711.0
273.65,4.888,569.0,712.0
273.1,4.883,573.0,714.0
272.1,4.88,570.0,719.0
271.35,4.885,570.0,727.0
270.4,4.875,576.0,734.0
270.0,4.855,580.0,742.0
270.0,4.86,582.0,732.0
270.5,4.865,582.0,735.0
272.75,4.885,585.0,737.0
274.0,4.853,585.0,736.0
273.25,4.883,585.0,735.0
271.6,4.86,581.0,733.0
270.25,4.845,573.0,735.0
272.0,4.84,578.0,738.0
270.3,4.83,584.0,745.0
270.45,4.815,588.0,750.0
271.45,4.83,586.0,750.0
270.2,4.78,576.0,751.0
266.8,4.78,578.0,750.0
266.4,4.75,579.0,752.0
263.8,4.718,576.0,752.0
264.75,4.755,579.5,752.0
264.5,4.74,584.0,758.0
265.5,4.75,586.0,773.0
264.85,4.75,596.0,786.0
264.65,4.71,598.5,790.0
265.7,4.73,590.0,772.0
265.5,4.74,595.0,778.0
264.1,4.715,598.0,778.0
264.65,4.723,599.0,783.0
264.85,4.725,598.0,779.0
264.85,4.67,592.0,775.0
264.95,4.663,591.0,779.0
264.6,4.66,592.0,782.0
266.7,4.67,586.0,776.0
265.25,4.653,593.0,781.0
266.15,4.645,596.0,783.0
266.15,4.648,591.0,784.0
266.15,4.62,586.0,785.0
265.7,4.62,588.0,782.0
265.55,4.615,586.0,783.0
268.15,4.62,589.0,792.0
269.95,4.693,599.5,799.0
269.1,4.695,598.5,800.0
269.1,4.63,605.0,811.0
269.2,4.685,607.0,828.0
270.7,4.665,616.0,868.0
270.8,4.693,613.0,870.0
271.6,4.71,599.0,850.0
273.9,4.745,605.0,875.0
272.95,4.71,603.0,902.0
270.7,4.66,612.0,915.0
270.75,4.66,620.0,932.0
269.6,4.65,622.0,925.0
269.3,4.638,612.0,915.0
270.35,4.61,609.0,937.0
270.2,4.575,604.0,935.0
269.55,4.57,602.0,917.0
272.45,4.61,606.0,935.0
273.1,4.605,611.5,950.0
0.0,4.6,0.0,0.0
275.05,4.63,613.0,970.0
274.45,4.595,619.0,956.0
0.0,4.575,0.0,0.0
271.1,4.59,608.0,965.0
267.15,4.525,618.0,987.0
267.1,4.495,632.0,991.0
267.4,4.52,618.0,977.0
268.3,4.57,625.0,1030.0
267.0,4.55,632.0,1038.0
266.3,4.53,636.0,1063.0
264.15,4.545,637.0,1055.0
263.7,4.56,633.0,1055.0
263.5,4.6,639.5,1050.0
264.45,4.605,632.0,1049.0
263.5,4.668,626.0,1020.0
264.9,4.725,613.0,1032.0
264.9,4.82,620.0,1068.0
266.15,4.775,622.0,1080.0
266.1,4.805,618.0,1065.0
264.25,4.765,611.0,1064.0
264.9,4.778,610.0,1060.0
263.55,4.785,615.0,1090.0
262.85,4.785,608.0,1075.0
264.95,4.798,602.0,1050.0
264.5,4.79,604.0,1050.0
267.65,4.798,600.0,1056.0
266.7,4.745,598.5,1060.0
265.45,4.72,602.0,1075.0
262.7,4.66,606.0,1075.0
263.15,4.63,604.0,1074.0
262.95,4.58,600.0,1040.0
259.9,4.57,597.0,1015.0
261.1,4.555,593.0,975.0
260.75,4.57,592.0,975.0
260.25,4.55,595.0,975.0
258.55,4.515,595.0,975.0
257.45,4.5,600.0,980.0
259.45,4.495,602.0,974.0
256.25,4.498,605.0,968.0
257.5,4.42,606.0,935.0
258.85,4.425,600.0,893.0
260.45,4.45,600.0,851.0
263.2,4.435,604.0,853.0
268.3,4.463,609.0,844.0
266.7,4.43,610.0,839.0
266.35,4.51,604.0,792.0
263.1,4.42,591.0,770.0
262.5,4.4,576.0,756.0
261.85,4.42,583.0,770.0
260.65,4.42,588.0,775.0
263.65,4.46,600.0,810.0
269.8,4.505,600.0,815.0
272.5,4.51,593.0,785.0
269.3,4.415,588.0,788.0
263.85,4.45,592.0,795.0
262.05,4.42,590.0,800.0
260.7,4.35,586.0,803.0
260.55,4.325,583.0,805.0
261.55,4.335,580.0,787.0
262.0,4.335,583.0,779.0
261.15,4.34,578.0,774.0
262.85,4.345,575.0,770.0
262.2,4.35,577.0,771.0
262.0,4.365,579.0,768.0
260.15,4.428,577.0,754.0
260.15,4.36,567.0,742.0
257.7,4.33,563.0,738.0
255.95,4.295,555.0,725.0
257.1,4.325,576.0,710.0
259.45,4.325,582.0,697.0
258.1,4.345,572.0,685.0
258.8,4.35,570.0,683.0
259.0,4.35,580.0,682.0
256.65,4.325,577.0,677.0
257.7,4.33,588.0,663.0
259.25,4.365,596.0,650.0
260.55,4.405,625.0,735.0
258.85,4.325,628.0,745.0
263.1,4.375,618.0,710.0
263.85,4.43,620.0,692.0
262.6,4.42,612.0,720.0
263.4,4.43,608.0,710.0
263.5,4.435,606.0,710.0
263.5,4.38,597.0,705.0
264.6,4.4,596.0,685.0
263.15,4.365,594.0,682.0
264.0,4.338,598.0,675.0
263.95,4.385,603.0,670.0
266.4,4.385,612.0,670.0
266.6,4.36,612.0,673.0
265.2,4.325,603.0,670.0
267.85,4.323,608.0,665.0
268.45,4.395,605.0,655.0
269.05,4.345,606.0,652.0
268.35,4.34,605.0,630.0
266.6,4.34,606.0,638.0
270.9,4.335,612.0,638.0
274.0,4.42,610.0,640.0
273.0,4.45,613.0,655.0
291.25,4.585,616.0,655.0
284.15,4.515,614.0,647.0
283.15,4.52,612.0,643.0
286.05,4.625,617.0,647.0
276.25,4.568,616.0,660.0
275.75,4.52,622.0,663.0
271.0,4.513,614.0,653.0
267.5,4.425,607.0,645.0
265.4,4.395,594.0,637.0
266.5,4.405,593.0,638.0
265.7,4.348,585.0,629.0
265.5,4.36,585.0,630.0
266.1,4.335,589.0,620.0
267.0,4.345,592.0,616.0
268.5,4.36,584.0,614.0
269.9,4.333,580.0,600.0
271.95,4.385,577.0,598.0
272.4,4.398,577.0,601.5
272.2,4.45,583.0,607.0
272.0,4.375,578.0,608.0
273.4,4.43,579.0,612.0
271.5,4.4,582.0,620.0
271.7,4.35,580.0,620.0
273.3,4.335,574.0,613.0
272.9,4.32,574.0,611.5
274.0,4.3,569.0,608.0
274.8,4.353,567.0,608.0
269.5,4.305,561.0,595.0
270.6,4.335,558.0,602.0
268.35,4.305,560.0,598.0
268.5,4.29,556.0,588.0
267.6,4.27,559.0,587.0
266.3,4.26,555.0,585.0
265.1,4.225,551.0,573.0
266.1,4.265,556.0,570.0
267.45,4.265,554.0,563.0
267.55,4.255,557.5,563.0
266.3,4.26,558.0,563.0
266.35,4.253,560.0,559.0
268.25,4.31,554.0,543.0
267.6,4.22,546.0,527.0
268.55,4.24,520.0,512.0
270.3,4.27,515.0,512.0
269.7,4.22,504.0,483.0
268.7,4.258,498.0,477.0
268.75,4.26,493.0,462.0
268.4,4.24,507.0,462.0
267.5,4.24,506.0,460.0
266.15,4.25,503.0,455.0
266.3,4.225,490.0,440.0
265.9,4.215,476.0,457.0
267.35,4.24,472.0,466.0
267.0,4.233,480.0,475.0
267.85,4.24,482.0,482.0
267.2,4.22,470.0,473.0
266.45,4.14,446.0,438.0
266.4,4.155,440.0,441.0
270.0,4.155,434.0,448.0
275.8,4.22,448.0,468.0
275.6,4.175,451.0,468.0
274.5,4.16,440.0,455.0
275.35,4.23,431.0,443.0
275.9,4.17,429.0,440.0
277.45,4.215,452.0,448.0
276.65,4.24,440.25,445.0
276.3,4.165,445.0,447.0
275.85,4.205,447.0,449.0
274.85,4.195,458.0,444.0
272.8,4.22,454.0,446.0
271.05,4.21,463.0,464.0
272.85,4.21,463.0,470.0
272.3,4.203,444.0,445.0
273.0,4.2,446.0,453.0
273.35,4.195,442.0,457.0
272.3,4.175,443.0,455.0
271.3,4.19,444.0,457.0
272.05,4.18,440.0,455.0
273.6,4.185,446.0,456.0
271.5,4.18,443.0,455.0
287.0,4.18,448.0,460.0
279.0,4.22,453.0,465.0
280.25,4.215,455.0,450.0
285.75,4.27,474.0,463.0
293.25,4.29,477.0,465.0
289.4,4.365,486.0,466.0
288.1,4.465,493.0,465.0
288.5,4.62,493.0,457.0
292.5,4.6,492.0,450.0
288.2,4.508,474.0,432.0
288.0,4.52,447.0,420.0
291.45,4.553,442.0,400.0
289.8,4.545,442.0,378.0
293.1,4.585,429.0,360.0
290.6,4.58,421.0,325.0
291.65,4.595,415.0,320.0
290.1,4.588,435.0,349.0
290.35,4.61,434.0,341.0
291.2,4.645,442.0,348.0
291.85,4.645,435.0,348.0
290.0,4.63,427.0,345.0
287.15,4.488,426.0,345.0
281.85,4.415,432.0,348.0
281.8,4.42,438.0,350.0
281.85,4.42,462.0,360.0
281.1,4.355,452.0,351.5
281.6,4.375,436.0,330.0
281.0,4.345,435.0,327.0
279.15,4.24,433.0,322.0
275.9,4.235,428.0,317.0
276.05,4.225,426.0,320.0
275.5,4.245,423.0,318.0
276.7,4.19,419.0,318.0
277.25,4.205,418.0,328.0
278.6,4.215,431.0,346.5
280.4,4.288,426.0,330.0
278.75,4.275,423.0,320.0
280.6,4.235,420.0,319.0
279.9,4.22,420.0,331.0
278.25,4.125,420.0,325.0
278.95,4.125,422.0,327.0
280.3,4.145,416.0,327.0
279.95,4.13,416.0,323.0
277.15,4.105,422.0,323.0
280.0,4.15,434.0,334.0
276.5,4.113,424.0,315.0
278.25,4.18,428.0,318.0
275.45,4.11,426.0,323.0
274.5,4.118,427.0,336.0
273.6,4.11,433.0,336.0
272.95,4.08,437.5,328.0
272.8,4.065,443.0,332.5
272.75,4.065,437.0,328.0
273.1,4.095,434.0,330.0
272.6,4.07,437.0,333.0
273.3,4.07,438.0,332.0
274.4,4.09,438.0,333.0
274.8,4.138,436.0,335.5
275.5,4.14,443.0,347.0
276.35,4.18,450.5,355.0
276.6,4.208,455.0,362.0
275.0,4.145,451.0,370.0
274.55,4.22,455.5,386.0
274.1,4.27,468.0,415.0
272.65,4.235,468.0,423.0
272.2,4.245,458.0,403.0
273.5,4.29,464.0,383.0
274.35,4.27,462.0,390.0
277.05,4.36,462.0,400.0
277.75,4.385,461.0,405.0
278.85,4.44,459.25,406.0
278.65,4.49,454.0,400.0
276.1,4.385,454.0,394.0
277.5,4.52,458.0,408.0
0.0,4.54,0.0,0.0
277.7,4.54,470.0,437.0
276.5,4.5,480.0,440.0
0.0,4.52,0.0,0.0
278.35,4.59,481.0,434.0
278.8,4.63,478.0,435.0
277.75,4.68,472.0,425.0
278.6,4.715,470.0,422.0
278.6,4.77,474.0,429.0
281.1,4.75,476.0,433.0
286.85,4.845,477.0,435.0
285.75,4.76,479.5,434.0
286.35,4.668,480.0,435.0
284.2,4.555,470.0,413.0
284.6,4.67,477.0,420.0
285.0,4.565,481.0,422.0
283.2,4.413,480.0,414.0
282.3,4.355,475.0,400.0
282.05,4.34,475.0,398.0
280.75,4.298,473.0,395.0
279.2,4.293,467.0,382.0
279.0,4.333,465.0,385.0
279.1,4.285,464.0,388.0
277.9,4.235,456.0,365.0
281.5,4.295,457.0,371.0
282.3,4.275,455.0,370.0
283.9,4.248,453.0,367.0
287.4,4.3,454.0,368.0
291.95,4.3,453.0,366.0
299.5,4.475,462.0,374.0
299.5,4.365,469.0,376.0
304.3,4.38,474.0,373.0
297.75,4.4,472.0,370.0
298.9,4.388,464.0,365.0
297.4,4.44,467.0,383.0
299.0,4.51,480.0,388.0
299.85,4.58,477.0,380.0
297.35,4.545,470.0,375.0
296.5,4.515,470.0,376.0
291.3,4.495,469.0,375.0
292.15,4.405,470.0,370.0
292.75,4.445,475.0,373.0
291.95,4.395,477.0,372.0
294.2,4.375,481.0,377.0
297.4,4.45,493.0,378.0
296.85,4.435,493.0,377.0
295.4,4.495,488.0,370.0
297.4,4.598,512.0,372.0
297.8,4.57,507.0,368.0
292.7,4.525,510.0,360.0
291.0,4.48,505.0,364.0
289.15,4.485,522.0,374.0
291.2,4.53,524.0,374.0
293.6,4.493,517.0,370.0
293.15,4.503,511.0,367.0
291.2,4.543,510.0,368.0
290.3,4.485,511.0,370.0
292.05,4.485,517.0,372.0
293.1,4.508,518.0,379.0
291.85,4.515,512.0,377.0
292.75,4.513,511.0,378.0
294.25,4.505,510.0,378.0
297.7,4.535,515.0,389.0
296.1,4.563,512.0,393.0
299.0,4.642,511.0,385.0
301.4,4.675,516.0,386.0
304.0,4.665,533.0,389.0
303.75,4.7,533.5,379.0
301.7,4.613,525.0,366.0
301.0,4.615,532.0,366.0
300.45,4.558,528.0,362.0
298.7,4.565,528.0,365.0
298.0,4.555,526.0,368.0
301.3,4.615,533.0,372.0
300.35,4.565,534.0,372.0
300.1,4.58,539.0,372.0
297.75,4.46,536.0,368.0
300.85,4.445,541.0,369.0
304.25,4.46,559.0,376.0
301.8,4.503,556.0,372.0
303.7,4.54,552.0,370.0
302.7,4.525,549.0,368.0
304.2,4.583,555.0,370.0
307.25,4.59,556.0,368.0
306.6,4.62,551.0,365.0
309.7,4.635,544.0,363.0
308.2,4.6,536.0,360.0
308.35,4.54,520.0,352.0
307.6,4.52,519.5,349.0
310.45,4.565,521.0,352.0
312.0,4.62,522.0,356.0
310.5,4.62,531.0,357.0
308.85,4.56,524.0,353.0
311.15,4.623,522.0,352.0
310.75,4.69,530.0,354.0
308.4,4.615,534.0,355.0
308.3,4.6,537.0,357.0
310.1,4.635,538.0,368.0
310.6,4.64,538.0,368.0
311.5,4.66,543.0,377.0
315.2,4.785,541.0,372.0
317.1,4.82,540.0,357.0
317.15,4.775,537.0,354.0
320.95,4.855,539.0,352.0
320.05,4.77,538.0,350.0
320.2,4.82,542.0,353.0
327.05,4.91,546.0,355.0
326.0,4.905,547.0,351.0
326.6,5.045,548.0,348.0
322.0,5.05,546.0,348.0
324.1,4.935,552.0,351.0
326.4,5.008,564.0,352.0
322.5,4.94,555.0,346.0
316.8,4.89,554.0,343.0
319.75,4.88,556.0,340.0
318.75,4.865,554.0,335.0
322.1,4.89,557.0,336.0
317.8,4.82,556.0,336.0
318.35,4.845,561.0,335.0
320.65,4.895,564.0,337.0
322.35,4.86,565.0,332.0
322.7,4.88,563.0,330.0
326.4,4.905,560.0,325.0
321.7,4.85,560.0,324.0
321.55,4.88,547.0,318.0
318.8,4.82,539.0,318.0
318.5,4.87,545.0,321.0
312.1,4.8,532.0,316.0
314.45,4.865,530.0,319.0
310.85,4.915,528.0,322.0
310.6,4.91,523.5,320.0
311.3,4.91,520.0,321.0
311.7,4.94,524.0,323.0
313.8,4.965,523.0,324.0
314.8,5.043,524.0,324.0
314.15,5.02,526.0,323.0
316.7,5.06,529.0,322.0
319.0,5.045,532.0,320.0
318.25,5.098,530.0,323.0
316.15,5.0,525.0,323.0
317.65,4.995,525.0,323.0
322.9,5.01,529.0,324.0
322.9,5.05,525.0,322.0
319.7,4.988,521.0,318.0
311.25,4.86,520.0,324.0
309.45,4.86,523.0,327.0
304.95,4.825,530.0,330.0
303.0,4.65,526.0,332.0
305.4,4.66,528.0,321.0
304.65,4.66,529.0,322.0
302.25,4.54,523.5,318.0
305.05,4.625,525.0,318.0
309.5,4.62,525.0,320.0
305.75,4.605,527.0,320.0
312.2,4.64,530.0,320.0
312.15,4.68,540.0,322.0
312.95,4.63,543.0,322.0
316.7,4.705,552.0,322.0
313.8,4.6,550.0,322.0
315.65,4.63,558.0,323.0
312.65,4.485,556.0,320.0
314.2,4.505,553.0,319.0
310.1,4.498,553.0,320.0
308.0,4.435,545.0,322.0
306.55,4.44,543.0,320.0
305.4,4.42,542.0,320.0
305.95,4.44,541.0,321.0
310.5,4.44,555.0,342.0
311.1,4.5,574.0,365.0
312.1,4.495,560.0,338.0
312.8,4.565,564.0,330.0
312.0,4.47,563.0,325.0
313.5,4.485,554.0,321.0
313.0,4.465,542.0,323.0
317.55,4.505,543.0,325.0
319.25,4.53,545.0,331.0
322.5,4.535,549.0,334.0
319.1,4.54,549.0,330.0
315.5,4.53,551.5,330.0
318.85,4.548,552.0,330.0
318.8,4.59,553.0,336.0
315.35,4.545,554.0,336.0
315.9,4.55,550.0,335.0
318.7,4.58,556.0,334.0
322.25,4.648,568.0,333.0
322.3,4.62,565.5,333.0
322.5,4.638,567.0,328.0
326.3,4.625,574.0,328.0
325.15,4.62,563.0,324.0
319.6,4.555,562.0,320.0
320.05,4.51,560.0,316.0
323.7,4.533,563.0,318.0
321.75,4.523,567.0,318.0
322.2,4.485,567.0,321.0
322.1,4.488,558.0,319.0
320.3,4.475,557.0,314.0
321.75,4.485,558.0,312.0
319.0,4.44,563.0,315.0
319.35,4.355,581.0,320.0
318.95,4.345,580.0,322.0
316.85,4.295,592.0,320.0
317.75,4.333,589.0,320.0
316.2,4.305,585.0,319.0
314.05,4.315,592.0,320.0
310.75,4.355,590.0,319.0
312.75,4.34,592.0,319.0
312.6,4.375,587.0,321.0
312.55,4.378,581.0,320.0
312.1,4.41,582.0,316.0
311.75,4.39,582.0,308.0
313.0,4.375,589.0,311.0
314.45,4.42,590.0,311.0
317.15,4.43,593.0,314.0
316.55,4.478,589.5,312.0
316.9,4.475,579.0,311.0
319.85,4.545,578.0,309.0
317.55,4.45,580.0,311.0
318.5,4.5,584.0,314.0
317.3,4.47,586.0,311.0
319.25,4.503,586.0,308.0
321.7,4.588,588.0,300.0
320.7,4.53,577.0,288.0
321.75,4.565,580.0,286.0
324.0,4.573,591.0,284.0
318.6,4.555,590.0,288.0
319.1,4.55,600.0,292.0
318.75,4.54,599.0,282.0
319.7,4.55,595.0,275.0
318.85,4.545,592.0,275.0
317.65,4.535,593.0,277.0
317.7,4.46,592.0,275.0
317.45,4.5,588.0,262.0
317.5,4.47,587.0,266.0
317.85,4.44,585.0,265.0
317.6,4.43,584.0,263.0
319.05,4.43,592.0,262.0
316.45,4.43,592.0,262.0
319.7,4.443,591.0,262.0
322.1,4.57,592.0,255.0
322.45,4.615,594.0,248.0
325.75,4.653,596.0,248.0
325.1,4.625,600.0,248.0
323.1,4.58,599.0,247.0
324.25,4.625,594.0,243.0
326.4,4.65,594.0,243.0
332.2,4.743,602.0,239.0
333.0,4.7,604.0,233.0
339.0,4.725,607.0,236.0
338.0,4.62,598.0,243.0
345.0,4.72,598.0,240.0
341.6,4.665,588.0,226.0
343.95,4.625,591.0,222.0
0.0,4.615,0.0,0.0
349.3,4.67,592.75,236.0
347.2,4.72,598.0,236.0
0.0,4.665,0.0,0.0
343.8,4.74,608.0,237.0
344.5,4.785,603.0,236.0
351.75,4.91,607.0,240.0
349.0,4.84,608.5,240.0
349.75,4.775,607.0,250.0
352.4,4.833,620.5,258.0
353.0,4.84,620.0,267.0
352.55,4.82,618.5,262.0
353.1,4.81,620.5,247.0
351.0,4.733,616.0,246.0
352.3,4.77,619.0,246.0
357.0,4.813,627.0,259.0
355.85,4.785,633.0,260.0
353.8,4.76,630.0,264.0
358.5,4.825,644.0,269.0
364.7,4.85,652.0,264.0
366.0,4.78,643.0,265.0
368.5,4.905,644.0,264.0
368.4,4.8,643.0,263.0
369.9,4.85,654.0,263.0
367.6,4.785,668.0,261.0
367.5,4.873,667.0,256.0
369.5,4.845,698.0,265.0
376.55,4.85,700.0,266.0
382.1,4.928,687.0,265.0
375.8,4.775,678.0,254.0
373.25,4.71,686.0,252.0
370.5,4.65,681.0,252.0
364.0,4.573,677.0,248.0
356.3,4.565,692.0,254.0
352.8,4.523,688.0,254.0
354.25,4.53,695.0,256.0
347.0,4.493,688.0,252.0
344.1,4.51,675.0,252.0
346.0,4.578,672.0,252.0
351.55,4.64,666.0,253.0
352.3,4.638,667.0,251.0
355.2,4.675,672.0,251.0
357.6,4.698,681.0,251.0
351.9,4.625,676.0,249.0
351.25,4.65,682.0,243.0
347.45,4.595,681.0,244.0
345.5,4.61,682.0,238.0
353.4,4.678,688.0,238.0
353.95,4.658,695.0,238.0
354.7,4.63,693.0,237.0
350.75,4.668,693.0,240.0
354.45,4.675,704.0,242.0
348.7,4.655,700.0,242.0
346.1,4.665,698.0,238.0
334.5,4.585,692.0,230.0
335.2,4.54,688.0,232.5
340.75,4.57,694.0,234.0
338.8,4.47,688.0,232.0
335.8,4.48,680.0,233.0
335.8,4.405,666.0,230.0
333.5,4.403,662.0,226.0
329.45,4.378,655.0,216.0
331.9,4.395,643.0,194.0
329.95,4.38,646.0,194.0
332.75,4.408,636.0,196.0
330.75,4.385,630.0,190.0
334.85,4.46,642.0,180.0
334.35,4.438,639.0,179.5
329.3,4.395,637.0,178.0
323.7,4.37,619.0,175.0
323.8,4.39,615.0,171.0
319.9,4.385,613.0,171.0
323.4,4.42,615.0,171.0
321.35,4.475,628.0,170.0
324.6,4.47,624.0,171.5
324.8,4.465,622.0,168.0
325.95,4.48,622.0,164.0
325.45,4.515,624.0,162.0
324.1,4.49,622.0,148.0
327.0,4.48,632.0,151.0
334.9,4.543,640.0,160.0
333.3,4.565,638.0,154.0
333.7,4.605,635.0,152.0
333.25,4.62,630.0,148.0
332.6,4.625,618.0,150.0
331.4,4.555,606.0,150.0
336.75,4.605,603.0,154.0
341.2,4.66,606.0,153.0
340.5,4.75,608.0,154.0
342.85,4.795,625.0,157.0
341.85,4.76,636.0,162.0
346.45,4.725,634.0,160.0
347.9,4.78,642.0,155.0
351.1,4.79,654.0,156.0
350.4,4.835,660.0,160.0
353.55,4.815,662.0,158.0
354.25,4.865,665.0,159.0
355.0,4.79,666.0,158.0
359.0,4.83,655.0,163.0
366.3,4.84,664.0,170.0
367.8,4.74,675.0,177.0
369.6,4.715,671.0,170.0
370.5,4.675,669.0,185.0
371.4,4.683,685.0,194.0
359.5,4.59,668.0,185.0
363.1,4.61,644.0,178.0
361.4,4.56,642.0,183.0
364.75,4.5,645.0,186.0
365.0,4.515,653.0,190.0
364.2,4.52,668.0,189.0
366.75,4.48,663.0,185.0
363.0,4.53,658.0,178.0
362.75,4.52,659.0,169.0
354.25,4.51,658.0,176.0
354.25,4.483,646.0,174.0
352.25,4.495,648.0,177.0
353.05,4.51,661.0,183.0
358.3,4.59,670.0,184.0
362.75,4.615,664.0,177.0
359.75,4.57,662.0,177.0
357.65,4.523,671.0,175.0
358.0,4.555,671.0,179.0
355.0,4.53,666.0,179.0
348.25,4.54,670.0,178.0
348.1,4.505,666.0,178.0
343.85,4.53,655.0,179.0
345.5,4.525,664.0,177.0
346.0,4.505,667.0,179.0
350.2,4.555,671.0,184.0
351.5,4.575,675.0,188.0
349.4,4.625,674.0,184.0
351.3,4.655,674.0,185.0
348.15,4.655,671.0,180.0
347.2,4.69,665.0,176.0
344.15,4.74,666.0,170.0
343.4,4.825,674.0,174.0
343.7,4.755,676.5,172.5
347.5,4.795,680.0,174.0
348.25,4.78,690.0,175.0
343.2,4.67,679.0,169.0
342.5,4.68,683.0,168.0
344.35,4.66,685.0,165.0
350.0,4.73,683.0,165.0
352.0,4.753,691.0,163.5
354.75,4.833,692.0,164.0
357.3,5.06,693.0,167.0
363.0,5.015,690.0,167.0
365.6,5.08,695.0,170.0
363.5,5.02,697.0,172.0
357.75,5.1,690.0,173.0
354.75,5.08,684.0,178.0
352.35,5.12,677.0,182.0
347.5,5.035,677.0,180.0
348.4,4.98,680.0,173.0
352.0,4.93,682.0,175.0
351.6,4.935,681.0,177.0
353.95,5.05,680.0,175.0
359.15,4.98,692.0,174.0
360.1,4.98,696.0,174.0
358.65,4.87,686.0,171.0
363.6,5.04,694.0,173.0
364.5,5.015,697.0,176.0
360.25,4.915,695.0,176.0
360.4,4.92,696.0,176.0
363.7,4.995,700.0,178.0
363.3,4.985,703.0,186.0
358.75,4.93,698.0,188.0
360.5,4.95,691.0,205.0
371.25,4.995,705.0,198.0
369.8,5.09,707.0,200.0
375.6,5.105,707.0,201.5
376.25,5.155,709.0,200.0
373.7,5.11,712.0,198.0
370.0,4.975,711.0,196.0
370.75,5.015,712.0,199.0
375.8,5.0,712.0,220.0
374.65,5.095,708.0,214.0
382.25,5.135,714.0,232.0
380.0,5.21,704.0,218.0
376.3,5.225,697.5,215.0
378.25,5.315,701.0,214.0
373.5,5.155,702.0,197.0
374.6,5.165,701.0,219.0
374.25,5.16,696.0,210.0
378.3,5.3,701.0,212.0
379.75,5.2,699.0,213.0
385.5,5.31,704.0,213.0
384.6,5.255,707.0,214.0
385.0,5.225,704.0,218.0
390.7,5.318,714.0,218.0
382.7,5.19,698.0,203.0
381.95,5.125,701.0,208.0
388.0,5.115,710.0,209.0
383.5,5.125,712.0,214.0
382.2,5.075,711.0,212.0
384.25,5.08,726.0,209.0
371.3,4.835,710.0,206.0
376.1,4.84,721.0,204.0
375.25,4.89,728.0,208.0
370.6,4.815,726.0,207.0
372.3,4.855,732.0,207.0
370.25,4.885,724.0,205.5
373.95,4.94,730.0,202.0
373.5,4.905,726.0,192.0
373.4,4.91,725.0,184.0
370.5,4.92,727.0,194.0
373.8,4.915,735.0,194.0
378.2,5.0,734.0,192.0
384.75,5.08,737.0,197.0
384.5,5.145,744.0,200.0
388.25,5.148,738.0,195.0
386.0,5.125,745.0,195.0
384.4,5.15,747.0,197.0
385.4,5.093,754.0,201.0
386.5,5.185,762.0,207.0
386.25,5.135,753.0,203.0
383.25,5.06,740.0,205.0
377.9,4.933,745.0,208.0
378.75,5.008,756.5,205.0
380.25,4.955,756.0,205.0
378.95,4.965,756.0,204.0
383.5,5.03,759.0,202.0
387.8,5.06,761.0,197.0
389.7,5.075,760.0,192.0
395.4,5.32,772.0,198.0
396.7,5.3,769.0,198.0
393.7,5.385,760.0,197.0
393.9,5.205,765.0,197.5
395.15,5.32,767.0,195.0
394.3,5.265,767.0,194.0
395.5,5.235,765.0,193.0
391.9,5.24,756.0,191.0
391.75,5.21,758.0,189.5
396.0,5.3,764.0,188.0
395.45,5.34,761.0,188.0
398.35,5.35,765.0,188.0
400.25,5.36,770.0,187.0
401.35,5.46,776.0,188.0
401.8,5.47,780.0,188.0
402.25,5.44,791.0,195.0
402.4,5.415,786.0,197.0
406.15,5.505,800.0,202.0
407.75,5.54,801.0,209.0
410.0,5.605,812.0,207.75
404.1,5.54,809.0,207.0
407.1,5.62,824.0,206.0
407.5,5.555,825.0,204.0
408.0,5.66,828.0,200.0
408.25,5.63,840.0,199.5
407.5,5.7,833.0,200.0
409.75,5.665,828.0,193.0
410.45,5.725,796.0,195.0
409.25,5.685,802.0,199.5
0.0,5.72,0.0,0.0
412.0,5.86,818.0,199.0
416.25,5.91,813.0,195.0
0.0,5.965,0.0,0.0
415.25,5.985,815.5,192.0
420.6,5.975,834.0,197.0
424.4,6.28,846.0,201.0
421.75,6.215,846.0,199.0
421.0,6.2,852.0,199.0
423.35,6.245,851.0,201.0
425.25,6.65,853.0,211.0
425.5,6.615,868.0,219.0
419.5,6.545,854.0,212.0
412.5,6.315,856.0,209.0
408.4,6.205,850.0,214.0
406.6,6.335,860.0,213.0
409.25,6.39,860.0,213.0
407.6,6.3,862.0,230.0
409.25,6.26,865.0,241.75
409.0,6.345,865.0,239.0
408.2,6.245,859.0,233.0
405.7,6.24,854.0,230.0
411.0,6.54,856.0,239.0
405.7,6.535,842.0,233.0
399.75,6.225,837.0,230.0
398.35,6.205,830.0,231.0
401.45,6.175,832.0,230.0
399.25,6.08,825.0,237.0
399.55,6.14,822.0,237.0
404.25,6.095,834.0,236.0
405.95,6.345,837.0,237.0
408.55,6.435,835.0,235.25
405.75,6.285,839.0,236.0
411.6,6.54,846.5,240.0
416.0,6.563,852.0,239.0
411.7,6.535,851.0,239.0
414.5,6.64,859.0,240.5
414.5,6.82,864.0,246.0
409.8,6.618,855.0,239.0
405.25,6.608,854.0,238.0
399.5,6.49,842.0,226.0
402.25,6.538,858.0,237.0
400.25,6.758,859.0,230.0
393.25,6.363,855.0,226.0
395.85,6.58,877.0,229.0
400.0,6.73,900.0,238.0
395.75,6.86,880.0,236.0
390.5,6.595,884.0,239.0
392.0,6.82,882.0,239.5
399.25,6.795,886.0,250.0
399.85,6.92,894.0,256.0
401.5,6.92,895.0,256.0
400.25,7.17,912.0,264.0
398.45,7.095,905.0,270.0
398.0,7.205,910.0,282.0
398.1,7.105,911.0,278.75
402.5,7.155,902.0,280.0
402.75,7.155,907.5,280.0
410.75,7.235,897.0,272.0
412.0,7.425,893.0,279.0
417.65,7.65,897.0,281.0
416.25,7.54,905.0,286.0
415.25,7.675,917.0,288.0
416.1,7.54,909.0,285.0
421.5,7.49,909.0,286.0
421.25,7.67,906.0,285.0
420.0,7.61,890.0,286.0
423.7,7.825,903.0,285.0
427.25,7.94,908.0,290.0
419.0,8.29,893.0,310.0
417.7,8.195,893.0,308.0
418.5,8.14,888.0,310.0
419.0,8.155,879.0,319.0
419.5,8.085,897.0,322.0
407.9,7.855,930.0,333.0
397.75,7.155,930.0,320.0
398.25,6.86,919.0,306.0
400.85,7.115,917.0,309.0
403.1,7.275,936.0,317.5
396.85,7.035,925.0,316.0
392.75,6.42,896.0,291.0
392.3,6.14,845.0,257.0
394.5,6.19,850.0,278.0
397.0,6.225,821.0,272.0
396.25,6.275,850.0,278.0
392.25,6.23,820.0,260.0
386.0,5.57,785.0,240.0
388.5,5.95,798.0,252.0
391.25,6.1,824.0,265.0
392.55,6.085,815.0,249.0
387.5,6.03,798.0,254.0
380.8,5.8,796.0,251.0
375.0,5.495,767.0,229.0
375.25,5.67,785.0,237.0
382.2,5.635,795.0,241.0
375.15,5.55,789.0,242.0
376.5,5.56,793.0,238.0
382.95,5.81,820.0,248.0
377.7,5.74,801.0,238.0
380.75,5.72,806.0,242.0
379.5,5.835,806.0,240.0
385.3,5.86,810.0,248.0
384.0,5.835,817.0,248.0
388.9,6.03,841.5,255.0
389.65,6.11,836.0,252.5
393.6,6.07,845.0,253.0
393.25,6.165,832.0,246.0
397.2,6.17,843.0,252.0
394.85,6.09,841.0,252.0
390.35,5.82,832.0,248.0
388.3,5.76,829.5,241.0
393.6,5.865,833.0,241.0
392.35,5.9,838.0,241.0
386.85,5.74,813.0,228.0
384.95,5.658,797.0,218.0
384.85,5.69,795.0,218.0
385.1,5.66,794.0,216.0
386.5,5.63,774.0,216.0
385.25,5.65,777.0,222.0
386.1,5.755,783.0,223.0
395.1,5.95,807.0,229.0
395.25,5.94,815.0,230.0
395.75,5.8,804.0,224.0
393.9,5.88,809.0,225.0
400.0,5.875,810.0,225.0
401.5,6.15,806.0,224.0
404.25,6.178,792.0,224.0
394.4,5.89,780.5,220.0
395.8,5.91,793.0,217.0
394.8,5.875,781.0,213.0
397.75,5.885,776.0,210.0
398.25,6.035,782.0,212.0
394.5,6.025,779.0,217.0
399.65,6.035,791.0,220.0
405.35,6.2,809.0,225.0
406.5,6.5,812.0,225.0
406.35,6.53,821.0,225.5
400.9,6.38,807.0,221.0
403.8,6.415,818.0,224.0
403.15,6.54,813.0,222.0
406.3,6.62,824.0,224.75
406.35,6.705,825.5,225.0
400.0,6.575,833.0,227.0
398.5,6.47,831.0,227.0
397.75,6.345,828.0,224.0
391.5,6.31,818.0,220.0
390.75,6.295,815.0,218.0
389.85,6.24,809.0,219.0
387.3,6.19,801.0,216.0
387.3,6.32,814.0,212.5
391.4,6.42,818.0,216.0
391.5,6.64,830.0,218.0
390.95,6.5,824.0,216.0
391.5,6.62,830.0,214.0
390.85,6.64,827.5,215.0
399.0,6.68,829.0,213.0
399.0,6.7,832.0,214.0
399.5,6.68,836.0,216.0
393.85,6.6,838.0,214.5
394.15,6.58,848.0,213.0
396.75,6.48,857.0,211.0
401.65,6.69,885.0,214.0
401.3,6.71,877.0,215.0
402.45,6.695,855.5,217.0
406.5,6.82,865.0,220.0
410.55,6.805,854.0,220.0
410.6,6.77,838.0,220.0
406.2,6.65,844.0,215.0
406.0,6.57,849.0,212.0
406.05,6.6,856.0,216.0
405.1,6.675,868.0,215.0
407.25,6.74,864.0,213.75
407.65,6.73,867.0,213.0
406.1,6.76,871.0,213.0
401.15,6.713,865.0,213.0
401.6,6.54,846.5,211.5
398.1,6.515,847.0,209.0
396.3,6.18,831.0,204.5
398.7,6.13,827.0,205.0
401.35,6.14,836.0,205.0
399.3,6.13,836.0,208.0
405.25,6.19,842.0,209.0
404.45,6.185,843.5,209.0
403.4,6.268,840.0,208.0
405.7,6.265,836.0,208.0
404.3,6.205,835.0,205.0
408.5,6.28,850.0,207.75
405.35,6.3,841.0,207.0
411.5,6.39,848.0,212.5
407.85,6.42,855.0,221.0
409.2,6.39,855.0,224.0
411.7,6.59,875.0,224.0
412.95,6.53,851.0,218.75
415.65,6.665,854.0,217.0
418.1,6.84,862.0,222.0
412.55,6.83,832.0,216.0
415.4,6.735,834.0,218.0
418.45,7.15,848.0,223.0
418.1,7.13,844.0,231.0
421.75,7.15,843.0,234.0
421.7,7.235,847.0,225.0
414.7,7.025,838.0,218.0
411.25,6.785,826.5,212.0
415.35,6.995,837.0,216.0
420.4,7.06,846.0,220.0
419.1,7.04,844.0,215.0
419.35,6.96,838.0,214.0
423.6,7.24,849.0,216.0
422.5,7.325,848.0,214.0
422.8,7.205,840.0,214.0
429.15,7.44,849.0,217.0
427.5,7.31,844.0,216.0
428.25,7.32,844.0,215.0
424.2,7.06,821.5,212.0
425.55,7.16,835.0,213.0
428.85,7.24,834.0,209.0
424.2,7.195,826.0,210.0
423.5,7.045,832.0,210.0
430.5,7.255,851.0,213.0
431.0,7.36,843.0,212.0
431.9,7.445,847.0,213.5
433.65,7.43,846.0,213.0
433.4,7.5,848.0,213.0
433.8,7.415,852.0,211.0
436.05,7.485,871.0,214.0
437.6,7.59,877.0,217.0
439.4,7.505,867.0,218.0
443.45,7.623,869.0,220.0
442.0,7.66,861.0,217.0
445.6,7.585,854.0,216.0
447.8,7.615,853.0,216.0
448.15,7.565,853.0,214.0
448.6,7.56,860.0,216.0
451.15,7.69,863.0,214.0
451.0,7.67,862.0,213.0
451.25,7.65,861.0,212.0
453.4,7.755,867.0,210.0
452.85,7.715,868.0,211.0
454.2,8.04,884.0,211.0
448.65,7.83,870.0,208.0
453.05,8.0,870.0,205.0
451.8,7.843,868.0,206.0
436.9,7.48,822.0,204.0
437.1,6.9,824.0,190.0
434.0,6.71,832.0,193.0
435.1,6.828,831.0,194.0
437.1,6.765,833.0,188.0
439.0,6.78,841.0,183.0
439.5,6.785,840.0,179.5
438.9,6.685,838.0,178.0
442.45,6.81,842.0,184.0
440.95,6.85,841.0,181.0
441.0,6.845,842.0,184.0
441.1,6.88,840.5,183.0
0.0,6.885,0.0,0.0
440.25,6.97,865.0,182.0
435.6,6.77,859.0,184.0
0.0,6.815,0.0,0.0
427.75,6.39,844.0,180.0
426.0,6.455,845.0,182.0
424.35,6.42,847.0,181.0
422.2,6.46,846.0,182.5
420.0,6.47,846.0,187.0
421.35,6.523,858.0,190.0
426.6,6.58,858.0,189.5
423.6,6.708,860.0,187.0
422.5,6.63,853.0,183.0
422.25,6.595,857.0,183.0
421.75,6.58,860.0,182.0
424.95,6.68,869.5,186.0
422.9,6.52,862.0,184.0
423.3,6.58,866.0,187.5
427.35,6.81,871.0,191.0
424.5,6.79,864.0,189.5
425.8,6.72,866.0,188.5
424.5,6.785,868.0,189.0
426.8,6.77,870.0,189.0
422.15,6.72,869.0,189.0
420.9,6.7,876.0,190.0
421.6,6.73,871.0,187.0
416.5,6.705,864.0,182.0
415.9,6.655,864.0,182.0
414.4,6.595,869.0,178.5
411.1,6.485,855.0,178.0
411.15,6.55,850.0,179.0
415.5,6.578,858.0,179.0
418.85,6.98,870.0,181.0
424.2,7.245,877.0,185.5
424.4,7.245,860.0,183.0
423.1,7.13,856.0,181.0
426.25,7.255,859.0,180.5
427.1,7.32,864.5,181.5
427.15,7.365,861.0,179.0
432.85,7.55,874.0,182.0
432.6,7.45,863.0,183.0
433.75,7.47,867.0,184.0
434.25,7.243,864.0,182.5
435.45,7.35,864.0,182.0
433.45,7.26,864.0,183.5
431.75,7.13,859.0,184.0
430.2,7.29,866.0,193.0
433.45,7.17,866.5,208.0
433.0,7.35,865.0,204.0
437.25,7.4,873.0,206.0
439.5,7.57,870.0,204.0
440.9,7.52,870.0,201.0
443.7,7.415,866.0,195.5
441.95,7.475,872.0,198.0
440.65,7.415,876.0,202.0
443.0,7.41,883.0,204.0
438.6,7.36,877.0,200.0
437.15,7.335,873.0,200.0
432.7,7.25,869.5,199.75
432.15,7.11,864.0,198.0
426.15,6.915,859.0,195.0
425.15,6.935,860.0,193.0
426.1,6.92,861.0,193.0
426.45,6.96,861.0,194.0
427.5,7.188,864.0,198.5
427.15,7.105,864.0,202.0
423.9,6.96,855.0,198.0
424.6,6.94,858.0,198.0
425.75,7.05,859.0,199.0
428.0,7.12,864.0,199.0
425.2,7.03,858.0,196.0
429.0,7.185,861.0,197.0
427.3,7.235,862.0,196.0
427.5,7.16,861.0,196.5
423.45,7.105,861.0,197.5
424.6,7.01,861.0,198.0
425.75,7.045,861.5,198.0
427.45,7.055,863.0,199.0
433.2,7.205,872.5,203.0
434.0,7.285,872.0,203.0
434.6,7.235,873.0,201.0
432.9,7.215,874.0,199.0
437.0,7.265,880.0,200.0
434.35,7.215,870.0,202.0
432.5,7.095,865.0,197.0
435.7,6.98,867.0,196.0
427.9,6.85,867.0,194.0
428.8,6.895,873.0,194.25
429.15,7.05,875.0,195.0
425.15,7.035,873.0,195.0
425.5,6.955,874.0,191.0
427.4,7.06,878.0,193.5
426.1,7.08,876.0,192.0
424.25,7.005,869.0,192.0
420.0,6.88,865.0,188.5
419.25,6.885,853.0,188.0
420.0,6.97,856.0,187.0
419.75,7.02,860.0,190.0
420.8,7.18,866.0,190.5
418.0,7.1,863.0,187.0
418.0,6.98,863.0,187.0
418.3,7.008,867.5,186.75
418.4,7.01,865.0,187.5
418.0,7.08,861.0,184.0
418.25,7.17,863.0,184.0
414.45,7.13,859.5,185.0
415.35,7.38,870.0,186.0
420.4,7.48,875.0,186.0
423.55,7.53,874.0,184.0
425.85,7.46,875.0,188.0
424.1,7.525,876.0,188.0
424.55,7.4,876.0,188.0
422.5,7.38,872.0,186.25
422.55,7.24,868.0,185.0
429.1,7.2,870.0,185.0
426.85,7.255,870.0,185.0
428.7,7.255,877.0,189.0
433.0,7.375,886.0,189.0
437.5,7.395,891.0,189.0
439.35,7.37,897.0,189.0
435.2,7.215,879.0,187.75
437.0,7.24,887.0,189.0
439.15,7.22,888.0,187.5
440.55,7.285,894.5,188.0
439.3,7.24,888.0,186.0
437.0,7.215,882.0,183.0
435.8,7.07,883.0,182.5
437.1,7.1,884.0,183.0
432.6,7.02,880.0,180.5
427.4,6.91,870.0,173.0
423.75,6.89,860.0,172.0
423.5,6.885,865.0,177.5
425.2,7.03,868.0,180.0
424.4,6.943,862.0,181.5
424.2,7.04,867.0,183.5
426.25,7.103,873.0,182.5
424.5,7.035,874.0,182.75
424.3,6.985,867.0,183.0
418.35,6.965,864.0,183.0
420.9,6.995,865.5,184.75
419.25,6.945,866.0,186.0
422.15,6.965,871.0,187.5
424.25,7.095,882.0,192.0
425.0,7.115,885.25,194.0
425.4,7.11,886.0,192.0
423.25,7.075,882.5,190.0
424.0,6.99,879.0,187.5
426.4,7.065,882.5,189.5
429.0,7.145,898.0,192.0
431.65,7.25,904.5,192.5
431.0,7.24,906.0,192.0
434.6,7.255,912.0,193.0
438.6,7.225,905.0,192.0
438.25,7.203,908.0,191.5
436.2,7.13,899.5,192.5
433.3,6.995,903.5,188.0
436.55,7.07,902.0,187.0
440.75,7.085,911.0,187.0
447.25,7.175,915.0,187.0
443.5,7.065,904.0,185.0
443.0,6.98,887.0,184.5
442.0,7.0,890.0,185.0
439.65,6.96,887.0,184.5
439.65,6.995,887.5,183.0
439.65,6.99,891.0,182.0
439.35,7.055,893.0,182.0
440.0,6.965,896.0,184.0
438.85,6.945,896.0,183.5
436.75,6.845,894.0,183.5
430.65,6.755,890.0,183.0
433.25,6.74,888.0,182.0
439.6,6.855,897.0,184.5
443.6,7.02,905.0,184.0
446.05,7.055,908.0,183.0
444.15,7.025,907.0,183.5
445.05,7.02,904.0,183.5
448.55,7.04,911.0,183.0
448.25,6.985,909.0,183.0
448.35,6.975,910.0,182.5
445.4,6.985,908.0,182.5
449.3,6.955,910.0,182.5
454.8,7.028,914.0,184.5
457.2,7.08,919.0,187.0
464.5,7.31,922.0,197.0
464.8,7.33,930.0,201.0
469.1,7.285,927.0,196.0
466.25,7.423,928.0,197.5
462.65,7.29,921.0,193.0
461.7,7.225,910.0,190.0
464.1,7.295,915.0,193.0
464.0,7.27,915.0,195.0
472.4,7.4,923.0,196.0
473.25,7.53,929.0,194.0
466.1,7.375,926.0,194.0
467.45,7.43,920.0,193.0
463.5,7.345,914.0,192.0
471.8,7.43,922.0,193.5
472.7,7.62,930.0,196.0
473.2,7.775,932.0,201.0
475.5,7.76,941.0,207.0
475.1,7.845,940.0,210.0
469.5,7.735,932.0,206.0
466.0,7.67,924.0,205.0
474.5,7.86,937.0,213.0
472.0,7.775,931.0,211.0
465.9,7.73,928.0,207.0
464.3,7.6,925.0,208.0
462.85,7.6,925.5,208.0
466.1,7.615,925.5,209.0
472.25,7.72,938.0,211.0
473.2,7.83,941.0,219.0
474.4,7.81,941.0,227.0
470.75,7.79,940.0,224.0
470.75,7.765,938.0,227.0
459.5,7.535,924.0,219.0
460.8,7.42,930.0,222.0
461.85,7.575,938.0,225.0
460.5,7.555,936.0,227.0
456.5,7.485,929.0,225.0
461.6,7.523,937.0,227.0
462.55,7.65,954.0,234.0
467.0,7.74,953.0,243.0
466.75,7.698,955.5,239.0
467.5,7.828,967.0,251.0
468.25,7.77,965.5,245.0
475.75,7.785,983.0,255.0
486.15,8.095,978.0,256.0
485.85,8.11,979.0,259.5
488.95,8.11,975.0,268.0
492.6,8.165,971.0,258.0
487.6,8.05,970.0,250.0
493.4,8.135,979.0,254.5
495.9,8.2,987.0,257.0
496.0,8.268,995.0,261.5
496.0,8.29,993.0,262.0
495.65,8.21,979.0,258.0
499.75,8.315,990.0,263.0
502.5,8.535,1000.0,266.0
505.65,8.59,998.0,270.5
504.25,8.6,987.0,269.0
515.4,8.82,998.0,274.0
515.7,8.79,991.0,276.0
525.5,8.97,1004.0,295.0
536.5,9.225,1012.0,293.0
522.5,8.74,995.0,272.0
509.5,8.39,968.0,261.0
506.25,8.39,954.0,255.0
507.0,8.61,959.0,261.0
508.75,8.615,974.0,262.0
502.5,8.55,963.0,258.0
489.0,8.275,953.0,247.0
500.0,8.385,958.0,246.0
0.0,8.5,0.0,0.0
518.0,8.76,969.0,264.0
513.0,8.905,965.0,258.0
0.0,8.83,0.0,0.0
530.0,9.04,982.0,265.0
529.5,9.14,990.0,269.0
524.75,8.99,987.0,261.0
535.25,8.83,993.0,267.0
541.5,9.1,996.0,273.0
543.5,9.04,1017.0,275.0
544.4,8.9,1008.0,269.0
542.5,9.0,1017.0,271.0
548.25,9.01,1027.0,273.0
561.75,9.19,1049.0,287.0
553.25,9.035,1034.0,278.5
545.0,8.875,1027.0,271.0
554.75,8.905,1039.0,271.0
567.25,9.08,1045.0,278.0
554.5,8.925,1042.0,276.0
557.25,9.0,1043.0,274.0
561.75,9.425,1058.0,277.0
556.5,9.49,1052.0,273.0
561.75,9.69,1058.0,273.0
565.0,9.655,1073.0,276.0
568.75,9.91,1072.0,290.0
568.25,9.77,1074.0,292.0
572.15,9.82,1079.0,297.0
569.0,9.81,1079.0,315.0
569.75,9.76,1075.0,302.0
558.7,9.72,1062.0,295.0
548.75,9.275,1050.0,288.0
560.25,9.5,1066.0,298.0
557.0,9.55,1062.0,294.0
549.3,9.26,1029.0,282.0
539.7,9.22,1013.0,276.0
540.5,9.32,1014.0,283.0
538.75,9.2,997.0,273.0
551.7,9.46,1012.0,283.0
554.5,9.54,1030.0,290.0
554.0,9.49,1023.0,289.0
553.0,9.53,1024.0,290.0
551.2,9.573,1026.0,286.0
554.15,9.54,1032.0,284.0
553.25,9.665,1037.0,283.0
556.0,9.695,1051.0,286.0
564.25,9.8,1046.0,288.0
563.75,9.788,1051.0,292.0
565.0,10.26,1059.0,303.0
565.25,10.22,1049.0,300.0
553.0,9.995,1039.0,297.0
544.75,9.95,1010.0,283.0
550.1,9.875,1017.0,283.0
535.0,9.855,1006.0,286.0
543.5,10.015,1018.0,290.0
545.8,10.065,1018.0,300.0
556.5,10.25,1030.0,316.0
552.75,10.275,1028.0,314.0
552.75,10.365,1033.0,316.0
555.75,10.34,1036.0,315.0
547.5,10.28,1035.0,313.0
550.75,10.53,1040.0,317.0
546.5,10.5,1037.0,315.0
556.75,10.68,1042.0,324.0
565.0,10.895,1059.0,338.0
567.5,10.81,1067.0,337.0
565.0,10.875,1065.0,330.0
584.0,11.45,1084.0,345.0
582.0,11.755,1076.0,332.0
587.0,11.585,1072.0,339.0
588.0,11.745,1075.0,336.0
586.5,11.655,1070.0,338.0
592.5,12.03,1084.0,350.0
589.75,12.165,1074.0,348.0
597.25,12.418,1095.0,357.0
597.75,12.67,1086.0,357.0
597.25,12.75,1087.0,345.0
593.0,12.61,1075.0,343.0
614.75,13.635,1105.0,358.0
624.75,14.27,1117.0,369.0
625.0,14.31,1121.0,363.0
623.5,12.185,1115.0,350.0
622.5,12.78,1120.0,358.0
634.75,12.465,1127.0,360.0
635.5,12.72,1130.0,359.0
638.0,12.52,1127.0,360.0
644.0,12.555,1145.0,362.0
661.0,13.92,1170.0,376.0
673.6,14.42,1184.0,381.0
673.5,13.685,1174.0,375.0
678.0,14.07,1180.0,380.0
675.5,13.75,1188.0,375.0
691.25,13.895,1229.0,382.0
699.9,14.34,1245.0,388.0
715.5,14.43,1293.0,397.5
725.0,14.94,1325.0,404.0
687.5,13.25,1290.0,367.0
692.0,13.22,1297.0,377.0
699.5,13.82,1331.0,388.0
693.5,13.12,1325.0,377.0
651.5,12.43,1302.0,345.0
652.5,12.16,1278.0,336.0
666.75,12.87,1304.0,351.5
648.5,12.8,1295.0,348.0
642.5,12.57,1285.0,348.0
642.25,12.7,1292.0,351.0
660.5,12.9,1295.0,355.0
653.0,13.13,1280.0,355.0
625.0,12.05,1225.0,338.0
632.25,12.15,1240.0,348.0
641.8,12.37,1253.0,359.5
627.0,11.87,1233.0,347.0
617.75,11.46,1221.0,333.0
614.0,11.55,1218.0,327.0
616.0,11.41,1200.0,324.0
609.2,11.02,1177.0,318.0
586.5,10.47,1135.0,282.0
567.75,9.72,1125.0,285.0
569.5,10.15,1164.0,298.0
574.0,10.28,1158.0,307.0
571.0,9.89,1138.0,298.0
567.0,10.15,1158.0,297.0
574.6,10.27,1175.0,307.0
584.5,10.54,1186.0,316.0
579.6,10.09,1169.0,303.0
583.5,10.36,1184.0,316.0
588.75,10.26,1183.0,315.0
582.75,10.38,1189.0,311.0
589.25,10.38,1191.0,311.0
613.5,10.7,1226.0,312.0
622.95,11.28,1239.0,326.0
622.0,11.23,1230.0,324.0
623.0,11.45,1232.0,323.0
626.0,11.31,1230.0,320.0
631.5,11.51,1230.0,323.0
626.0,11.04,1215.0,317.0
630.75,11.29,1232.0,323.0
650.0,11.75,1258.0,327.0
649.5,11.62,1252.0,328.5
663.25,11.63,1252.0,328.0
652.5,11.5,1242.0,320.0
645.0,11.01,1230.5,316.0
641.6,10.52,1210.0,308.0
642.5,11.08,1220.0,312.0
634.0,11.01,1216.0,308.0
605.7,10.74,1196.0,307.0
618.75,11.01,1228.0,311.5
614.3,10.9,1217.0,313.0
639.0,11.22,1233.0,316.75
637.1,11.34,1215.0,313.0
632.5,11.44,1228.0,309.5
637.25,11.355,1231.0,316.0
654.4,11.75,1246.0,322.0
644.4,12.065,1239.0,322.0
652.25,12.2,1241.0,323.0
649.75,12.45,1249.0,322.0
646.0,12.13,1237.0,317.0
649.0,12.265,1243.0,321.0
644.75,12.43,1248.0,323.0
644.5,12.275,1245.0,321.0
624.6,11.76,1218.0,312.0
625.5,11.99,1225.0,320.0
629.75,12.15,1236.0,332.0
625.5,12.28,1241.0,339.0
613.9,12.01,1217.0,334.0
625.0,12.24,1232.0,338.0
622.75,12.2,1228.0,338.0
628.1,12.42,1231.0,343.0
623.75,12.58,1227.0,346.0
621.25,12.4,1223.0,344.0
613.4,12.14,1216.0,336.0
617.75,12.22,1230.0,337.0
623.5,12.6,1245.0,341.0
621.05,12.75,1241.0,343.0
626.75,12.995,1247.0,344.0
637.75,13.15,1267.0,349.0
635.4,12.95,1268.0,349.0
621.5,13.06,1254.0,346.5
610.0,12.29,1222.0,320.0
588.0,11.76,1199.5,315.0
590.7,11.34,1207.0,318.0
589.0,11.0,1189.0,319.0
584.4,11.35,1188.0,330.0
573.6,10.7,1150.0,313.0
580.5,10.97,1159.0,304.0
583.5,10.91,1160.0,317.0
580.25,10.74,1135.0,308.0
578.75,11.02,1132.0,308.0
589.0,11.28,1153.0,322.0
584.75,11.05,1127.0,313.0
591.0,11.11,1127.0,314.0
593.75,11.58,1140.0,314.0
603.0,11.66,1150.0,321.0
599.25,11.55,1140.0,315.0
600.6,11.58,1150.0,313.0
582.25,11.34,1123.0,303.5
573.6,10.825,1102.0,300.0
573.3,10.96,1085.0,299.0
560.75,11.01,1070.0,295.0
575.25,11.335,1087.0,302.0
571.4,11.21,1072.0,297.0
574.1,11.14,1065.0,303.0
573.0,11.3,1070.0,308.0
586.1,11.4,1073.0,314.0
595.1,11.72,1087.0,322.0
590.0,11.85,1086.0,319.0
594.0,11.76,1083.0,324.0
597.25,11.62,1080.0,327.0
596.6,11.98,1080.0,326.0
582.75,11.71,1072.0,317.0
575.6,11.57,1053.0,318.0
580.75,11.75,1063.0,317.0
596.25,11.97,1082.0,321.0
596.25,12.05,1072.0,319.0
608.5,12.13,1086.0,323.0
603.75,12.08,1073.0,316.0
614.1,12.36,1099.0,324.0
620.75,12.41,1108.0,322.0
622.75,12.62,1200.0,327.0
626.1,12.51,1177.5,328.0
625.75,12.62,1189.0,333.0
623.2,12.605,1167.0,325.0
625.25,12.595,1192.0,329.0
629.3,13.025,1220.0,333.5
623.5,12.86,1185.0,324.0
627.0,12.85,1186.0,322.0
617.75,12.69,1160.0,314.0
624.75,12.94,1196.0,321.0
620.5,12.75,1160.0,316.0
625.5,12.92,1262.0,321.0
624.5,12.92,1355.0,328.0
631.8,13.07,1140.0,325.0
630.25,13.12,1163.0,323.0
639.5,13.365,1192.0,328.0
638.75,13.485,1174.0,327.0
637.0,13.44,1185.0,324.0
637.5,13.65,1145.0,319.0
646.7,13.68,1171.0,327.0
648.75,13.85,1156.0,326.0
646.0,14.05,1158.0,328.0
645.9,14.045,1141.0,331.0
636.0,13.68,1126.0,326.0
627.75,13.67,1122.0,326.0
637.4,13.84,1117.0,329.5
626.75,13.72,1106.0,328.0
628.0,13.85,1110.0,328.0
624.0,13.795,1106.0,326.0
627.4,13.77,1110.0,328.0
623.75,13.73,1108.0,326.0
614.0,12.97,1104.0,322.0
620.5,12.46,1118.0,322.0
619.25,12.8,1122.0,325.0
620.5,12.52,1119.0,324.0
0.0,12.5,0.0,0.0
628.5,12.86,1124.0,324.0
632.0,12.84,1118.0,323.5
0.0,12.9,0.0,0.0
639.75,13.01,1135.0,334.0
642.6,12.91,1136.0,340.0
628.7,12.62,1128.0,338.0
609.5,12.7,1120.0,340.0
609.5,12.21,1118.0,332.0
609.6,12.36,1123.0,329.0
608.4,12.45,1143.0,329.0
612.0,12.41,1143.0,331.0
619.75,12.43,1137.0,329.5
627.0,12.885,1147.0,330.0
627.05,12.84,1142.0,332.0
626.5,12.55,1136.0,332.0
635.0,12.84,1157.0,339.0
629.0,12.72,1154.0,339.0
639.0,12.865,1160.0,342.0
642.5,13.09,1168.0,347.5
642.1,13.2,1166.0,346.0
651.75,13.38,1180.0,351.0
645.5,13.22,1169.0,349.0
644.75,13.25,1164.0,340.0
645.2,13.15,1170.0,334.0
650.5,13.36,1169.0,331.0
660.2,13.58,1191.0,342.0
645.7,13.66,1165.0,339.0
649.4,13.29,1165.0,338.0
653.25,13.66,1186.0,342.0
653.75,13.65,1195.0,343.0
656.0,13.53,1187.0,337.0
664.5,13.84,1196.0,336.0
664.55,13.78,1189.0,336.0
667.8,13.79,1194.0,337.0
668.25,13.96,1216.0,343.0
664.75,13.98,1213.0,342.0
665.1,13.9,1195.0,338.0
670.75,14.03,1217.0,340.0
663.9,13.9,1208.0,335.0
661.25,13.74,1210.0,337.0
676.6,14.25,1225.0,348.0
683.0,14.28,1234.0,353.0
685.75,14.58,1236.0,355.25
676.2,14.49,1230.0,349.0
664.2,14.31,1239.0,346.0
670.4,14.29,1248.0,353.0
651.9,13.53,1203.0,347.0
636.75,12.605,1165.0,338.0
643.75,12.935,1190.0,343.0
646.4,12.89,1186.0,346.0
654.25,13.09,1195.0,351.0
652.25,13.07,1203.0,352.0
647.75,12.97,1202.0,350.5
650.8,12.92,1220.0,349.0
643.25,12.65,1203.0,347.0
648.5,12.9,1215.0,350.0
653.2,13.07,1219.0,351.0
655.0,13.16,1226.0,352.0
659.0,13.25,1231.0,352.0
658.75,13.33,1232.0,351.0
663.0,13.375,1236.0,353.0
656.25,13.37,1232.0,354.0
663.0,13.26,1237.0,353.0
664.0,13.34,1239.0,353.0
666.75,13.36,1246.0,352.0
661.0,13.34,1241.0,352.0
661.75,13.35,1244.0,351.75
658.25,13.335,1235.0,350.5
664.25,13.28,1245.0,352.0
672.25,13.45,1248.0,355.0
673.5,13.58,1251.0,350.5
677.4,13.84,1262.0,358.0
678.2,13.92,1265.0,364.0
677.25,13.84,1266.0,369.0
681.75,13.88,1269.0,371.5
686.5,14.09,1276.0,373.0
688.0,13.96,1270.0,373.0
688.75,13.96,1281.0,374.5
681.9,13.835,1292.0,375.0
691.4,13.87,1317.0,382.0
688.7,13.86,1318.0,380.0
688.4,14.03,1321.0,381.0
684.0,13.79,1307.0,378.0
673.0,13.66,1300.0,374.0
677.5,13.35,1281.0,371.0
677.0,13.5,1286.0,371.0
673.6,13.45,1285.0,368.0
669.5,13.18,1285.0,370.0
674.2,13.33,1299.0,374.0
688.8,13.4,1311.0,374.0
684.25,13.48,1328.0,374.5
683.0,13.45,1326.0,370.0
673.5,13.29,1321.0,362.0
669.0,13.04,1324.0,363.0
670.2,13.19,1329.0,363.0
668.25,13.02,1320.0,356.0
667.75,13.16,1326.0,359.0
656.75,12.9,1302.0,357.0
657.0,12.87,1308.0,362.0
658.0,12.93,1305.0,366.0
662.0,13.07,1294.0,375.5
662.05,12.96,1295.0,374.0
659.0,13.04,1290.0,373.5
655.3,12.925,1276.0,367.0
660.15,13.03,1267.0,370.0
652.65,13.11,1257.0,365.0
659.1,13.25,1280.0,367.0
666.5,13.53,1290.0,371.0
671.1,13.67,1292.0,370.0
671.5,13.71,1296.0,369.0
669.7,13.69,1288.0,366.0
668.75,13.65,1300.0,367.0
655.25,13.31,1288.0,369.0
650.3,13.16,1291.0,366.0
647.25,13.15,1290.0,367.0
647.65,12.86,1275.0,364.0
653.25,13.04,1276.0,368.0
653.1,13.06,1278.0,367.0
656.0,13.31,1293.0,370.0
656.3,13.19,1289.0,369.5
657.7,13.34,1295.0,374.0
650.5,13.17,1290.0,375.0
652.85,13.155,1301.0,375.0
650.75,12.96,1288.0,371.5
647.0,12.85,1273.0,367.0
642.1,12.26,1266.0,365.5
647.25,12.425,1279.0,365.5
650.5,12.54,1273.0,365.0
654.75,12.47,1277.5,366.0
654.25,12.6,1281.0,365.0
654.15,12.605,1283.0,364.0
651.0,12.6,1290.0,365.0
648.75,12.4,1287.0,363.0
661.25,12.74,1303.0,368.0
661.7,12.76,1296.0,367.0
663.0,12.95,1306.0,367.0
667.25,12.95,1308.0,367.0
666.5,13.125,1313.0,368.0
666.0,13.03,1313.0,367.0
666.5,12.9,1309.0,366.0
666.75,12.94,1309.0,366.0
674.5,13.25,1322.0,369.0
681.6,13.29,1332.0,370.5
682.0,13.34,1329.0,370.5
684.3,13.34,1333.0,368.0
674.75,13.175,1317.0,364.5
670.0,13.13,1314.0,364.0
660.5,12.75,1284.0,362.0
661.5,12.73,1270.0,363.0
665.5,12.93,1292.0,365.0
665.75,12.77,1283.0,363.0
666.25,12.96,1287.0,366.0
670.5,12.96,1286.0,364.0
671.5,13.1,1294.0,364.0
668.0,12.99,1282.0,359.0
675.5,13.03,1286.0,363.0
662.6,12.975,1268.0,360.0
668.5,12.69,1269.0,349.0
668.75,12.87,1276.0,354.0
668.35,12.76,1272.0,350.0
667.25,12.51,1262.0,346.0
662.25,12.365,1245.0,337.0
657.5,11.69,1245.0,334.0
659.5,11.95,1249.0,329.5
657.5,11.67,1244.0,327.0
659.5,11.68,1240.0,320.0
660.75,11.88,1246.0,327.0
660.85,11.7,1240.0,323.0
666.0,11.83,1255.0,326.75
664.25,11.8,1260.0,326.0
666.0,11.86,1266.0,327.0
672.0,11.95,1268.0,330.0
672.0,12.1,1268.0,330.0
678.75,12.095,1270.0,331.0
680.25,12.215,1273.0,333.0
688.15,12.245,1281.0,333.0
701.0,12.57,1289.0,334.0
703.5,12.56,1292.0,334.0
704.15,12.57,1292.0,333.0
706.0,12.66,1299.0,333.5
704.5,12.47,1297.0,331.0
716.35,12.5,1294.0,330.0
719.0,12.59,1298.0,330.0
714.75,12.96,1300.0,331.0
725.15,12.995,1306.0,332.0
734.5,13.17,1323.0,336.0
737.0,13.47,1332.0,340.0
730.0,13.62,1331.0,340.0
728.5,13.28,1333.0,337.5
734.75,13.44,1348.0,337.0
731.75,13.51,1350.0,342.0
743.0,13.65,1377.0,343.75
742.5,13.775,1377.0,352.0
731.0,13.28,1359.0,349.5
730.25,13.35,1353.0,350.0
725.5,13.22,1357.0,359.0
737.0,13.435,1364.0,366.0
733.75,13.29,1369.0,363.0
736.0,13.21,1357.0,359.0
741.25,13.62,1389.0,375.0
749.0,13.67,1394.0,378.0
749.5,13.79,1416.0,377.0
758.85,13.95,1426.0,379.0
756.75,13.66,1410.0,369.0
762.5,13.6,1421.0,371.0
764.15,13.68,1446.0,371.0
763.0,13.83,1452.0,370.0
751.25,13.35,1431.0,359.5
758.25,13.57,1447.0,363.0
757.5,13.44,1437.0,358.0
767.5,13.725,1447.0,361.0
779.15,14.07,1454.0,370.0
788.5,14.41,1457.0,372.0
783.25,14.175,1443.0,367.5
789.5,14.32,1440.0,370.0
790.25,14.36,1443.0,370.0
796.5,14.32,1439.0,369.0
804.75,14.49,1458.0,373.0
822.5,14.96,1472.0,376.0
834.5,15.82,1470.0,374.5
841.1,15.36,1462.0,373.0
831.5,15.15,1434.0,370.0
803.5,15.14,1389.0,364.0
804.25,14.675,1415.0,369.0
813.5,14.97,1440.0,371.0
794.0,14.82,1423.0,365.5
789.75,14.45,1450.0,366.0
778.85,14.52,1455.0,362.0
795.5,14.36,1460.0,361.0
798.0,14.55,1468.0,361.5
803.25,14.52,1468.0,355.0
815.25,14.55,1475.0,353.0
830.0,14.885,1475.0,357.0
810.75,14.65,1456.0,351.5
801.75,14.275,1440.0,345.0
794.5,14.38,1440.0,343.5
783.5,14.23,1440.0,349.0
784.25,13.86,1450.0,347.0
797.5,14.25,1464.0,347.0
793.0,14.34,1468.0,347.5
801.5,14.06,1460.0,345.0
792.5,14.44,1458.0,344.0
809.5,14.38,1463.0,345.0
808.75,14.615,1462.0,345.0
814.0,14.635,1474.0,349.0
800.7,14.61,1477.0,347.0
789.5,14.01,1462.0,346.0
790.75,13.745,1482.0,351.5
804.25,13.97,1510.0,357.0
799.75,13.98,1510.0,355.0
795.25,13.97,1514.0,354.0
810.5,14.28,1516.0,355.0
0.0,14.35,0.0,0.0
829.0,14.67,1544.0,360.5
833.75,14.75,1530.0,364.0
0.0,14.76,0.0,0.0
846.75,14.93,1541.0,371.0
858.85,15.38,1535.0,370.0
855.0,15.275,1545.0,372.0
859.25,15.24,1531.0,370.5
873.5,15.485,1543.0,372.0
877.0,16.0,1550.0,374.0
884.25,15.62,1538.0,370.0
891.0,16.06,1564.0,375.0
902.0,16.5,1577.0,379.0
913.0,16.24,1575.0,378.5
889.75,15.85,1561.0,375.0
888.25,15.88,1564.0,373.0
882.0,15.825,1560.0,369.0
871.25,15.77,1547.0,366.0
875.0,15.57,1538.0,364.0
888.25,15.95,1546.0,365.0
909.25,16.35,1591.0,370.0
918.25,16.53,1681.0,380.5
921.75,16.44,1693.0,379.0
924.5,16.75,1690.0,385.0
919.0,16.76,1686.0,386.0
923.25,16.74,1731.0,388.0
914.75,17.19,1755.0,410.5
893.75,16.7,1786.0,420.0
887.5,16.51,1768.0,413.0
903.0,16.48,1813.0,417.0
899.75,16.7,1827.0,421.0
916.25,16.95,1860.0,432.5
918.0,17.37,1924.0,443.0
917.0,17.46,1937.0,433.5
899.0,16.98,1932.0,426.0
906.0,17.26,1981.0,435.0
912.5,17.38,2060.0,440.0
903.25,17.01,2109.0,459.0
924.0,17.25,2145.0,479.0
920.0,17.42,2073.0,472.0
945.0,17.98,2180.0,519.0
943.0,17.94,2155.0,506.0
937.75,18.06,2144.0,524.0
937.0,18.12,2123.0,520.0
959.5,19.33,2140.0,552.0
959.75,19.24,2131.0,556.0
971.5,19.62,2150.0,568.0
988.5,20.16,2174.0,579.0
984.75,20.32,2273.0,582.0
974.5,19.48,2189.0,532.0
976.5,20.8,2230.0,535.0
972.5,20.22,2082.0,506.0
969.25,19.57,1947.0,463.0
970.0,20.25,2055.0,483.0
975.5,19.7,2051.0,493.0
995.0,20.79,2100.0,509.0
1003.5,20.41,2107.0,512.0
1011.25,20.92,1995.0,483.0
1006.75,20.38,1998.0,481.0
958.5,19.88,1890.0,464.0
925.75,17.53,1823.0,430.0
926.75,17.575,1954.0,446.0
946.75,18.07,1983.0,453.0
946.75,18.2,2002.0,446.0
934.25,18.36,1990.0,444.0
933.5,17.99,2040.0,445.0
887.75,16.74,1918.0,426.0
890.0,16.89,1927.0,432.0
896.5,17.15,1975.0,437.0
905.5,17.45,1989.0,438.0
926.5,17.96,2034.0,453.0
915.0,18.0,2004.0,450.0
917.0,17.49,1997.0,452.0
928.0,18.32,2028.0,461.0
927.75,17.95,2019.0,469.0
926.5,17.45,1955.0,456.0
929.75,17.86,1990.0,456.0
945.0,18.07,2024.0,462.0
946.0,18.56,2048.0,457.0
908.75,18.18,2026.0,451.0
918.5,17.86,2034.0,453.0
918.0,17.56,1985.0,454.0
898.5,17.55,2004.0,446.0
895.5,17.09,1994.0,440.0
891.5,16.68,1951.0,434.0
890.5,16.94,1964.0,434.0
880.0,16.78,1950.0,428.0
871.0,16.47,1929.0,420.0
853.0,16.64,1886.0,406.0
853.5,16.19,1878.0,412.0
880.0,16.7,1940.0,425.0
868.25,16.69,1930.0,418.0
877.0,16.58,2002.0,431.0
876.0,16.97,2079.0,437.0
883.5,16.74,2054.0,439.0
865.0,17.08,2062.0,437.0
866.5,16.69,2032.0,434.0
881.25,16.6,2065.0,437.0
897.0,16.83,2136.0,443.0
906.5,17.18,2160.0,447.5
914.5,17.03,2142.0,443.0
923.0,17.77,2170.0,446.0
922.75,17.82,2170.0,453.0
927.5,18.1,2182.0,451.0
906.75,18.14,2157.0,450.0
902.5,17.26,2054.0,434.0
883.0,17.17,1987.0,432.0
885.75,16.85,2008.0,430.0
888.25,16.86,2015.0,435.0
879.25,16.82,2009.0,433.0
883.5,16.67,1997.0,431.0
878.75,16.65,1974.0,421.0
890.5,17.19,2050.0,429.0
896.25,17.46,2047.0,432.0
878.0,16.94,2032.0,426.5
876.25,16.58,2022.0,430.0
862.25,16.59,2005.0,426.0
866.0,16.31,2043.0,450.0
888.25,16.73,2045.0,455.5
881.5,17.22,2047.0,456.5
887.5,17.0,2103.0,467.0
903.0,17.22,2067.0,472.0
907.5,17.44,2068.0,475.0
881.0,17.19,2045.0,471.0
889.5,16.85,2037.0,469.5
882.75,16.7,2012.0,462.0
909.5,16.88,2068.0,465.0
919.5,17.4,2053.0,467.0
930.25,17.65,2064.0,467.0
937.5,17.56,2075.0,465.0
935.25,17.92,2070.0,465.0
934.0,18.31,2033.0,464.0
931.25,18.01,2012.0,456.0
916.75,17.85,1990.0,448.0
921.0,17.62,1987.0,446.0
927.25,17.82,1969.0,444.0
939.5,18.17,1999.0,448.0
962.75,18.38,2030.0,454.0
968.0,18.69,2017.0,451.0
986.0,19.3,1987.0,450.0
977.5,18.83,1951.0,438.0
965.5,18.67,1893.0,424.0
959.75,18.55,1849.0,419.0
960.5,18.35,1852.0,418.0
961.5,18.6,1865.0,417.0
926.5,17.59,1771.0,387.0
928.0,17.52,1729.0,388.0
920.5,17.55,1726.0,383.0
923.5,17.47,1756.0,393.0
916.75,17.42,1757.0,389.0
897.5,17.12,1726.0,376.0
918.0,17.48,1758.0,382.0
912.5,17.59,1675.0,367.0
905.75,17.37,1587.0,360.0
882.0,16.67,1564.5,354.0
879.5,16.74,1612.0,364.0
871.5,16.59,1600.0,354.5
852.5,15.76,1552.0,345.0
852.5,15.335,1543.0,336.0
817.75,14.45,1494.0,316.0
818.5,14.68,1485.0,310.0
818.0,14.86,1512.0,315.0
786.5,12.82,1400.0,295.5
796.25,13.01,1384.0,282.0
788.75,13.01,1319.0,279.0
815.75,13.27,1365.0,283.0
833.5,13.59,1412.0,290.0
824.0,13.62,1427.0,288.0
827.0,13.05,1425.0,288.0
827.0,13.76,1440.0,292.0
838.25,13.78,1494.0,297.0
833.0,13.76,1479.0,302.0
822.25,13.58,1442.0,300.0
798.5,13.18,1380.0,286.0
803.5,12.79,1392.0,288.0
805.75,13.02,1412.0,290.0
808.5,12.72,1387.0,277.0
808.0,12.38,1376.0,273.0
781.75,12.04,1270.0,242.0
775.75,11.27,1213.0,231.0
740.75,10.66,1170.0,232.0
750.25,10.8,1187.0,241.0
775.0,10.84,1171.0,234.0
779.5,10.88,1081.0,224.0
813.0,10.77,1073.0,224.0
863.0,12.93,1132.0,237.0
869.0,12.15,1155.0,233.0
889.0,12.985,1197.0,250.0
899.0,13.38,1210.0,249.0
896.0,13.29,1225.0,249.0
888.5,13.34,1195.0,242.0
902.0,13.18,1140.0,235.0
905.0,13.06,1093.0,218.0
884.5,12.96,1004.0,199.0
880.0,12.28,1010.0,201.0
852.0,12.25,995.0,205.0
828.0,11.2,959.0,197.0
875.5,11.29,983.0,198.0
876.75,11.64,1008.0,203.0
903.5,11.65,1004.0,200.0
883.5,11.64,1027.0,203.0
900.5,11.74,1001.0,190.0
831.5,10.61,987.0,200.0
832.5,10.89,1032.0,201.0
847.0,10.92,985.0,197.0
802.5,9.99,917.0,180.0
784.5,9.56,856.0,172.0
795.0,9.79,877.0,182.0
772.0,9.86,882.0,182.0
744.0,9.84,852.0,178.0
720.0,9.34,790.0,171.0
712.5,8.88,778.0,168.0
730.5,9.01,763.0,171.0
730.5,9.09,811.0,182.0
764.0,9.38,817.0,203.0
755.25,10.02,841.0,205.0
730.75,9.28,814.0,198.0
729.5,10.05,821.0,199.5
741.25,9.95,827.0,208.0
753.75,10.28,870.0,216.0
754.5,10.41,862.0,233.0
735.25,10.13,849.0,227.0
753.0,10.31,880.0,227.0
733.75,9.94,821.0,221.0
724.75,9.65,824.0,216.5
713.5,9.365,826.0,211.0
747.5,9.33,845.0,216.0
734.0,9.5,814.0,216.5
738.0,9.38,819.0,216.0
762.0,9.4,826.0,214.0
738.0,9.39,797.0,179.0
774.5,9.17,812.0,183.0
822.5,10.04,843.0,195.0
820.5,10.33,867.0,200.0
812.5,10.3,867.0,196.0
814.0,10.26,860.0,187.0
814.5,10.12,876.0,187.0
778.0,9.91,810.0,174.0
780.0,9.41,810.0,172.0
766.25,9.43,804.0,173.0
773.25,9.58,794.0,171.0
749.0,9.46,788.0,164.0
767.25,9.73,842.0,175.0
767.75,9.83,807.0,176.0
802.25,9.96,824.0,178.0
827.75,10.39,842.0,181.0
826.5,10.07,801.0,172.0
826.0,10.33,834.0,175.0
838.25,10.5,830.0,174.0
870.0,10.98,855.0,178.0
855.25,11.29,862.0,178.0
835.75,10.61,848.0,176.0
849.0,10.97,858.0,176.0
843.5,10.7,851.0,174.0
0.0,10.29,0.0,0.0
880.25,10.93,904.0,184.0
869.75,10.83,898.0,183.0
0.0,10.79,0.0,0.0
874.5,11.08,926.0,185.0
853.5,11.07,920.0,183.5
848.25,10.85,955.0,196.5
848.5,11.41,1000.0,202.5
855.75,10.88,987.0,199.0
847.25,11.22,988.0,196.0
827.0,11.09,964.0,186.0
826.5,10.62,931.0,183.0
821.5,10.77,935.0,181.0
810.0,10.51,918.0,179.0
833.75,10.78,943.0,185.0
833.0,11.16,954.0,186.0
853.25,11.32,947.0,185.0
849.25,11.34,927.0,182.0
860.0,11.32,930.0,184.0
875.75,11.46,928.0,184.0
910.25,12.1,952.0,191.0
897.5,11.91,948.0,189.0
895.25,11.98,956.0,192.0
892.25,11.74,953.0,191.0
919.5,12.51,983.0,196.0
918.25,12.43,966.0,193.5
904.5,12.37,963.0,195.0
905.0,12.4,962.0,190.5
920.0,12.8,981.0,200.5
913.0,12.89,989.0,208.0
895.0,13.01,981.0,207.0
909.75,12.96,1031.0,214.0
938.0,13.39,1040.0,211.5
943.25,13.34,1067.0,214.0
935.5,13.37,1055.0,213.0
942.5,13.55,1064.0,215.0
968.0,13.9,1083.0,217.0
964.0,14.05,1087.0,218.0
980.5,14.26,1063.0,214.0
989.0,14.28,1086.0,216.0
985.75,14.36,1074.0,204.0
984.25,14.39,1064.0,203.0
978.5,13.81,1041.0,198.0
936.5,13.48,1058.0,197.0
952.0,13.21,1059.0,195.0
937.25,13.14,1090.0,198.0
913.75,12.68,1046.0,191.0
908.5,12.87,1039.0,194.0
913.0,13.15,1056.0,198.0
936.0,13.46,1071.0,202.5
923.75,13.36,1064.0,198.0
901.5,12.71,1041.0,195.0
899.5,12.62,1048.0,196.0
925.25,12.84,1052.0,197.5
928.0,13.11,1048.0,198.0
919.5,13.06,1054.0,198.5
915.5,12.86,1047.0,195.0
893.25,12.61,1044.0,194.0
956.5,13.13,1087.0,203.0
954.0,13.65,1110.0,206.0
949.25,13.76,1131.0,209.0
923.75,13.51,1109.0,206.0
929.0,13.16,1122.0,207.0
938.25,13.6,1152.0,222.0
924.0,13.22,1131.0,215.0
928.0,12.96,1120.0,213.0
916.5,13.11,1124.0,215.0
924.5,12.98,1128.0,216.0
897.75,12.88,1139.0,219.0
905.0,12.86,1159.0,221.0
870.25,12.41,1150.0,224.0
879.75,12.17,1161.0,225.0
880.0,12.28,1184.0,229.0
880.5,12.3,1195.0,235.0
887.5,12.65,1222.0,235.0
891.0,12.935,1216.0,234.0
880.5,12.65,1213.0,235.0
870.5,11.98,1215.0,233.0
877.0,12.06,1180.0,233.0
888.75,12.14,1158.0,227.0
886.0,12.12,1174.0,231.0
897.5,12.43,1177.0,231.0
907.5,12.78,1175.0,233.0
907.5,12.98,1145.0,226.0
891.0,12.56,1078.0,213.0
898.25,12.5,1088.0,218.0
883.25,12.63,1093.0,218.0
884.5,12.15,1076.0,212.0
910.0,13.11,1135.0,223.0
910.0,13.44,1136.0,225.5
912.25,14.01,1161.0,241.0
907.0,13.9,1149.0,242.0
913.0,13.9,1114.0,235.0
917.0,14.09,1130.0,234.5
924.0,14.14,1121.0,230.5
925.25,13.84,1106.0,223.5
929.5,13.92,1109.0,224.5
921.0,13.79,1108.0,226.0
924.75,13.88,1136.0,231.0
939.5,14.29,1144.0,234.0
937.5,14.23,1138.0,233.0
959.75,14.66,1149.0,234.0
945.0,14.3,1128.0,229.0
951.0,14.5,1134.0,227.0
957.75,14.88,1128.0,225.0
975.5,15.52,1175.0,236.0
981.75,15.86,1214.0,235.5
980.0,15.62,1217.0,244.0
976.75,15.97,1247.0,247.0
970.75,15.305,1250.0,246.0
962.0,15.65,1275.0,257.0
943.75,14.84,1226.0,246.0
956.0,14.93,1246.0,251.0
953.75,15.39,1267.0,261.5
947.5,15.09,1253.0,257.0
937.25,15.07,1241.0,252.5
932.25,14.31,1234.0,249.0
934.0,14.3,1227.0,245.0
930.5,14.02,1201.0,239.0
940.5,14.19,1206.0,242.0
935.25,14.23,1212.0,243.0
919.25,13.83,1186.0,236.0
920.75,13.77,1169.0,235.0
933.5,13.88,1173.0,238.0
937.25,13.87,1176.0,236.0
942.0,14.26,1203.0,245.0
935.5,14.07,1184.0,247.0
934.5,13.94,1186.0,249.0
938.25,13.65,1188.0,253.0
929.5,13.41,1185.0,249.0
932.5,13.44,1185.0,250.0
924.5,13.03,1150.0,244.0
924.0,13.32,1143.0,242.0
918.0,13.05,1110.0,237.0
911.75,12.89,1108.0,238.0
913.0,12.63,1095.0,234.0
908.5,12.47,1097.0,232.0
924.75,12.88,1129.0,237.0
938.0,13.27,1158.0,246.0
935.0,13.21,1165.0,247.0
937.5,13.16,1165.0,245.5
952.75,13.74,1181.0,251.0
947.75,13.52,1181.0,256.0
948.25,13.4,1166.0,254.0
950.0,13.76,1176.0,256.0
951.5,13.78,1186.0,258.0
955.0,14.06,1211.0,261.0
944.25,14.02,1213.0,263.0
931.0,13.6,1171.0,254.0
932.5,13.4,1180.0,255.0
939.0,13.63,1189.0,256.0
959.75,14.29,1215.0,268.0
960.5,14.08,1236.0,273.0
960.5,14.67,1278.0,277.0
964.0,14.67,1281.0,273.0
956.0,14.65,1260.0,271.0
945.0,14.47,1242.0,272.0
942.75,14.355,1247.0,274.0
947.25,14.28,1234.0,269.0
953.5,15.07,1264.0,275.0
953.5,14.98,1267.0,277.5
932.75,14.13,1232.0,271.0
935.0,14.09,1221.0,268.0
943.0,13.585,1230.0,270.0
940.5,14.04,1241.0,272.0
952.5,14.01,1239.0,275.0
951.5,14.41,1244.0,282.0
950.5,14.11,1243.0,288.0
940.5,14.32,1240.0,286.0
943.0,14.2,1234.0,285.0
955.5,14.54,1244.0,289.0
955.0,14.74,1234.0,289.0
964.75,14.91,1210.0,283.0
983.0,15.73,1241.0,290.0
989.0,15.95,1250.0,290.0
993.0,16.21,1255.0,292.0
1000.75,16.75,1280.0,296.0
999.5,16.24,1286.0,294.5
990.75,16.09,1279.0,290.0
1008.25,16.89,1292.0,292.0
999.25,16.35,1309.0,291.0
996.0,16.52,1303.0,289.5
1015.75,17.29,1339.0,298.0
1018.5,17.38,1336.0,299.0
1012.0,17.11,1337.0,304.0
997.0,16.68,1310.0,294.0
1014.0,17.24,1330.0,302.0
1010.25,17.1,1325.0,299.0
1009.75,16.76,1325.0,298.0
991.5,16.2,1281.0,293.0
991.75,15.91,1272.5,287.0
989.5,16.07,1270.0,288.0
995.75,16.45,1287.0,294.0
1004.75,16.55,1292.0,293.0
1003.5,16.21,1269.0,292.0
1005.5,16.23,1279.0,298.0
1038.75,16.95,1310.0,302.0
1040.25,17.4,1323.0,312.0
1045.0,17.8,1335.0,317.5
1051.5,17.63,1337.0,323.0
1058.75,17.89,1340.0,324.0
1057.5,17.99,1356.0,331.0
1059.5,17.93,1356.0,326.0
1053.5,17.54,1337.0,326.0
1047.5,17.31,1340.0,327.0
1050.5,17.52,1352.0,331.0
1061.75,17.755,1371.0,339.0
1053.75,17.39,1346.0,334.0
1053.0,17.55,1358.0,335.0
1061.75,17.65,1372.0,338.0
1054.0,17.61,1364.0,336.0
1036.5,17.06,1323.0,328.0
1031.75,16.33,1313.0,325.0
1040.5,16.33,1328.0,324.0
1040.0,16.57,1320.0,324.0
1062.0,16.58,1330.0,324.0
1061.0,16.35,1325.0,318.0
1090.0,17.48,1359.0,330.0
1089.0,17.38,1359.0,330.0
1096.75,17.525,1347.0,330.0
1106.75,17.68,1355.0,333.0
1101.5,17.26,1354.0,333.0
1115.25,17.63,1365.0,340.0
1114.75,17.51,1365.0,354.5
1104.0,17.323,1359.0,354.0
1130.0,17.74,1424.0,369.0
1134.75,18.1,1438.0,368.0
1149.0,18.74,1449.0,372.0
1135.5,18.2,1435.0,370.0
1140.0,18.18,1435.0,360.0
1169.5,18.76,1464.0,370.0
1163.25,18.57,1458.0,371.0
1179.75,18.63,1469.0,375.0
1182.75,18.49,1455.0,368.0
1166.5,17.98,1426.0,358.0
1175.75,18.14,1442.0,360.5
1192.5,18.72,1470.0,380.0
1212.5,19.18,1485.0,386.0
1208.75,19.11,1494.0,386.0
1190.25,18.83,1472.0,378.0
1142.5,18.04,1430.0,367.5
1146.75,18.11,1439.0,374.0
1141.0,17.77,1422.0,367.0
1128.5,17.39,1416.0,365.0
1124.0,17.51,1429.0,367.0
1123.75,17.19,1436.0,364.5
1122.0,17.18,1434.0,363.0
1137.5,17.6,1457.0,373.0
1117.0,17.4,1432.0,370.0
1104.5,17.31,1417.0,365.0
1105.5,17.27,1429.0,368.0
1084.0,16.95,1410.0,359.0
1085.25,16.92,1399.0,356.0
0.0,17.32,0.0,0.0
1106.0,17.42,1472.0,389.0
1087.5,16.92,1461.0,393.0
0.0,16.99,0.0,0.0
1121.5,17.17,1500.0,421.0
1123.25,17.57,1518.0,421.0
1130.0,17.89,1556.0,422.0
1130.25,18.09,1548.0,426.0
1126.75,18.12,1569.0,431.0
1153.0,18.84,1593.0,429.0
1151.25,18.41,1576.0,432.0
1127.25,18.35,1577.0,423.0
1138.25,18.58,1600.0,438.0
1128.0,18.52,1600.0,449.0
1134.5,18.66,1615.0,454.0
1133.0,18.5,1621.0,456.0
1120.25,18.48,1627.0,457.0
1108.25,17.68,1612.0,462.0
1084.0,17.28,1540.0,432.0
1095.25,17.16,1543.0,436.0
1093.25,16.79,1512.0,428.0
1094.75,16.74,1519.0,420.0
1088.0,16.62,1517.0,426.0
1078.5,16.29,1512.0,419.0
1086.5,16.23,1520.0,424.0
1111.0,16.78,1555.0,439.0
1115.25,16.79,1578.0,442.0
1083.25,16.13,1549.0,431.0
1058.0,15.17,1475.0,395.0
1064.0,15.14,1477.0,405.0
1071.25,15.2,1496.0,415.0
1069.5,15.6,1511.0,416.0
1076.25,15.37,1511.0,418.0
1082.0,15.33,1505.0,416.0
1098.25,15.57,1513.0,418.0
1115.25,15.82,1534.0,431.0
1119.0,16.21,1542.0,440.0
1118.0,15.83,1524.0,434.0
1112.75,15.95,1513.0,435.0
1115.25,16.44,1535.0,441.0
1107.0,16.1,1518.0,438.0
1103.0,15.76,1504.0,427.0
1094.5,15.92,1514.0,420.0
1108.25,16.12,1533.0,430.0
1114.0,16.5,1548.0,437.0
1126.5,16.57,1562.0,439.5
1136.5,17.17,1580.0,444.0
1134.5,17.34,1579.0,456.0
1135.0,17.25,1578.0,466.0
1125.75,17.33,1603.0,475.0
1115.75,17.05,1574.0,459.0
1120.5,17.47,1605.0,471.0
1104.0,16.91,1580.0,447.0
1106.25,17.31,1619.0,464.0
1104.25,17.02,1616.0,463.0
1124.75,17.24,1624.0,467.0
1121.75,17.54,1636.0,476.0
1122.75,17.49,1633.0,477.0
1105.5,17.31,1617.0,476.0
1097.25,16.78,1582.0,454.0
1101.5,16.78,1598.0,458.0
1090.75,16.68,1586.0,456.0
1093.0,16.79,1593.0,448.0
1096.5,16.85,1596.0,456.0
1107.5,17.15,1611.0,473.0
1107.0,17.41,1622.0,472.0
1115.5,17.5,1645.0,479.0
1123.5,17.69,1660.0,491.0
1132.75,17.92,1700.0,504.0
1142.0,17.97,1710.0,508.0
1148.0,17.98,1707.0,503.0
1152.5,18.34,1718.0,511.0
1158.75,18.49,1728.0,515.0
1148.25,18.16,1714.0,518.0
1153.75,18.39,1728.0,545.0
1154.5,18.27,1718.0,542.0
1151.5,18.35,1708.0,532.0
1136.25,17.5,1683.0,523.0
1144.75,18.0,1714.0,543.0
1143.0,17.82,1730.0,559.0
1133.75,17.98,1731.0,558.0
1139.5,17.89,1725.0,555.0
1154.5,18.35,1752.0,571.0
1149.5,18.16,1722.0,550.0
1161.0,17.96,1714.0,543.0
1166.75,18.15,1711.0,542.0
1179.25,18.62,1738.0,552.0
1185.0,18.71,1712.0,529.0
1165.0,17.63,1636.0,493.0
1185.25,17.69,1662.0,507.0
1202.25,17.7,1651.0,505.0
1196.5,18.46,1694.0,528.0
1222.5,18.42,1689.0,521.0
1237.5,19.59,1703.0,537.0
1237.5,19.43,1728.0,543.0
1236.5,19.64,1721.0,536.0
1236.0,19.11,1692.0,515.0
1216.75,18.82,1681.0,507.0
1195.0,18.53,1612.0,472.0
1192.0,17.93,1515.0,420.0
1179.75,17.72,1492.0,419.0
1187.0,17.78,1525.0,450.0
1198.25,17.63,1493.0,428.0
1212.0,18.27,1533.0,447.0
1211.0,18.36,1535.0,455.0
1207.5,18.53,1555.0,471.0
1227.75,18.3,1550.0,457.0
1215.0,18.43,1542.0,450.0
1215.0,18.27,1565.0,462.0
1203.5,17.76,1527.0,440.0
1215.0,17.36,1500.0,423.0
1246.0,18.34,1516.0,428.0
1233.5,18.27,1537.0,453.0
1217.5,17.98,1530.0,450.0
1220.0,18.31,1539.0,449.0
1223.75,18.43,1556.0,457.0
1225.0,18.42,1558.0,460.0
1234.5,18.51,1568.0,471.0
1245.0,18.5,1577.0,482.0
1256.0,18.77,1578.0,484.0
1254.5,19.37,1605.0,502.0
1236.0,18.625,1585.0,487.0
1226.5,18.91,1575.0,485.0
1236.25,18.38,1549.0,466.0
1254.0,18.65,1556.0,471.0
1261.0,19.11,1581.0,481.0
1234.5,18.57,1545.0,463.0
1244.0,18.74,1532.0,446.0
1234.0,18.65,1514.0,433.5
1201.5,17.98,1508.0,433.0
1208.0,17.85,1506.0,429.0
1195.0,17.85,1509.0,432.0
1193.25,17.65,1512.0,439.0
1193.5,18.0,1528.0,447.0
1208.75,17.87,1527.0,454.0
1205.5,18.06,1526.0,456.0
1216.0,18.0,1534.0,463.0
1207.0,18.29,1523.0,465.0
1208.0,18.42,1530.0,470.0
1189.25,18.25,1512.0,456.0
1181.0,17.78,1499.0,447.0
1183.0,17.55,1502.0,438.0
1191.5,17.88,1524.0,453.0
1199.5,17.82,1519.0,453.0
1190.5,18.17,1541.0,460.0
1183.5,18.01,1546.0,477.0
1168.0,18.16,1560.0,478.0
1157.0,17.63,1535.0,469.0
1162.5,17.6,1553.0,488.0
1169.0,17.66,1555.0,487.0
1188.5,18.11,1587.0,501.0
1187.5,18.42,1590.0,514.0
1199.5,18.5,1590.0,504.0
1192.5,18.35,1577.0,497.0
1207.75,18.3,1571.0,491.0
1203.0,18.48,1558.0,485.0
1192.5,18.09,1539.0,479.0
1205.5,18.12,1540.0,475.0
1213.0,17.92,1524.0,469.0
1214.25,18.06,1527.0,473.0
1223.5,18.2,1534.0,482.0
1226.0,18.54,1541.0,494.0
1218.0,18.36,1537.0,490.0
1233.5,18.45,1540.0,494.0
1223.5,18.14,1512.0,478.0
1226.0,17.94,1510.0,480.0
1222.0,17.88,1494.0,476.0
1237.5,18.63,1516.0,490.5
1237.0,19.11,1531.0,502.0
1235.0,19.03,1530.0,503.0
1246.0,18.87,1515.0,494.0
1246.5,19.47,1531.0,519.5
1248.5,19.45,1550.0,521.0
1240.5,19.66,1553.0,524.0
1249.0,19.86,1562.0,529.0
1256.75,19.65,1556.0,529.0
1255.0,20.02,1555.0,523.0
1255.0,19.97,1552.0,523.0
1246.5,19.9,1545.0,518.0
1243.75,19.93,1545.0,522.0
1265.5,20.31,1569.0,544.0
1267.0,20.44,1584.5,546.0
1272.5,20.76,1602.0,554.0
1274.0,20.85,1618.0,547.0
1279.25,20.91,1616.0,536.0
1275.0,20.76,1615.0,530.0
1293.5,21.08,1632.0,543.0
1290.75,21.08,1631.0,541.0
1297.0,21.35,1645.0,562.0
1297.0,21.54,1634.0,558.0
1294.0,21.165,1614.0,552.0
1307.5,21.87,1647.0,564.0
1307.0,22.07,1662.0,573.0
1316.25,21.95,1679.0,571.0
1313.5,22.03,1667.0,565.0
1330.5,22.24,1689.0,569.0
1346.5,22.92,1694.0,583.0
1345.0,23.38,1723.0,598.0
1341.5,22.37,1683.0,572.0
1351.5,23.31,1686.0,584.0
1348.5,23.03,1685.5,585.0
1365.5,23.53,1696.0,587.0
1373.25,24.49,1708.0,598.0
1367.5,24.42,1691.0,591.0
1367.25,24.02,1686.0,582.0
1339.0,24.26,1672.0,571.0
1339.0,23.71,1670.0,581.0
1343.5,23.9,1682.0,596.0
1322.5,23.05,1673.0,586.0
1337.5,23.71,1702.0,611.0
1329.5,23.48,1696.0,608.0
1324.5,23.77,1695.0,622.0
1333.5,23.73,1685.0,626.0
1346.75,23.96,1700.0,640.0
1354.5,24.91,1715.0,644.0
1351.0,24.73,1718.0,650.0
1345.5,25.0,1709.0,638.0
1381.0,25.38,1740.0,668.0
1395.5,26.14,1764.0,687.0
1388.5,26.72,1752.0,694.0
1421.0,28.55,1786.0,730.0
1390.5,27.53,1768.0,714.0
1398.5,27.75,1754.0,715.0
1388.5,26.79,1712.0,703.0
1368.5,26.01,1675.0,675.0
1349.0,25.48,1658.0,661.0
1337.5,25.2,1637.0,649.0
1350.25,26.57,1656.0,684.0
1342.5,27.07,1650.0,695.0
1356.5,27.42,1657.0,700.0
1377.5,27.31,1640.0,674.0
1372.5,27.41,1662.0,694.0
1373.25,27.44,1655.0,697.0
1355.0,26.62,1639.0,670.0
1357.0,26.74,1636.0,680.0
1383.5,27.13,1658.0,702.0
1385.5,28.74,1675.0,716.0
1389.0,28.5,1700.0,741.0
1403.5,28.74,1718.0,758.0
1415.25,29.6,1717.0,759.0
1420.0,30.5,1724.0,769.5
1385.5,29.02,1683.0,729.0
1391.25,28.41,1691.0,746.0
1375.25,28.79,1673.0,737.0
1399.0,29.33,1699.0,761.0
1394.5,29.88,1701.0,758.0
1388.75,29.06,1701.0,752.0
1363.0,29.15,1700.0,745.0
1368.5,28.78,1696.0,738.0
1380.0,29.21,1704.0,747.0
1383.0,29.25,1717.0,749.0
1387.0,29.35,1728.0,757.0
1373.5,29.18,1720.0,752.0
0.0,29.07,0.0,0.0
1412.5,30.44,1745.0,791.0
1405.5,30.7,1755.0,797.0
0.0,30.63,0.0,0.0
1388.5,30.67,1753.0,784.0
1368.0,29.21,1722.0,754.0
1368.5,29.08,1731.0,766.0
1367.0,28.39,1735.0,754.0
1368.25,28.79,1742.0,753.0
1374.0,29.54,1758.0,778.0
1378.75,29.6,1793.0,803.0
1381.5,29.22,1824.0,819.0
1367.0,28.52,1811.0,795.0
1360.5,28.19,1803.0,790.0
1369.5,28.79,1824.0,805.0
1372.0,29.32,1845.0,824.0
1345.5,28.41,1809.0,805.0
1343.5,27.14,1817.0,814.0
1343.0,27.56,1822.0,816.0
1324.0,26.7,1787.0,786.0
1328.0,27.1,1791.0,790.0
1334.5,27.39,1807.0,814.0
1319.0,26.68,1784.0,806.0
1327.0,27.75,1781.0,806.0
1331.5,28.32,1812.0,822.0
1337.0,28.27,1830.0,819.0
1328.0,28.3,1828.0,808.0
1355.0,28.91,1838.0,813.0
1347.5,29.21,1845.0,820.0
1363.5,29.42,1848.0,823.0
1365.0,30.22,1858.0,835.0
1353.25,29.8,1831.0,822.0
1364.0,30.0,1829.0,822.0
1365.0,30.16,1830.0,824.0
1372.75,30.72,1842.0,845.0
1371.25,30.77,1828.0,840.0
1379.0,30.61,1834.0,839.0
1383.5,31.94,1836.0,847.0
1403.0,33.43,1847.0,858.0
1401.0,32.89,1821.0,836.0
1409.25,33.29,1794.0,809.0
1411.5,33.28,1772.0,770.0
1402.5,32.54,1791.0,785.0
1411.0,33.49,1804.0,790.0
1420.75,34.37,1828.0,812.0
1435.5,34.75,1846.0,821.0
1421.5,34.53,1841.0,817.0
1427.0,34.43,1828.0,811.0
1437.5,36.6,1838.0,810.0
1426.25,36.37,1808.0,781.0
1431.0,36.17,1811.0,800.0
1413.25,35.19,1778.0,769.0
1411.5,34.1,1777.0,754.0
1422.25,36.18,1762.0,752.0
1400.5,33.88,1711.0,700.0
1402.0,34.73,1726.0,719.0
1403.75,34.47,1697.0,712.0
1420.0,35.15,1720.0,727.0
1432.0,36.16,1741.0,743.0
1426.0,35.95,1736.0,739.0
1439.5,36.58,1744.0,739.0
1447.0,37.78,1762.0,758.0
1436.0,37.68,1752.0,754.0
1417.0,36.62,1730.0,742.0
1417.5,36.62,1745.0,743.0
1425.5,37.53,1760.0,757.0
1439.0,37.87,1773.0,766.0
1418.0,37.63,1773.0,772.0
1435.5,38.46,1781.0,785.0
1433.5,38.08,1787.0,780.0
1461.5,39.63,1808.0,793.5
1459.5,39.51,1780.0,778.0
1469.5,40.22,1803.0,798.0
1468.0,41.37,1802.0,795.0
1450.5,40.44,1785.0,783.0
1457.5,40.22,1786.0,773.0
1465.75,40.67,1772.0,763.0
1476.75,42.61,1787.0,772.0
1493.0,42.79,1778.0,749.0
1490.5,43.22,1780.0,737.0
1501.0,44.79,1804.0,759.0
1504.0,46.26,1812.0,765.0
1497.5,45.48,1812.0,754.0
1511.0,45.3,1812.0,754.0
1535.5,48.7,1835.0,777.0
1540.25,43.61,1858.0,775.0
1541.0,40.29,1841.0,760.0
1511.0,37.84,1802.0,729.0
1486.5,34.2,1789.0,721.0
1502.0,38.0,1791.0,726.0
1513.5,38.4,1793.0,733.0
1508.0,39.18,1793.0,725.0
1489.5,32.5,1760.0,715.0
1505.75,36.2,1774.0,718.0
1500.75,34.35,1760.0,713.0
1478.5,34.28,1760.0,713.0
1496.5,34.59,1753.0,730.0
1493.0,35.75,1766.0,736.0
1490.75,34.8,1767.0,734.0
1510.5,34.7,1750.0,723.0
1527.0,35.85,1759.0,739.0
1526.25,37.17,1774.0,744.0
1518.5,36.95,1779.0,755.0
1533.0,37.69,1786.0,757.0
1536.5,38.65,1828.0,777.0
1533.75,37.95,1828.0,780.0
1539.5,37.22,1823.0,775.0
1540.0,35.19,1807.0,770.0
1549.0,36.87,1819.0,789.0
1545.0,37.41,1824.0,804.0
1537.75,36.22,1818.0,799.0
1537.75,37.03,1831.0,810.0
1529.25,37.38,1829.0,810.0
1526.25,35.51,1815.0,806.0
1516.0,34.68,1796.0,794.0
1529.75,35.26,1784.0,785.0
1523.25,35.55,1754.0,758.0
1537.5,35.39,1751.0,754.0
1544.0,35.58,1727.0,738.0
1544.75,36.22,1740.0,761.0
1552.5,35.91,1749.0,767.5
1523.0,36.01,1707.0,744.0
1514.75,34.73,1696.0,739.0
1498.0,34.01,1679.0,724.0
1499.0,33.96,1692.0,734.0
1504.25,34.39,1716.0,743.0
1505.5,35.02,1722.0,761.0
1483.0,33.85,1708.0,750.0
1495.0,34.1,1722.0,758.0
1510.0,34.76,1731.0,772.0
1527.25,35.38,1743.0,776.0
1527.5,35.86,1734.0,779.0
1541.5,36.28,1740.0,776.0
1555.5,36.36,1731.0,770.0
1550.5,34.91,1723.0,757.0
1579.0,36.75,1750.0,778.0
1590.5,39.4,1777.0,788.0
1587.0,38.17,1760.0,777.0
1599.0,40.33,1765.0,786.0
1601.0,40.32,1773.0,792.0
1586.0,38.59,1764.0,789.0
1601.0,39.78,1780.0,799.0
1602.0,39.67,1793.0,807.0
1613.5,40.78,1791.0,802.5
1612.75,40.34,1787.0,812.0
1625.0,40.81,1814.0,842.0
1613.5,40.19,1790.0,829.0
1628.5,39.63,1779.0,824.0
1623.0,39.31,1798.0,842.0
1637.75,39.73,1793.0,824.0
1669.25,41.04,1782.0,808.0
1679.5,41.62,1753.0,782.5
1658.75,39.24,1709.0,742.0
1693.0,39.86,1725.0,733.0
1736.0,38.36,1734.0,735.0
1772.0,38.31,1754.0,741.0
1760.0,39.18,1780.0,732.0
1736.0,38.29,1800.0,747.0
1739.0,39.18,1790.0,752.0
1782.5,39.36,1811.0,749.0
1790.0,40.02,1841.0,778.0
1824.0,40.32,1836.0,766.0
1848.0,41.98,1855.0,750.0
1877.5,43.49,1887.0,756.0
1876.0,42.88,1886.0,762.0
1770.0,42.08,1865.0,759.0
1729.0,39.0,1800.0,746.0
1788.0,41.06,1812.0,747.0
1825.0,40.9,1840.0,767.0
1813.5,41.35,1845.0,783.0
1821.0,41.47,1843.0,777.0
1875.25,42.5,1873.0,785.0
1895.0,42.71,1872.0,763.0
1895.0,41.85,1866.0,761.0
1810.0,40.98,1822.0,747.0
1855.0,42.14,1848.0,762.0
1851.0,41.4,1842.0,748.0
1834.0,40.81,1810.0,723.0
1820.0,40.02,1815.0,721.0
1818.5,41.23,1815.5,723.0
1782.0,40.34,1792.0,716.0
1794.0,39.97,1798.0,732.0
1794.0,40.46,1798.0,721.0
1799.0,39.18,1774.0,717.0
1793.0,40.25,1779.0,718.0
1722.0,37.85,1725.0,659.0
1689.0,32.9,1651.0,659.0
1598.0,28.16,1570.0,639.0
1659.0,33.5,1568.0,647.0
1643.0,31.04,1556.0,644.0
1613.0,30.19,1530.0,621.0
1620.0,30.45,1511.0,614.0
1655.5,31.05,1501.0,595.0
1638.0,30.6,1481.0,588.0
1617.0,28.69,1444.0,549.0
1635.0,31.8,1495.0,588.0
1652.0,31.98,1529.0,609.0
1661.0,32.23,1513.0,612.0
1663.0,31.37,1514.0,602.0
1682.0,32.89,1546.0,612.0
1656.0,31.97,1535.0,604.0
1678.0,31.82,1553.0,614.0
1682.0,32.3,1570.0,635.0
1631.0,31.0,1523.0,606.0
1652.5,31.97,1532.0,624.0
1620.0,30.79,1490.0,595.0
1642.5,30.8,1510.0,616.0
1652.0,31.7,1537.0,631.0
1656.0,32.0,1543.0,637.0
1715.0,33.3,1580.0,649.5
1718.0,33.55,1608.0,667.0
1741.0,35.42,1629.0,659.0
1722.0,34.24,1606.0,653.0
1699.0,32.97,1572.0,631.0
1743.0,33.83,1609.0,646.0
1758.0,34.72,1625.0,661.0
1749.0,33.95,1623.5,652.0
1782.0,34.48,1634.0,659.0
1795.0,34.64,1661.0,673.0
1784.0,34.58,1650.0,662.0
1756.0,33.71,1627.0,648.0
1773.0,33.77,1628.0,651.0
1776.0,34.38,1646.0,660.0
1785.0,34.02,1629.0,661.0
1756.0,34.45,1628.0,655.0
1742.5,33.3,1607.0,635.0
1719.0,32.25,1594.0,608.0
1702.0,30.9,1567.0,592.0
1699.0,31.85,1554.0,588.0
1681.0,31.51,1554.0,587.0
1692.5,31.94,1543.0,583.0
1688.5,31.24,1529.0,572.0
1714.0,32.0,1558.0,595.0
1717.0,31.96,1537.0,582.0
1746.0,31.35,1558.0,620.0
1752.0,33.28,1561.0,633.0
1747.0,33.15,1559.0,653.0
1744.0,32.48,1534.0,642.0
1708.0,31.85,1505.0,638.0
1735.5,32.45,1518.0,681.0
1715.0,32.64,1517.0,675.0
1709.0,32.0,1496.0,670.0
1659.5,31.22,1485.0,663.0
1672.5,31.34,1492.0,661.0
1603.0,29.92,1454.0,617.0
1574.0,28.8,1415.0,623.5
1594.0,29.78,1424.0,624.0
1598.0,28.78,1419.0,627.0
1613.5,29.28,1425.0,620.0
1608.0,29.75,1425.0,632.0
1606.5,29.3,1414.0,631.0
0.0,29.22,0.0,0.0
1571.0,28.65,1408.0,655.0
1531.0,26.16,1354.0,630.0
0.0,28.18,0.0,0.0
1598.0,28.78,1406.0,664.0
1613.0,29.18,1415.0,656.0
1599.0,28.92,1415.0,645.0
1616.5,29.4,1410.0,632.0
1615.0,28.85,1403.0,616.0
1637.0,29.69,1462.0,643.0
1634.5,29.81,1489.0,638.0
1661.0,30.58,1498.0,645.0
1635.5,29.64,1479.0,627.0
1641.0,29.9,1495.0,640.0
1656.0,30.41,1523.0,656.0
1647.0,30.15,1507.0,646.0
1655.0,30.79,1530.0,678.0
1653.0,30.36,1517.0,669.0
1675.5,32.45,1545.0,678.0
1665.5,31.95,1541.0,676.0
1650.0,31.67,1546.0,675.0
1727.0,33.35,1615.0,698.0
1726.0,33.48,1608.0,684.0
1729.0,33.18,1603.0,684.0
1744.0,33.6,1624.0,692.0
1740.0,33.8,1611.0,695.0
1751.0,33.67,1620.0,698.0
1734.0,33.93,1630.0,711.0
1719.0,33.52,1609.0,696.0
1724.0,33.28,1619.0,700.0
1746.0,34.37,1647.0,707.0
1748.0,33.8,1659.0,713.0
1711.5,33.55,1638.0,697.0
1720.0,33.84,1663.0,702.0
1722.0,33.51,1628.0,686.0
1733.0,33.69,1636.0,688.0
1713.0,33.18,1610.0,682.0
1723.0,33.48,1638.0,697.0
1733.0,33.56,1647.0,694.0
1748.0,33.65,1673.0,709.0
1752.0,34.08,1698.0,713.0
1777.0,34.55,1729.0,721.0
1777.5,35.57,1714.0,714.0
1772.0,35.09,1706.0,707.0
1781.0,35.6,1712.0,712.0
1770.0,37.23,1726.0,722.0
1714.0,34.56,1686.0,703.0
1707.0,35.21,1704.0,713.0
1705.0,34.18,1672.0,709.0
1669.0,33.22,1614.0,673.0
1677.5,33.17,1627.0,678.0
1690.0,34.09,1634.0,696.0
1687.5,33.87,1655.0,690.0
1697.5,33.77,1687.0,704.0
1690.0,33.58,1691.0,701.0
1644.25,32.84,1679.0,700.0
1648.0,32.36,1676.0,693.0
1658.0,32.27,1677.0,703.0
1661.5,32.44,1673.0,702.0
1656.75,32.22,1656.0,699.0
1649.25,31.97,1640.0,690.0
1635.5,31.79,1607.0,658.0
1664.0,31.54,1617.0,658.0
1680.25,32.23,1639.0,664.0
1692.0,33.01,1662.0,667.0
1676.0,32.43,1642.0,651.0
1657.5,31.79,1641.0,653.0
1662.5,32.43,1640.0,651.0
1677.5,32.42,1641.0,656.0
1676.25,32.97,1659.0,660.0
1621.0,31.98,1616.0,647.0
1631.0,31.27,1592.0,635.0
1644.0,31.55,1605.0,639.0
1658.0,31.7,1590.0,637.0
1668.5,31.47,1585.0,641.0
1666.5,32.365,1600.0,643.0
1653.0,31.32,1570.0,645.0
1635.5,31.64,1574.0,653.0
1644.0,31.61,1578.0,657.0
1650.0,31.47,1574.0,657.0
1641.5,31.79,1579.0,666.0
1629.0,31.16,1553.0,666.0
1649.5,30.86,1553.0,674.0
1637.75,30.88,1551.0,665.0
1653.5,30.7,1555.0,659.0
1663.5,31.14,1573.0,677.0
1651.25,31.2,1570.0,679.0
1664.0,30.78,1566.0,681.0
1648.0,30.52,1562.0,673.0
1637.75,30.36,1552.0,665.0
1643.75,29.9,1530.0,663.0
1602.5,29.58,1514.0,633.0
1582.5,28.77,1499.0,615.0
1598.5,29.25,1490.0,620.0
1583.0,28.58,1466.0,605.0
1558.5,28.33,1448.0,602.0
1556.5,28.28,1449.0,602.0
1548.5,27.25,1427.0,590.0
1554.0,27.48,1449.0,602.0
1589.5,28.48,1456.0,605.0
1592.5,28.39,1458.0,611.0
1582.5,28.07,1458.0,612.0
1549.0,27.76,1430.0,607.0
1568.5,28.08,1431.0,600.0
1569.5,28.24,1423.0,590.0
1574.6,28.52,1438.0,601.0
1579.5,28.25,1435.0,608.0
1540.0,27.68,1410.0,601.0
1558.0,28.1,1405.0,611.0
1606.0,27.38,1407.0,607.0
1635.0,29.36,1458.0,620.0
1606.0,29.28,1466.0,629.0
1576.5,28.17,1417.0,613.0
1584.0,28.63,1452.0,623.0
1603.5,28.54,1443.0,624.0
1619.5,28.87,1460.0,625.0
1613.5,28.88,1485.0,624.5
1627.25,28.66,1493.0,632.0
1615.5,28.43,1484.0,628.0
1625.5,28.81,1486.0,634.0
1601.0,28.31,1459.0,624.0
1582.0,27.88,1457.0,617.0
1565.5,26.81,1435.0,608.0
1570.0,26.72,1434.0,606.0
1576.0,27.44,1433.0,601.5
1573.5,26.835,1408.0,579.0
1558.5,26.81,1402.0,576.0
1598.5,27.08,1428.0,578.0
1592.0,27.36,1441.0,580.0
1617.5,27.92,1475.0,591.0
1613.5,28.11,1485.0,601.0
1604.0,28.33,1468.0,588.0
1587.0,27.32,1450.0,577.0
1585.0,27.24,1441.0,582.0
1595.25,27.57,1449.0,585.0
1577.0,27.11,1420.0,576.0
1556.25,26.67,1410.0,574.0
1595.5,27.48,1424.0,581.0
1589.75,27.05,1420.0,581.0
1585.25,27.42,1419.0,583.0
1575.25,27.03,1405.0,576.0
1584.0,27.45,1415.0,581.0
1576.25,27.07,1408.0,577.0
1572.25,26.95,1393.0,565.0
1583.25,26.93,1395.0,569.0
1601.0,27.11,1396.0,566.0
1618.0,27.81,1408.0,571.0
1618.25,27.73,1410.0,574.0
1617.75,27.64,1409.0,581.0
1622.0,28.2,1427.0,591.0
1599.0,27.87,1394.0,586.0
1597.0,27.42,1391.0,575.5
1602.0,27.25,1390.0,573.0
1610.0,27.72,1396.0,576.0
1611.0,28.0,1410.0,585.0
1613.25,27.84,1402.0,585.0
1615.0,28.02,1411.0,585.0
1618.5,27.88,1399.0,578.0
1622.5,28.05,1401.0,581.0
1597.75,27.84,1400.0,577.0
1601.75,27.64,1400.0,576.0
1604.5,27.84,1400.0,579.0
1614.75,28.2,1455.0,592.0
1615.0,28.1,1462.0,598.0
1639.5,28.92,1504.0,616.0
1642.0,29.33,1518.0,628.0
1665.25,30.32,1540.0,638.0
1667.0,30.37,1537.0,643.0
1668.0,30.81,1521.0,640.0
1660.0,30.73,1518.0,634.0
1660.5,30.66,1522.0,634.0
1648.5,30.52,1517.0,623.0
1691.5,31.74,1543.0,629.0
1697.0,32.08,1554.0,638.0
1690.0,32.1,1564.0,641.0
1701.0,32.87,1578.0,644.0
1728.0,32.22,1593.0,647.0
1732.0,33.6,1593.0,661.0
1736.75,33.52,1606.0,675.0
1737.0,33.93,1644.0,678.0
1733.25,33.0,1659.0,684.0
1775.5,34.71,1697.0,702.0
1770.0,34.53,1696.0,691.0
1769.5,34.06,1669.0,681.0
1766.75,34.65,1633.0,674.0
1758.5,34.25,1620.0,663.0
1784.5,34.69,1642.0,672.0
1762.5,33.73,1608.0,636.0
1771.5,34.01,1633.0,641.0
1744.75,33.88,1621.0,624.0
1763.0,33.95,1652.0,634.0
1776.0,34.65,1668.0,642.0
1787.0,34.35,1678.0,650.0
1775.5,34.85,1678.0,646.0
1775.25,34.72,1685.0,652.0
1791.75,34.96,1700.0,662.0
1784.0,34.85,1711.0,667.0
1773.5,33.85,1682.0,652.0
1774.0,33.87,1695.0,660.0
1761.25,33.79,1671.0,650.0
1769.0,34.25,1681.0,649.0
1766.75,33.79,1678.0,650.0
1736.0,33.22,1641.0,637.0
1746.5,32.8,1640.0,639.0
1749.0,33.03,1656.0,643.0
1743.0,32.99,1647.0,647.0
1737.0,32.33,1633.0,638.0
1726.75,32.17,1607.0,623.0
1711.0,31.71,1577.0,601.0
1706.5,31.95,1577.0,600.0
1715.5,32.08,1572.0,605.0
1716.0,31.67,1561.0,604.0
1707.0,31.82,1539.0,593.0
1710.0,31.98,1545.0,593.5
1719.0,32.28,1570.0,606.0
1716.25,32.66,1575.0,614.0
1685.0,31.92,1552.0,608.0
1683.5,30.91,1544.0,598.0
1691.0,31.4,1543.0,617.0
1715.25,32.14,1556.0,617.0
1717.0,31.7,1544.0,612.0
1738.25,32.16,1559.0,612.0
1735.25,32.63,1567.0,611.0
1726.25,32.58,1585.0,617.0
1725.75,32.48,1583.0,643.0
1710.0,32.57,1578.0,639.0
1713.5,32.27,1554.0,623.0
1730.5,32.67,1572.0,642.0
1732.25,33.19,1577.0,640.0
1724.0,33.01,1572.0,640.0
1731.0,33.29,1582.0,657.0
1734.5,33.41,1584.0,657.5
1750.5,34.08,1613.0,667.5
1746.25,34.05,1619.0,670.0
1708.0,33.85,1589.0,651.0
1725.0,33.76,1620.0,682.0
1726.0,34.28,1612.0,685.0
1720.0,33.42,1599.0,682.0
1697.75,33.3,1587.0,680.0
1694.0,33.07,1587.0,681.0
1694.25,32.83,1582.0,686.0
1701.5,32.85,1600.0,698.0
1712.5,33.34,1622.0,699.0
1710.0,33.17,1631.0,695.0
1716.25,33.1,1639.0,697.0
1692.75,32.69,1607.0,682.0
1696.25,32.52,1613.0,700.0
1695.75,32.21,1606.0,697.0
1694.0,32.38,1611.0,697.0
1665.0,31.37,1597.0,695.0
1650.5,31.12,1575.0,685.0
1651.5,29.89,1533.0,675.0
0.0,30.19,0.0,0.0
1655.5,29.75,1536.0,700.0
1657.5,30.15,1527.0,704.0
0.0,29.95,0.0,0.0
1693.75,30.87,1566.0,711.0
1679.5,30.91,1572.0,697.0
1648.0,29.32,1557.0,689.0
1645.25,30.14,1551.0,675.5
1656.0,30.39,1567.0,673.0
1657.75,30.39,1593.0,681.0
1675.0,30.49,1621.0,701.0
1657.5,30.67,1626.0,693.5
1666.5,30.76,1658.0,706.0
1680.5,31.19,1690.0,709.0
1676.25,31.23,1678.0,714.0
1675.0,31.5,1683.0,725.0
1688.5,31.82,1677.0,722.0
1687.5,31.9,1671.0,715.0
1690.5,31.94,1687.0,717.0
1690.25,32.23,1698.5,725.0
1671.0,31.85,1680.0,722.0
1660.0,31.56,1678.0,725.0
1656.5,30.87,1681.0,742.0
1663.5,31.06,1673.0,739.0
1677.5,31.35,1688.0,756.0
1664.75,32.03,1672.0,739.0
1669.0,31.43,1687.0,745.0
1666.0,31.51,1696.0,749.0
1673.5,32.01,1702.0,756.0
1674.25,31.7,1724.0,764.0
1668.0,31.75,1736.0,764.5
1668.25,31.52,1714.0,746.0
1652.0,31.16,1708.0,749.0
1647.5,30.84,1708.0,765.0
1645.0,31.035,1730.0,773.0
1646.0,30.88,1724.0,770.0
1612.25,30.18,1676.0,754.0
1610.75,30.0,1692.0,759.0
1607.75,30.0,1685.0,763.0
1588.5,29.11,1659.0,754.0
1577.0,28.72,1607.0,722.0
1576.5,28.79,1611.0,732.0
1586.25,29.17,1620.0,748.0
1590.5,28.75,1605.0,740.0
1604.25,29.07,1609.0,741.0
1588.5,28.95,1598.0,744.0
1582.25,28.01,1579.0,721.0
1574.25,28.69,1578.0,724.0
1579.75,28.93,1587.0,728.0
1574.0,28.74,1590.0,739.0
1579.5,29.01,1596.0,755.0
1581.75,28.78,1588.0,769.0
1579.0,28.9,1594.0,774.0
1594.0,29.25,1604.0,774.0
1589.25,29.12,1595.0,773.0
1586.0,28.64,1583.0,766.0
1595.5,28.91,1593.0,774.0
1603.75,28.8,1580.0,765.0
1610.75,28.85,1579.0,761.0
1607.5,28.9,1566.0,747.0
1613.75,28.91,1583.0,761.0
1607.75,29.06,1580.0,754.0
1599.25,28.67,1575.0,761.0
1598.0,28.83,1565.0,757.0
1603.0,28.33,1575.0,760.0
1598.25,28.64,1576.0,770.0
1583.5,27.96,1579.0,773.0
1574.75,27.19,1569.0,765.0
1546.5,26.8,1526.0,737.0
1568.0,26.97,1531.0,720.0
1575.0,27.27,1532.0,730.5
1577.25,27.25,1542.0,732.0
1575.0,27.74,1533.0,713.0
1565.0,27.57,1531.5,723.0
1535.5,27.4,1514.0,715.5
1395.0,23.54,1448.0,676.0
1380.0,23.47,1446.0,681.0
1392.0,23.31,1436.0,671.0
1393.75,23.51,1432.0,670.0
1405.5,23.66,1425.0,677.0
1424.5,23.6,1434.0,683.0
1408.0,23.01,1417.0,670.0
1428.5,22.91,1427.0,674.0
1451.0,23.3,1454.0,679.0
1471.5,24.02,1483.0,681.0
1467.5,24.27,1505.0,694.0
1469.0,24.42,1507.0,699.0
1454.75,23.97,1480.0,688.0
1469.25,23.69,1487.0,688.0
1469.25,24.25,1501.0,694.0
1444.25,23.75,1484.0,682.0
1468.0,23.86,1494.0,690.0
1465.5,24.07,1506.0,695.0
1426.5,23.37,1490.0,702.0
1430.75,23.66,1485.0,705.0
1433.75,23.44,1489.0,718.0
1410.0,22.87,1496.0,727.0
1381.0,22.26,1476.0,728.0
1368.75,22.52,1470.0,736.0
1354.75,21.66,1447.0,734.0
1360.75,22.44,1456.0,741.0
1408.5,22.62,1474.0,750.0
1380.5,22.47,1455.0,739.0
1390.25,22.38,1455.0,729.0
1376.5,22.36,1450.0,733.0
1382.5,22.36,1455.0,747.0
1413.5,22.68,1464.0,754.0
1394.5,22.57,1459.0,744.0
1402.5,22.43,1487.0,755.0
1399.5,22.51,1486.0,751.0
1404.0,22.37,1503.0,754.0
1400.0,22.62,1515.0,756.5
1386.0,22.6,1505.0,754.0
1383.25,21.81,1498.0,759.0
1374.25,21.58,1487.0,762.0
1382.75,21.78,1481.5,754.0
1385.0,21.83,1458.0,743.0
1391.25,21.69,1448.0,728.0
1384.75,21.87,1443.0,721.0
1366.75,21.8,1427.0,706.0
1372.75,21.62,1437.0,706.0
1292.5,20.24,1391.0,670.0
1295.25,19.87,1365.0,672.0
1286.75,19.65,1360.0,669.0
1279.0,19.77,1349.0,672.0
1236.25,18.67,1329.0,652.0
1232.75,18.61,1318.0,643.0
1192.0,18.86,1317.0,643.0
1242.75,19.44,1357.0,678.0
1252.5,19.62,1375.0,687.0
1250.0,19.55,1361.0,684.0
1251.75,19.57,1339.0,680.0
1212.75,19.32,1327.0,669.0
1235.25,19.16,1355.0,697.0
1255.5,19.1,1362.0,699.0
1256.0,19.37,1370.0,710.0
1285.0,19.85,1401.0,723.5
1279.75,19.66,1403.0,716.0
1284.75,19.82,1410.0,724.0
1291.5,19.95,1426.0,735.0
1297.25,19.83,1424.0,734.0
1283.25,19.49,1413.0,737.0
1295.75,19.42,1422.0,743.0
1327.0,19.95,1442.0,750.0
1333.5,20.18,1424.0,734.0
1335.0,20.395,1444.0,738.0
1326.0,19.92,1443.0,743.0
1331.0,20.02,1428.0,731.0
1329.75,20.1,1436.0,731.0
1324.15,19.68,1439.0,738.0
1314.5,19.94,1433.0,733.0
1315.0,19.72,1437.0,733.0
1309.25,19.46,1436.0,730.0
1304.75,19.76,1444.0,733.0
1280.5,19.78,1430.0,724.0
1282.5,19.27,1425.0,718.0
1298.25,19.73,1465.0,739.0
1309.0,20.31,1492.0,739.0
1341.0,20.835,1503.0,742.0
1328.5,21.46,1506.0,740.0
1326.5,21.5,1491.0,737.0
1329.75,22.0,1504.0,746.0
1369.25,22.83,1524.0,762.0
1365.0,23.23,1513.0,751.0
1372.5,22.87,1512.0,748.0
1363.0,22.94,1518.0,749.0
1375.5,23.07,1523.0,750.0
1377.5,23.06,1538.0,752.0
1419.25,24.29,1546.0,747.0
1419.5,24.74,1528.0,744.0
1407.75,24.11,1527.0,741.0
1394.75,23.64,1514.0,727.0
1392.25,23.97,1524.0,724.0
1399.5,24.21,1529.0,724.0
1390.0,23.71,1496.0,699.0
1385.0,23.52,1487.0,689.0
1387.0,23.05,1498.0,699.0
1390.0,23.64,1490.0,694.0
1358.25,23.32,1471.0,690.0
1363.75,22.91,1477.0,700.0
1328.0,22.67,1444.0,690.0
1318.5,21.72,1441.0,700.0
1324.0,21.88,1442.0,704.0
1312.25,21.97,1436.0,708.0
1301.0,21.47,1420.0,701.0
1365.5,23.0,1469.0,726.0
1349.25,22.74,1447.0,726.0
1323.0,21.68,1424.0,711.0
1314.25,21.44,1422.0,713.0
1322.75,21.68,1426.0,719.0
1333.0,21.97,1424.0,724.0
1341.0,21.61,1416.0,725.0
1326.5,21.68,1411.0,726.0
1290.75,21.7,1377.0,719.0
1306.25,21.14,1389.0,715.0
1316.0,21.57,1373.0,706.0
1309.75,21.65,1386.0,706.0
1323.5,21.77,1386.0,697.0
1329.5,22.3,1407.0,712.0
1304.0,22.1,1385.0,707.0
1298.5,21.93,1385.0,705.0
1265.5,21.52,1369.0,712.0
1285.5,21.52,1379.0,715.0
1270.5,20.49,1372.0,707.0
1273.5,21.32,1392.0,708.0
1319.25,21.72,1420.0,723.0
1316.5,21.87,1438.0,737.0
1317.5,22.09,1438.0,746.0
1333.0,22.06,1432.0,744.0
1331.25,22.53,1440.0,748.0
1344.75,22.67,1447.0,749.0
1347.75,22.35,1440.0,733.0
1361.0,22.54,1462.0,742.0
1349.25,22.31,1466.0,744.0
1354.75,22.74,1477.0,749.0
1324.0,22.2,1450.0,742.0
1306.75,21.75,1453.0,737.0
1320.5,21.85,1453.0,745.0
1307.25,21.6,1451.0,745.0
1319.0,21.94,1465.0,758.0
1307.25,21.75,1453.0,755.5
1285.5,21.7,1446.0,757.0
1282.5,21.395,1430.0,749.0
1281.25,21.1,1437.0,746.5
1272.5,20.7,1438.0,740.0
1286.0,20.78,1451.0,738.0
1287.25,20.635,1438.0,729.0
1283.5,20.64,1430.0,727.0
1275.75,20.44,1410.0,718.5
1257.0,20.24,1404.0,715.0
1240.0,19.97,1393.0,715.0
1246.25,19.93,1396.0,721.0
1243.0,19.71,1383.0,718.0
1247.5,20.11,1381.0,720.0
1245.0,19.98,1377.0,725.0
1245.5,19.76,1357.0,717.0
1253.0,19.93,1376.0,724.0
1229.5,19.75,1357.0,717.0
1217.25,19.17,1345.0,711.0
1227.5,19.05,1357.0,718.0
1222.5,19.46,1364.0,728.0
1233.0,19.49,1367.0,741.0
1237.0,19.5,1373.0,739.0
1266.25,20.05,1393.0,743.0
1260.75,20.39,1388.0,742.0
1225.25,19.8,1371.0,729.0
1232.0,19.55,1367.0,723.0
1234.75,19.5,1355.0,717.0
1231.75,20.02,1354.0,713.0
1230.5,19.94,1354.0,709.0
1196.0,19.34,1321.0,700.0
1195.25,19.33,1328.0,700.0
1199.0,19.37,1332.0,700.0
0.0,19.4,0.0,0.0
1214.5,19.92,1374.0,711.0
1204.5,19.65,1357.0,716.0
0.0,19.5,0.0,0.0
1225.0,19.94,1388.0,723.0
1234.5,20.18,1404.0,728.0
1246.25,20.04,1409.0,733.0
1227.5,20.02,1414.0,737.0
1221.0,19.52,1405.0,735.0
1226.0,19.54,1415.0,736.0
1244.25,19.8,1425.0,737.0
1248.0,20.09,1436.0,740.0
1251.5,20.27,1433.0,737.0
1236.0,20.09,1416.0,734.0
1241.5,20.0,1424.0,741.0
1250.0,20.01,1447.0,747.0
1255.75,20.29,1470.0,749.0
1238.0,20.03,1444.0,743.0
1241.0,19.87,1458.0,747.0
1263.0,20.11,1454.0,746.0
1267.0,20.19,1443.0,745.0
1260.5,19.83,1421.0,731.0
1251.25,19.72,1418.0,722.0
1264.0,19.68,1416.0,720.0
1242.5,19.41,1388.0,713.0
1251.0,19.31,1382.0,707.0
1262.0,19.27,1386.0,710.0
1250.25,19.34,1374.0,702.0
1254.5,19.63,1383.0,717.0
1256.5,20.14,1380.0,714.0
1259.25,19.87,1379.0,711.0
1277.0,20.2,1390.0,721.0
1282.0,20.17,1380.0,719.0
1289.5,20.2,1403.0,722.0
1296.0,20.27,1397.0,725.0
1320.0,21.09,1426.0,740.0
1327.5,21.65,1429.0,739.0
1320.75,21.37,1424.0,736.0
1320.5,21.75,1424.0,738.0
1316.25,21.59,1413.0,736.0
1323.25,21.74,1422.5,739.0
1334.75,22.05,1430.0,741.0
1339.0,21.73,1435.0,739.0
1331.75,21.845,1432.5,733.0
1332.25,21.38,1447.0,743.0
1326.5,21.27,1455.0,746.0
1349.5,21.46,1454.0,747.0
1334.75,21.15,1449.0,749.0
1337.0,21.32,1481.0,778.0
1345.25,21.11,1484.0,780.0
1335.25,21.38,1474.0,776.0
1344.0,20.99,1476.0,774.5
1346.25,21.25,1483.0,778.0
1366.0,20.97,1473.0,772.0
1368.75,21.24,1476.0,776.0
1385.0,21.36,1478.0,780.0
1378.5,21.22,1474.0,772.0
1355.75,20.94,1454.0,762.5
1338.0,20.75,1454.0,768.0
1327.0,20.17,1436.0,754.0
1336.0,20.55,1439.0,789.0
1310.75,20.2,1433.0,792.5
1313.5,20.0,1432.0,789.0
1304.0,20.03,1411.0,782.0
1296.0,19.68,1404.0,766.0
1294.75,19.71,1401.0,771.0
1291.75,19.97,1418.0,778.0
1283.75,19.8,1429.0,778.5
1292.0,19.82,1434.0,787.5
1284.0,19.83,1436.0,788.0
1297.25,19.93,1444.0,789.0
1299.0,19.81,1435.0,785.0
1309.5,20.15,1437.0,775.0
1301.75,19.89,1435.0,775.0
1320.5,20.24,1455.0,790.0
1318.0,20.09,1454.0,794.0
1325.75,19.74,1466.0,813.0
1298.0,19.77,1435.0,791.0
1301.5,19.6,1442.0,800.0
1299.0,19.62,1437.0,801.0
1286.75,19.51,1403.0,787.0
1285.25,19.46,1400.0,786.0
1291.5,19.06,1394.0,787.0
1301.25,19.66,1418.0,805.0
1299.0,19.6,1428.0,812.0
1297.75,19.33,1424.0,799.5
1288.5,19.28,1424.0,803.0
1278.5,19.06,1412.0,815.0
1281.25,19.17,1425.0,816.0
1306.25,19.64,1450.0,817.0
1296.0,19.64,1443.0,810.0
1287.0,19.25,1435.0,805.0
1291.25,19.25,1429.0,804.0
1298.75,19.46,1440.0,807.0
1296.5,19.44,1453.0,814.0
1305.25,19.87,1472.5,823.0
1299.0,19.66,1471.0,821.0
1291.5,19.33,1464.0,816.0
1302.0,19.55,1483.0,822.0
1295.5,19.37,1469.0,820.0
1287.25,19.31,1474.0,828.0
1298.5,19.56,1492.0,837.0
1291.5,19.42,1483.0,828.0
1275.5,19.25,1467.0,834.0
1263.5,19.125,1455.0,838.0
1255.0,18.85,1447.0,830.0
1250.5,19.0,1464.0,836.0
1247.25,18.81,1437.0,833.0
1242.75,18.87,1431.0,834.0
1245.25,18.76,1422.0,834.0
1252.5,18.81,1440.0,839.0
1247.5,19.03,1453.0,840.0
1253.5,19.11,1449.0,844.0
1259.5,19.0,1478.0,851.0
1262.0,19.2,1483.0,856.0
1265.75,19.33,1438.0,831.0
1273.0,19.58,1437.0,816.0
1276.25,19.67,1441.0,814.0
1267.5,19.55,1427.0,810.0
1269.75,19.73,1451.0,827.0
1293.0,19.94,1459.0,830.0
1312.5,20.62,1456.0,829.0
1313.5,20.75,1453.0,817.0
1318.5,21.12,1469.0,828.0
1316.75,20.78,1459.0,826.0
1311.75,20.83,1466.0,835.0
1317.5,21.04,1479.0,839.0
1315.0,20.87,1480.0,844.0
1327.5,21.08,1497.0,849.0
1326.5,21.04,1511.0,855.0
1317.5,21.0,1502.0,855.0
1319.25,21.12,1503.0,866.0
1313.0,20.95,1501.0,868.0
1323.0,21.08,1499.0,871.0
1322.75,21.13,1504.0,873.0
1340.25,21.5,1512.0,866.0
1335.0,21.415,1506.0,867.0
1306.0,21.13,1494.0,868.0
1310.0,20.93,1497.0,874.0
1301.0,20.7,1479.0,869.0
1302.5,20.78,1497.0,886.0
1307.25,20.94,1497.0,881.0
1311.5,20.93,1494.0,884.0
1310.25,20.81,1487.0,872.0
1308.0,20.93,1486.0,874.0
1292.75,20.84,1469.0,869.0
1294.75,20.46,1473.0,876.0
1304.5,20.63,1486.0,884.0
1299.25,20.64,1485.0,884.0
1294.5,20.54,1480.0,878.0
1285.25,20.69,1472.0,880.0
1291.25,20.34,1462.0,871.0
1290.5,20.35,1465.0,867.0
1284.75,20.2,1454.0,843.0
1306.5,19.78,1457.0,845.0
1305.25,20.07,1466.0,852.0
1309.75,20.13,1475.0,857.0
1307.25,19.85,1471.0,864.0
1315.75,20.08,1473.0,883.0
1312.0,19.9,1471.0,881.0
1313.5,19.86,1468.0,882.0
1296.0,19.86,1446.0,878.0
1296.75,19.59,1448.0,898.0
1296.5,19.66,1443.0,896.0
1295.0,19.42,1428.0,868.0
1275.25,19.4,1419.0,877.0
1277.25,19.49,1416.0,883.0
1286.0,19.49,1423.0,888.0
1282.75,19.32,1420.0,887.0
1292.0,19.75,1428.0,898.0
1285.75,19.47,1424.0,898.0
1286.5,19.49,1423.0,911.0
1267.0,19.2,1412.0,887.0
1265.5,19.1,1408.0,874.0
1271.5,19.21,1406.0,885.0
1266.0,19.13,1406.0,887.0
1259.0,19.19,1404.0,884.0
1255.75,19.0,1395.0,886.0
1251.0,19.01,1382.0,856.0
1241.25,18.7,1378.0,846.0
1231.5,18.64,1360.0,829.0
1234.25,18.64,1368.0,841.0
1232.25,18.75,1363.0,837.0
1236.0,18.63,1365.0,842.0
1220.5,18.5,1344.0,822.0
1219.75,18.45,1344.0,823.0
1213.5,17.74,1329.0,807.0
1222.0,17.92,1337.0,811.0
1217.25,17.76,1328.0,821.0
1213.75,17.52,1310.0,807.0
1213.75,17.54,1304.0,802.0
1219.5,17.58,1306.0,786.0
1216.5,17.11,1300.0,775.0
1216.5,17.04,1277.0,771.0
1211.75,17.09,1273.0,777.0
1195.0,16.97,1249.0,763.0
1195.75,17.02,1229.0,756.0
1210.5,17.36,1259.0,778.0
1217.0,17.35,1275.0,798.0
1226.75,17.64,1282.0,809.0
1219.0,17.26,1256.0,784.0
1229.0,17.41,1257.0,784.0
1234.75,17.5,1268.0,793.0
1237.5,17.01,1257.0,787.0
1237.75,17.46,1242.0,743.0
1234.25,17.36,1259.0,753.0
1244.5,17.38,1268.0,756.0
1250.25,17.36,1281.0,771.0
1243.75,17.36,1270.0,774.0
1232.75,17.07,1261.0,773.0
1232.75,17.19,1254.0,784.0
1228.75,17.18,1253.0,788.0
1229.25,17.18,1265.0,792.0
1223.5,17.2,1269.5,798.0
1202.0,16.78,1243.0,784.0
1164.25,16.2,1227.0,784.0
1167.75,16.15,1241.0,800.0
1166.5,16.12,1228.0,798.0
1142.0,15.32,1203.0,763.0
1145.0,15.28,1193.0,755.0
1154.5,15.42,1198.0,763.0
1162.0,15.67,1209.0,772.0
1156.5,15.57,1195.0,765.0
1164.5,15.62,1204.0,776.0
1161.75,15.74,1201.0,771.0
1169.0,15.35,1178.0,760.0
1182.5,16.2,1202.0,771.0
1192.75,16.27,1205.0,774.0
1196.0,16.26,1206.0,780.0
1190.0,16.2,1204.0,770.0
1203.75,16.3,1230.0,794.0
1197.5,16.33,1222.0,795.0
1199.0,16.66,1213.0,797.0
1197.5,16.61,1221.0,798.0
1194.75,16.42,1219.0,804.0
1182.75,15.97,1205.0,809.0
1194.0,15.73,1208.0,804.0
1195.0,16.16,1220.0,804.0
1204.75,16.3,1223.0,804.0
1209.0,16.42,1239.0,798.0
1194.0,16.33,1231.0,806.0
1193.0,16.26,1231.0,803.0
1227.0,16.37,1244.0,809.0
1229.0,17.06,1241.0,815.0
1216.25,16.98,1230.0,817.0
1217.0,17.07,1231.0,818.0
1209.25,16.85,1212.0,811.0
1202.5,16.29,1217.0,803.0
1195.75,15.95,1202.0,787.0
1199.0,16.08,1205.0,791.0
1195.5,15.86,1197.0,795.0
1195.25,16.09,1195.0,810.0
1175.75,15.71,1183.0,811.0
0.0,15.77,0.0,0.0
1185.5,16.0,1214.0,812.0
1206.0,15.79,1206.0,811.0
0.0,15.97,0.0,0.0
1172.0,15.71,1193.0,791.0
1200.0,15.88,1206.0,794.0
1210.25,16.29,1213.0,798.0
1210.5,16.33,1218.0,795.0
1215.5,16.37,1221.0,791.0
1217.75,16.24,1225.0,795.0
1226.5,16.52,1233.0,806.0
1231.5,17.0,1244.0,817.0
1235.0,16.64,1242.0,795.0
1259.0,17.12,1258.0,780.0
1277.5,16.92,1262.0,757.0
1273.75,17.65,1264.0,765.0
1288.75,17.8,1267.0,778.0
1293.5,18.22,1285.0,778.0
1295.75,18.08,1279.0,766.0
1294.75,18.23,1274.0,767.0
1281.25,17.83,1256.0,772.0
1288.5,17.87,1262.0,778.0
1288.0,18.01,1257.0,787.0
1268.75,17.43,1233.0,786.0
1260.25,16.92,1221.0,775.0
1272.5,17.22,1223.0,773.0
1264.25,17.59,1228.0,792.0
1268.5,17.39,1238.0,792.0
1259.25,17.0,1235.0,788.0
1241.0,17.22,1239.0,786.0
1238.5,16.97,1215.0,778.0
1234.5,16.8,1216.0,776.0
1223.75,16.95,1200.0,771.0
1222.5,16.89,1204.0,772.0
1232.5,16.86,1201.0,786.0
1229.25,17.27,1206.0,787.0
1209.5,16.82,1192.0,786.0
1206.0,16.42,1172.0,779.0
1209.5,16.73,1170.0,781.0
1208.25,16.34,1166.0,783.0
1204.5,16.2,1163.0,783.0
1192.5,16.32,1160.0,788.0
1204.75,16.51,1166.0,803.0
1208.25,16.82,1181.0,813.0
1214.0,16.53,1177.0,808.0
1212.5,16.63,1185.0,821.0
1212.75,16.42,1185.0,831.0
1199.5,16.32,1178.0,826.0
1202.0,16.19,1186.0,828.0
1175.75,15.99,1166.0,823.0
1168.5,15.92,1152.0,823.0
1162.0,15.78,1139.0,808.0
1150.0,15.64,1123.0,797.0
1152.25,15.68,1118.0,789.0
1152.0,15.5,1115.0,791.0
1150.75,15.58,1113.0,789.0
1150.75,15.56,1099.0,765.0
1147.25,15.47,1088.0,761.0
1166.0,15.88,1115.0,770.0
1183.1,16.17,1129.0,778.0
1186.25,16.73,1141.0,778.0
1191.5,16.97,1132.0,768.0
1195.6,16.94,1146.0,765.0
1203.15,17.13,1154.0,776.0
1195.75,17.14,1138.0,748.0
1185.5,16.65,1119.0,735.0
1187.0,16.6,1129.0,729.0
1197.0,16.56,1142.0,741.0
1198.5,16.84,1154.0,751.0
1211.0,16.86,1167.0,775.0
1207.25,16.84,1169.0,764.0
1194.8,16.3,1162.0,761.0
1207.35,16.55,1171.0,777.0
1198.9,16.27,1154.0,779.0
1194.75,16.08,1147.0,760.0
1192.9,16.18,1148.0,763.0
1204.35,16.47,1167.0,776.0
1203.35,16.36,1161.0,777.0
1196.5,16.09,1150.0,773.0
1195.3,16.08,1152.0,776.0
1189.25,16.05,1138.0,766.0
1185.75,15.86,1129.0,761.0
1183.0,15.83,1128.0,774.0
1200.0,15.84,1125.0,776.0
1209.0,16.32,1144.0,771.0
1209.0,16.48,1158.0,776.0
1180.25,16.52,1136.0,779.0
1175.95,16.17,1127.0,772.0
1197.0,16.42,1156.0,794.0
1194.25,16.41,1144.0,792.0
1187.0,16.35,1130.0,789.0
1186.0,16.31,1140.0,798.0
1189.25,16.39,1132.0,783.0
1191.5,16.46,1134.0,786.0
1210.5,16.65,1143.0,786.0
1225.0,17.4,1152.0,779.0
1220.5,17.25,1158.0,785.0
1223.5,17.7,1174.0,797.0
1214.3,17.4,1155.0,784.0
1210.5,17.07,1153.0,781.0
1205.0,17.18,1146.0,776.0
1204.1,17.25,1143.0,769.0
1185.4,16.79,1127.0,779.0
1185.85,16.66,1122.0,786.0
1185.0,16.68,1115.0,784.0
1191.4,16.67,1115.0,783.0
1199.9,16.61,1109.0,773.0
1192.8,16.7,1105.0,773.0
1190.0,16.6,1109.0,764.0
1176.0,16.47,1100.0,759.0
1164.6,16.15,1092.0,751.0
1172.8,16.06,1098.0,746.0
1177.4,16.13,1109.0,746.0
1188.5,16.13,1117.0,749.0
1178.5,15.87,1108.0,746.0
1182.8,15.93,1095.0,739.0
1181.4,15.93,1077.0,734.0
1177.75,16.03,1084.0,739.0
1178.0,15.98,1073.0,731.0
1201.85,16.24,1088.0,724.0
1203.4,16.12,1085.0,718.0
1185.5,16.19,1068.0,699.0
1178.0,15.96,1061.0,693.0
1173.75,15.89,1067.0,700.0
1172.65,15.77,1075.0,679.0
1170.5,15.83,1074.0,676.0
1176.0,15.83,1081.0,673.0
1171.0,15.7,1078.0,677.0
1168.0,15.63,1082.0,699.0
1165.25,15.61,1083.0,701.0
1167.95,15.64,1082.0,685.0
1166.0,15.59,1047.0,670.0
1156.25,15.61,1046.0,661.0
1158.5,14.99,1016.0,642.0
1164.25,15.38,1032.0,654.0
1159.3,15.45,1032.0,655.0
1154.0,15.45,1023.0,661.0
1157.4,15.28,1030.0,664.0
1147.4,15.31,1019.0,652.0
1144.4,14.93,1005.0,632.0
1132.8,15.01,998.0,621.0
1104.6,14.84,981.0,609.0
1105.6,14.75,982.0,616.0
1088.6,14.78,964.0,615.0
1097.4,14.88,987.0,631.0
1080.8,14.49,979.0,616.0
1100.0,14.69,976.0,623.0
1096.2,14.54,976.0,617.0
1090.25,14.61,983.0,624.0
1087.5,14.64,984.0,621.0
1098.4,14.56,979.0,610.0
1091.9,14.73,971.0,622.0
1090.65,14.54,955.0,598.0
1085.1,14.52,951.0,597.0
1089.75,14.59,948.0,599.0
1093.5,14.75,946.0,602.0
1097.0,14.88,971.0,600.0
1108.25,15.31,983.0,613.0
1119.0,15.36,990.0,615.0
1116.75,15.33,988.0,619.0
1118.25,15.55,997.0,623.0
1118.8,15.23,990.0,613.0
1111.45,15.23,989.0,598.0
1126.15,14.84,993.0,602.0
1147.7,15.5,1017.0,617.0
1156.5,15.46,1028.0,610.0
1166.5,14.94,986.0,577.0
1137.5,14.87,994.0,558.0
1120.75,14.41,973.0,524.0
1119.0,14.27,990.0,548.0
1135.0,14.44,1003.0,573.0
1142.3,14.68,1005.0,598.0
1137.75,14.56,1007.0,584.0
1128.0,14.71,1002.0,585.0
1118.25,14.69,991.0,575.0
1119.5,14.54,986.0,582.0
1121.15,14.63,998.0,595.0
1109.85,14.77,992.0,581.0
1109.5,14.72,987.0,591.0
1100.25,14.58,971.0,587.0
1104.8,14.43,952.0,589.0
1105.95,14.35,959.0,596.0
1117.6,14.51,964.0,598.0
1117.5,14.76,960.0,602.0
1141.5,15.26,988.0,611.0
1133.25,15.18,972.0,602.0
1122.9,14.94,946.0,595.0
1131.35,14.8,937.0,632.0
1154.5,14.79,935.0,650.0
1146.65,14.99,945.0,672.0
1131.05,14.7,922.0,651.0
1132.1,14.56,911.0,650.0
1114.0,14.65,908.0,661.0
1119.0,14.55,908.0,659.0
1140.75,14.43,912.0,694.0
1139.75,15.25,915.0,706.0
1147.5,15.67,931.0,701.0
1144.6,15.82,945.0,696.0
1140.0,15.61,934.0,694.0
1151.55,15.99,978.0,723.0
1164.9,15.96,993.0,711.0
1165.2,15.61,983.0,687.0
1173.9,15.84,990.0,688.0
1184.25,16.18,988.0,708.0
1180.85,16.04,1007.0,703.0
1175.4,15.86,1014.0,693.0
1177.75,15.86,1013.0,691.0
1167.1,15.75,1007.0,680.0
1167.0,15.77,1000.0,672.0
1161.25,15.98,1006.0,699.0
1166.4,16.1,993.0,685.0
1165.7,15.8,989.0,682.0
1179.6,16.03,1005.0,691.0
1148.6,15.82,993.0,673.0
1142.35,15.63,988.0,677.0
1134.0,15.4,973.0,655.0
1123.1,15.38,960.0,644.0
1114.7,15.26,971.0,648.0
1106.3,15.02,954.0,612.0
1088.9,15.08,939.0,606.0
1089.6,14.78,918.0,603.0
1087.1,14.55,903.0,601.0
1085.9,14.44,889.0,588.0
1087.4,14.39,879.0,567.0
1081.5,14.39,866.0,542.0
1084.75,14.36,862.0,543.0
1079.2,14.25,861.0,547.0
1067.75,14.17,844.0,544.0
1082.6,14.21,848.0,533.0
1081.75,14.29,858.0,551.0
1070.5,13.98,847.0,548.0
1076.4,14.14,840.0,537.0
1068.0,14.07,834.0,539.0
1071.0,14.29,850.0,558.0
1057.4,14.11,827.0,551.0
1061.9,14.08,831.0,538.0
1065.4,14.21,843.0,547.0
1055.4,14.14,834.0,529.0
1055.45,13.93,845.0,528.0
1079.25,14.13,859.0,542.0
1075.8,14.49,878.0,557.0
1072.1,14.24,852.0,558.0
1081.0,14.27,855.0,554.0
1071.0,14.17,857.0,556.0
1072.5,13.92,836.0,543.0
1068.25,13.71,854.0,547.0
1061.5,13.74,852.0,558.0
1075.25,13.74,876.0,573.0
1049.4,14.08,848.0,568.0
1062.5,13.82,852.0,553.0
1078.75,14.2,873.0,558.0
1074.9,14.24,869.0,558.0
1068.25,14.33,866.0,551.0
0.0,14.2,0.0,0.0
1070.1,13.93,895.0,558.0
1060.0,13.82,868.0,555.0
0.0,13.82,0.0,0.0
1082.25,14.0,893.0,550.0
1077.0,14.01,893.0,544.0
1091.4,14.005,873.0,519.0
1106.35,14.03,865.0,486.0
1101.85,14.04,874.0,505.0
1100.75,13.97,853.0,485.0
1085.4,13.88,843.0,470.0
1088.15,13.83,843.0,490.0
1088.4,14.02,835.0,485.0
1093.75,13.8,839.0,492.0
1089.2,13.88,816.0,495.0
1086.25,14.03,834.0,499.0
1101.75,14.05,820.0,486.0
1096.5,14.01,814.0,497.0
1096.25,14.17,833.0,507.0
1106.6,14.22,862.0,494.0
1113.6,14.33,867.0,500.0
1116.25,14.38,876.0,494.0
1114.0,13.58,883.0,499.0
1111.8,14.08,866.0,501.0
1126.5,14.33,867.0,502.0
1128.5,14.26,863.0,495.0
1132.0,14.41,861.0,493.0
1156.35,14.74,897.0,509.0
1150.35,14.91,899.0,509.0
1193.25,14.94,913.0,496.0
1191.0,15.34,932.0,517.0
1190.0,15.12,926.0,519.0
1241.0,15.65,948.0,521.0
1239.75,15.64,957.0,526.0
1208.2,15.26,938.0,516.0
1209.5,15.35,933.0,509.0
1210.0,15.25,939.0,513.0
1210.1,15.25,933.0,507.0
1231.15,15.37,941.0,507.0
1211.0,15.0,922.0,501.0
1221.35,15.21,929.0,498.0
1250.75,15.32,950.0,498.0
1236.0,15.16,930.0,487.0
1226.5,15.17,928.0,492.0
1234.9,14.75,919.0,494.0
1236.5,14.99,943.0,511.0
1239.2,14.82,931.0,517.0
1250.25,14.97,940.0,524.0
1277.5,15.43,960.0,550.0
1267.9,15.66,1002.0,571.0
1267.0,15.66,1005.0,575.0
1246.4,15.27,980.0,564.0
1266.5,15.27,979.0,571.0
1264.75,15.5,974.0,576.0
1242.75,15.6,963.0,567.0
1232.0,15.32,956.0,566.0
1228.5,15.29,963.0,574.0
1266.5,15.73,988.0,589.0
1252.1,15.94,972.0,593.0
1244.9,15.81,978.0,600.0
1252.5,15.89,991.0,605.0
1217.6,15.58,960.0,580.0
1221.0,15.28,957.0,577.0
1226.0,15.06,948.0,566.0
1236.25,15.38,971.0,570.0
1237.0,15.38,976.0,569.0
1213.6,15.38,957.0,559.0
1219.75,14.96,954.0,559.0
1231.25,15.19,961.0,553.0
1221.4,15.07,942.0,542.0
1242.1,15.22,955.0,536.0
1239.5,15.16,957.0,537.0
1254.75,15.56,981.0,547.0
1254.6,15.96,990.0,546.0
1245.75,15.98,994.0,541.0
1233.85,16.13,993.0,555.0
1227.1,16.17,986.0,568.0
1234.3,16.2,978.0,565.0
1255.4,16.62,999.0,582.0
1252.0,16.97,1018.0,592.0
1249.25,17.32,1041.0,616.0
1243.25,17.19,1028.0,611.0
1238.9,16.86,1015.0,606.0
1241.7,16.95,1005.0,597.0
1247.4,17.34,1019.0,604.0
1256.0,17.35,1040.0,617.0
1285.65,17.855,1065.0,628.0
1294.0,17.49,1081.0,617.0
1283.0,17.18,1061.0,601.0
1280.25,17.38,1064.0,607.0
1289.0,17.31,1072.0,604.0
1265.25,17.33,1053.0,591.0
1262.8,17.04,1043.0,583.0
1276.85,17.51,1067.0,605.0
1279.25,17.23,1057.0,607.0
1265.9,17.09,1042.0,592.0
1285.75,17.32,1058.0,591.0
1277.0,17.08,1042.0,582.0
1272.9,17.05,1034.0,576.0
1246.25,16.6,1010.0,565.0
1254.2,16.56,1025.0,567.0
1245.9,16.31,1007.0,549.0
1236.85,16.27,1006.0,544.0
1220.6,16.205,994.0,523.0
1223.85,16.46,1003.0,545.0
1216.25,16.3,984.0,546.0
1212.1,16.06,971.0,540.0
1214.5,15.95,976.0,546.0
1212.4,15.98,965.0,538.0
1240.5,16.1,979.0,554.0
1244.0,16.4,989.0,556.0
1241.0,16.31,986.0,550.0
1263.0,16.75,1016.0,568.0
1263.9,17.05,993.0,556.0
1275.5,17.32,996.0,554.0
1280.8,17.32,993.0,546.0
1287.15,17.25,985.0,540.0
1283.3,17.41,981.0,544.0
1310.75,17.71,985.0,540.0
1290.7,17.37,968.0,531.0
1281.8,17.335,978.0,543.0
1272.6,17.36,974.0,544.0
1264.85,17.2,980.0,557.0
1262.15,17.29,963.0,560.0
1315.5,18.04,987.0,548.0
1324.55,17.7,986.0,554.0
1309.7,17.57,975.0,568.0
1321.5,18.21,997.0,582.0
1320.75,18.36,999.0,589.0
1340.0,19.24,1039.0,598.0
1350.75,20.36,1066.0,611.0
1350.75,19.73,1063.0,604.0
1366.25,20.43,1070.0,596.0
1356.7,19.95,1086.0,608.0
1354.25,19.72,1082.0,606.0
1357.1,20.47,1087.0,621.0
1342.4,20.35,1092.0,627.0
1342.75,20.29,1091.0,640.0
1323.6,20.25,1085.0,645.0
1327.0,20.14,1092.0,645.0
1334.7,19.72,1083.0,637.0
1330.9,19.99,1086.0,648.0
1315.9,19.7,1067.0,649.0
1321.15,19.34,1089.0,676.0
1320.75,19.7,1092.0,684.0
1313.15,19.41,1068.0,682.0
1323.0,19.68,1087.0,687.0
1329.0,19.58,1105.0,694.0
1341.75,20.41,1143.0,702.0
1342.0,20.04,1143.0,707.0
1349.65,20.51,1150.0,721.0
1363.75,20.71,1175.0,720.0
1358.9,20.59,1161.0,706.0
1362.75,20.16,1157.0,711.0
1340.4,20.22,1146.0,699.0
1336.8,19.66,1149.0,695.0
1341.0,19.7,1143.0,687.0
1347.7,20.335,1182.0,730.0
1355.0,20.21,1165.0,709.0
1352.2,19.87,1146.0,694.0
1339.4,19.9,1112.0,684.0
1344.0,20.035,1124.0,701.0
1343.35,19.57,1109.0,698.0
1350.05,19.78,1122.0,701.0
1346.4,19.415,1106.0,711.0
1335.9,18.91,1110.0,707.0
1342.0,18.98,1108.0,695.0
1327.25,18.84,1090.0,692.0
1321.3,18.5,1074.0,685.0
1318.75,18.67,1077.0,690.0
1318.15,18.78,1067.0,690.0
1309.25,18.74,1050.0,674.0
1309.5,18.65,1043.0,666.0
1324.7,18.75,1052.0,670.0
1326.35,19.46,1065.0,676.0
1337.25,19.6,1087.0,689.0
1348.35,19.92,1097.0,698.0
1343.4,19.93,1088.0,694.0
1330.85,19.41,1073.0,678.0
1324.6,18.72,1043.0,665.0
1323.65,19.16,1046.0,657.0
1321.75,19.04,1032.0,653.0
1310.8,18.96,1031.0,656.0
1308.35,18.91,1012.0,656.0
1314.85,19.12,1021.0,681.0
1313.8,19.17,1022.0,682.0
1326.1,19.43,1043.0,688.0
1339.1,19.875,1059.0,697.0
1338.65,19.82,1055.0,697.0
1340.5,19.44,1036.0,691.0
1327.0,19.42,1033.0,691.0
1322.5,19.12,1018.0,701.0
1318.1,19.01,1021.0,709.0
1322.5,19.35,1034.0,722.0
1313.3,19.18,1013.0,722.0
1283.3,18.74,998.0,705.0
1269.4,17.8,983.0,683.0
1254.5,17.76,973.0,667.0
1258.75,17.33,975.0,674.0
1259.5,17.78,967.0,667.0
1253.45,17.48,958.0,657.0
1256.5,17.44,947.0,651.0
1261.05,17.59,935.0,640.0
1251.75,17.47,933.0,642.0
1254.8,17.4,932.0,641.0
1258.2,17.65,940.0,639.0
1269.05,17.69,942.0,638.0
1271.65,17.6,935.0,634.0
1266.05,17.51,927.0,619.0
1265.55,17.64,947.0,628.0
1269.4,17.73,958.0,636.0
1270.5,17.66,961.0,631.0
1266.25,17.66,970.0,617.0
1273.0,17.61,972.0,616.0
1272.0,17.76,976.0,612.0
1288.45,18.24,995.0,631.0
1303.75,18.54,994.0,635.0
1301.0,18.07,986.0,627.0
1302.8,18.3,1003.0,625.0
1283.05,18.22,995.0,632.0
1282.35,18.26,1003.0,656.0
1281.4,18.81,1014.0,676.0
1267.5,18.75,984.0,690.0
1236.45,18.59,974.0,685.0
1213.6,17.195,936.0,683.0
1226.95,17.0,933.0,708.0
1229.2,16.95,937.0,716.0
1226.75,17.04,935.0,718.0
1211.0,16.51,923.0,718.0
1214.25,16.68,929.0,730.0
1212.25,16.76,940.0,746.0
1185.35,16.56,923.0,725.0
1186.1,16.31,914.0,733.0
1187.7,16.465,906.0,729.0
1187.0,16.68,911.0,749.0
1186.55,16.54,917.0,761.0
1178.1,16.67,920.0,770.0
1161.85,16.3,906.0,767.0
1173.5,16.35,918.0,743.0
1162.2,16.62,930.0,732.0
1172.5,16.79,941.0,747.0
1177.65,16.77,944.0,734.0
1171.05,17.13,940.0,725.0
1163.6,16.95,925.0,744.0
1156.1,16.86,923.0,734.5
1158.55,17.01,934.0,733.0
1162.25,17.11,942.0,733.0
1126.95,16.14,914.0,727.0
1131.6,16.05,904.0,688.0
1136.25,16.0,925.0,681.0
1125.7,15.8,908.0,665.0
1133.65,16.03,912.0,659.0
1131.35,15.77,906.0,655.0
0.0,15.74,0.0,0.0
1134.6,15.85,899.0,675.0
1145.9,16.06,898.0,670.0
0.0,16.24,0.0,0.0
1151.0,15.95,929.0,706.0
1164.25,16.42,948.0,738.0
1176.7,16.59,967.0,738.0
1175.85,16.45,959.0,745.0
1178.5,16.52,976.0,760.0
1189.5,16.665,973.0,759.0
1178.55,16.79,977.0,748.0
1205.05,16.91,981.0,758.0
1190.35,16.76,971.0,746.0
1203.0,16.82,984.0,745.0
1216.05,17.0,988.0,759.0
1214.75,17.12,968.0,743.0
1196.05,16.95,956.0,751.0
1200.55,16.89,963.0,761.0
1212.85,17.14,981.0,787.0
1216.8,17.105,986.0,785.0
1195.0,16.93,993.0,762.0
1189.7,16.86,972.0,717.0
1184.85,16.7,965.0,722.0
1192.8,17.1,979.0,730.0
1212.8,17.29,991.0,756.0
1203.65,17.6,994.0,759.0
1221.95,17.71,1004.0,767.0
1215.2,17.28,992.0,747.0
1226.75,17.6,1012.0,768.0
1231.0,17.6,1007.0,768.0
1242.1,17.74,1016.0,769.0
1236.8,17.715,1019.0,777.0
1228.3,17.62,993.0,781.0
1222.25,17.97,999.0,778.0
1230.75,17.905,1004.0,782.0
1224.4,17.88,992.0,783.0
1240.55,18.1,1013.0,791.0
1241.95,18.005,1010.0,793.0
1237.3,17.98,1002.0,777.0
1233.2,17.89,988.0,767.0
1236.65,18.0,999.0,774.0
1247.9,18.0,1014.0,779.0
1253.65,18.27,1027.0,786.0
1257.2,18.34,1033.0,784.0
1255.6,18.28,1029.0,781.0
1240.4,18.33,1015.0,775.0
1238.1,18.33,1001.0,774.0
1226.5,17.66,987.0,756.0
1230.95,17.81,985.0,771.0
1216.65,17.7,966.0,770.0
1209.2,17.4,952.0,766.0
1206.55,17.14,944.0,754.0
1202.65,16.89,942.0,752.0
1204.2,17.02,937.0,750.0
1204.6,17.0,937.0,747.0
1198.8,16.91,933.0,744.0
1229.35,17.46,956.0,769.0
1229.6,17.4,960.0,778.0
1232.4,17.23,962.0,777.0
1241.6,17.31,973.0,788.0
1249.05,17.58,967.0,793.0
1247.5,17.55,963.0,803.0
1247.5,17.63,964.0,816.0
1257.55,17.94,977.0,803.0
1257.25,17.94,964.0,787.0
1251.1,18.13,953.0,788.0
1248.8,18.1,954.0,796.0
1244.85,18.06,940.0,798.0
1247.25,18.16,948.0,797.0
1257.65,18.34,958.0,806.0
1245.8,18.26,963.0,816.0
1252.5,18.22,955.0,803.0
1266.45,18.4,967.0,806.0
1250.05,17.94,940.0,790.0
1252.9,17.94,943.0,791.0
1274.3,18.31,962.0,794.0
1284.15,18.56,975.0,807.0
1278.95,18.42,985.0,789.0
1279.05,18.22,979.0,779.0
1282.1,18.19,976.0,794.0
1281.85,17.98,979.0,803.0
1269.4,17.81,955.0,795.0
1267.8,17.84,954.0,795.0
1261.85,17.59,949.0,799.0
1262.8,17.46,944.0,810.0
1266.45,17.41,946.0,824.0
1255.45,16.95,924.0,819.0
1250.3,16.85,911.0,801.0
1228.45,16.5,897.0,796.0
1228.05,16.27,909.0,809.0
1229.8,16.38,912.0,819.0
1220.4,16.22,903.0,798.0
1222.95,16.29,906.0,801.0
1223.15,16.37,911.0,804.0
1231.25,16.3,922.0,808.0
1233.3,16.59,937.0,818.0
1234.2,16.72,939.0,804.0
1257.4,16.9,944.0,781.0
1255.9,16.81,934.0,765.0
1252.0,16.77,943.0,770.0
1258.85,16.95,939.0,753.0
1260.2,17.14,954.0,776.0
1252.55,17.03,940.0,761.0
1256.95,17.15,950.0,767.0
1265.05,17.29,961.0,780.0
1262.7,17.27,941.0,797.0
1266.2,17.31,947.0,814.0
1264.85,17.13,931.0,823.0
1274.95,17.19,932.0,837.0
1279.95,17.52,950.0,841.0
1293.5,17.56,960.0,854.0
1291.0,17.6,949.0,843.0
1273.1,17.6,945.0,855.0
1266.55,17.35,939.0,896.0
1266.4,17.13,944.0,898.0
1262.0,16.82,929.0,886.0
1275.5,16.96,942.0,891.0
1254.55,16.86,921.0,861.0
1255.4,16.76,923.0,869.0
1248.15,16.67,918.0,871.0
1242.2,16.59,921.0,863.0
1242.5,16.51,917.0,882.0
1250.8,16.58,933.0,889.0
1255.7,16.71,927.0,886.0
1245.25,16.53,922.0,862.0
1249.55,16.66,920.0,865.0
1248.0,16.78,921.0,858.0
1243.5,16.83,910.0,851.0
1242.25,16.47,922.0,841.0
1229.25,16.48,911.0,838.0
1223.75,16.15,908.0,853.0
1220.3,15.95,901.0,841.0
1224.9,16.01,905.0,835.0
1215.65,15.84,911.0,834.0
1211.9,15.22,895.0,830.0
1211.05,15.51,891.0,839.0
1218.8,15.83,919.0,866.0
1218.9,15.95,914.0,869.0
1230.3,15.71,918.0,860.0
1234.1,16.07,927.0,858.0
1240.75,16.17,927.0,867.0
1242.15,16.23,925.0,870.0
1238.7,16.18,918.0,849.0
1248.55,16.43,937.0,852.0
1255.55,16.5,937.0,847.0
1254.4,16.31,926.0,860.0
1248.1,16.37,920.0,860.0
1261.1,16.79,931.0,879.0
1264.9,16.56,927.0,875.0
1267.55,16.76,938.0,894.0
1270.95,16.74,941.0,894.0
1269.6,16.67,940.0,900.0
1268.1,16.47,956.0,895.0
1257.7,16.7,966.0,884.0
1258.0,16.13,966.0,872.0
1261.8,16.39,972.0,894.0
1271.05,16.59,979.0,899.0
1284.4,17.08,982.0,904.0
1286.1,17.09,984.0,898.0
1282.3,16.97,968.0,902.0
1270.3,16.89,952.0,887.0
1272.75,16.68,963.0,896.0
1285.15,17.02,975.0,927.0
1295.8,17.15,985.0,932.0
1292.9,17.02,982.0,934.0
1284.2,17.02,974.0,934.0
1286.65,17.06,979.0,935.0
1289.0,16.93,977.0,940.0
1285.3,17.02,975.0,930.0
1318.65,17.6,1001.0,941.0
1308.5,17.44,989.0,936.0
1311.75,17.34,986.0,935.0
1320.4,17.5,999.0,946.0
1333.1,17.8,1007.0,976.0
1335.55,17.88,1006.0,984.0
1337.85,17.77,1011.0,957.0
1343.5,17.79,1007.0,945.0
1346.25,18.21,1014.0,942.0
1334.2,17.85,994.0,936.0
1326.5,17.75,981.0,946.0
1327.55,17.91,982.0,947.0
1324.55,17.75,980.0,933.0
1322.85,17.7,976.0,924.0
1312.1,17.53,960.0,931.0
1309.6,17.15,950.0,915.0
1311.3,17.38,945.0,907.0
1292.1,16.95,933.0,916.0
1294.8,16.97,935.0,916.0
1293.3,16.95,927.0,917.0
1300.05,17.01,927.0,915.0
1282.55,16.89,917.0,917.0
1283.35,16.82,918.0,928.0
1283.1,16.86,920.0,935.0
1273.7,16.58,912.0,935.0
1271.25,16.61,907.0,910.0
1274.25,16.825,912.0,919.0
1274.5,16.66,912.0,930.0
1261.8,16.625,911.0,943.0
1278.75,16.92,914.0,926.0
1291.4,17.12,925.0,942.0
1289.25,17.15,929.0,945.0
1290.25,17.195,936.0,981.0
1299.6,17.2,941.0,996.0
1303.3,17.41,945.0,1006.0
1284.75,17.11,928.0,985.0
1280.2,16.95,922.0,973.0
1286.4,17.025,921.0,951.0
1281.2,17.075,919.0,976.0
1274.9,16.995,913.0,965.0
1276.45,17.035,922.0,963.0
1275.0,16.89,916.0,973.0
1273.75,16.97,927.0,970.0
1266.45,16.72,917.0,972.0
1272.0,16.735,918.0,968.0
1270.15,16.82,915.0,977.0
1277.05,16.94,931.0,1002.0
1279.2,17.08,931.0,1002.0
1267.2,17.085,922.0,995.0
1270.9,16.915,919.0,994.0
1275.6,17.005,926.0,1000.0
1284.0,16.995,928.0,1005.5
1284.8,17.1,934.0,1016.0
1284.3,17.0,937.0,1000.0
1277.95,16.925,933.0,993.0
1274.6,16.935,926.0,987.0
1282.2,17.115,937.0,981.0
1280.0,17.04,931.0,983.0
1284.35,17.085,937.0,997.0
1286.2,17.145,935.0,1000.0
1283.3,17.0,927.0,994.0
1286.95,16.965,938.0,1001.0
1290.35,17.095,933.0,1005.0
1290.5,17.05,935.0,1001.0
1294.9,17.1,948.0,1003.0
1291.85,17.07,955.0,1012.0
1283.85,16.895,945.0,1014.0
1280.2,16.57,940.0,1010.0
1275.5,16.42,934.0,1016.0
1273.45,16.33,928.0,1015.0
1266.3,16.285,918.0,992.0
1263.7,16.115,907.0,997.0
1255.0,15.91,900.0,1013.0
1250.65,15.825,892.0,1009.0
1247.15,15.835,884.0,1007.0
1240.9,15.78,883.0,1006.0
1242.65,15.705,877.0,1008.0
1251.0,16.01,879.0,1020.0
1254.6,15.985,882.0,1028.0
1260.6,16.09,902.0,1015.0
1260.35,16.155,914.0,1016.0
1264.55,16.185,920.0,1031.0
1264.55,16.145,917.0,1033.0
0.0,16.175,0.0,0.0
1279.4,16.5,919.0,1055.0
1291.0,16.74,925.0,1057.0
0.0,16.865,0.0,0.0
1312.05,17.06,936.0,1087.0
1314.9,17.125,951.0,1086.0
1314.5,17.13,959.0,1100.0
1317.15,17.155,966.0,1095.0
1319.95,17.17,971.0,1090.0
1311.0,17.055,971.0,1108.0
1319.75,17.135,970.0,1095.0
1323.05,17.01,981.0,1078.0
1326.8,17.12,991.0,1098.0
1339.25,17.325,1002.0,1129.0
1333.85,17.095,994.5,1105.0
1335.65,17.21,1002.0,1104.0
1332.2,17.09,1003.0,1107.0
1334.95,17.04,1011.0,1112.0
1332.6,17.035,1017.0,1092.0
1333.4,16.98,998.0,1087.0
1353.7,17.19,1016.0,1099.0
1354.95,17.52,1020.0,1100.0
1353.15,17.4,1017.0,1087.0
1343.85,17.335,1011.0,1085.0
1344.9,17.295,1004.0,1083.0
1345.05,17.23,1003.0,1051.0
1341.35,17.19,996.0,1039.0
1331.15,17.135,997.0,1047.0
1333.6,16.875,995.0,1041.0
1331.4,16.805,987.0,1014.0
1324.65,16.69,981.0,994.0
1315.45,16.345,975.0,985.0
1314.1,16.355,969.0,969.0
1322.3,16.425,965.0,985.0
1325.35,16.605,969.0,993.0
1336.25,16.58,972.0,993.0
1352.45,16.825,999.0,1017.0
1352.1,16.835,1005.0,1037.0
1346.6,16.72,1007.0,1034.0
1339.85,16.57,1000.0,1034.0
1330.5,16.435,998.0,1028.0
1328.35,16.465,990.0,1033.0
1327.95,16.61,990.0,1041.0
1333.5,16.67,997.0,1062.0
1325.75,16.61,994.0,1062.0
1317.85,16.44,979.0,1041.0
1307.75,16.315,969.0,1011.0
1322.3,16.445,968.0,993.0
1320.4,16.51,957.0,983.0
1331.4,16.62,966.0,996.0
1329.4,16.645,959.0,980.0
1321.0,16.48,954.0,985.0
1320.6,16.485,949.0,984.0
1319.15,16.455,958.0,986.0
1322.75,16.51,967.0,993.0
1323.55,16.605,964.0,1007.0
1318.75,16.52,959.0,987.0
1310.1,16.475,950.0,987.0
1312.4,16.285,956.0,999.0
1311.0,16.25,945.0,982.0
1321.35,16.245,947.0,988.0
1329.15,16.52,950.0,984.0
1346.6,16.53,954.0,986.0
1352.4,16.61,950.0,976.0
1341.45,16.64,949.0,980.0
1332.45,16.455,939.0,977.0
1323.85,16.28,936.0,970.0
1333.45,16.52,927.0,946.0
1337.3,16.46,919.0,923.0
1327.7,16.305,911.0,912.0
1331.2,16.275,911.0,909.0
1331.95,16.34,923.0,930.0
1338.95,16.49,929.0,950.0
1350.75,16.565,933.0,958.0
1341.35,16.655,928.0,955.0
1343.7,16.505,929.0,986.0
1349.35,16.6,930.0,1002.0
1342.1,16.625,925.0,1002.0
1351.45,16.945,946.0,1034.0
1348.6,17.195,943.0,1036.0
1336.75,17.11,933.0,1031.0
1324.3,16.935,920.0,981.0
1328.85,16.595,919.0,967.0
1321.65,16.565,916.0,968.0
1320.7,16.575,912.0,975.0
1321.5,16.53,911.0,983.0
1313.2,16.38,905.0,963.0
1307.1,16.25,899.0,952.0
1304.2,16.35,897.0,968.0
1315.05,16.465,902.0,971.0
1309.4,16.415,901.0,963.0
1306.6,16.445,911.0,971.0
1313.85,16.44,913.0,976.0
1318.8,16.6,923.0,991.0
1324.35,16.76,926.0,1004.0
1319.85,16.645,921.0,1005.0
1295.0,16.41,901.0,970.0
1291.25,16.255,894.0,987.0
1289.5,16.385,890.0,991.0
1288.3,16.39,884.0,981.0
1288.35,16.34,885.0,978.0
1293.05,16.58,906.0,1001.0
1289.0,16.53,903.0,972.0
1304.85,16.51,909.0,972.0
1303.5,16.67,908.0,978.0
1295.5,16.475,904.0,982.0
1300.7,16.37,906.0,979.0
1305.35,16.55,907.0,986.0
1294.6,16.42,903.0,991.0
1295.45,16.44,906.0,1009.0
1292.05,16.385,897.0,984.0
1300.1,16.545,901.0,1008.0
1297.25,16.745,905.0,1027.0
1298.25,16.72,901.0,1015.0
1299.6,16.76,906.0,1019.0
1298.65,16.855,907.0,1025.0
1296.15,16.905,900.0,1013.0
1302.75,17.125,909.0,1010.0
1285.25,17.225,898.0,995.0
1281.55,16.605,884.0,986.0
1276.15,16.355,871.0,982.0
1274.2,16.285,867.0,972.0
1266.15,16.245,866.0,962.0
1269.15,16.425,867.0,956.0
1268.7,16.375,868.0,949.0
1260.3,16.225,864.0,939.0
1254.6,16.21,860.0,946.0
1251.55,16.11,852.0,945.0
1250.45,16.03,851.0,953.0
1247.8,15.98,839.0,941.0
1251.75,15.93,838.0,954.0
1255.65,16.045,834.0,948.0
1255.5,15.95,845.5,947.0
1255.35,15.995,838.0,947.0
1262.05,16.205,849.0,965.0
1254.0,15.93,843.0,950.0
1251.4,15.915,838.0,940.0
1245.9,15.84,838.0,938.0
1241.7,15.81,831.0,944.0
1241.1,15.81,826.0,933.0
1232.8,15.77,825.0,915.0
1224.5,15.44,810.0,910.0
1217.55,15.26,798.0,886.0
1228.75,15.37,824.0,892.0
1224.95,15.485,829.0,900.0
1228.35,15.51,839.0,924.0
1231.5,15.565,841.0,934.0
1228.25,15.535,835.0,931.0
1223.95,15.355,829.0,930.0
1223.8,15.49,826.0,928.0
1220.95,15.43,831.0,928.0
1219.0,15.475,825.0,927.0
1215.45,15.45,823.0,921.0
1216.3,15.36,832.0,920.0
1209.65,15.345,825.0,905.0
1212.35,15.465,835.0,920.0
1209.55,15.345,824.0,900.0
1214.35,15.48,837.0,898.0
1214.4,15.375,828.0,911.0
1200.35,15.185,814.0,905.0
1197.0,15.035,806.0,894.0
1182.0,14.825,775.0,849.0
1180.4,14.605,781.0,885.0
1178.4,14.66,779.0,895.0
1184.35,14.755,792.0,922.0
1190.95,14.785,795.0,912.0
1196.65,14.81,798.0,923.0
1192.35,14.625,782.5,915.0
1197.7,14.62,786.0,932.0
1212.25,14.9,805.0,953.0
1204.2,14.69,793.0,950.0
1197.3,14.665,792.0,980.0
1202.45,14.655,792.0,979.0
1200.05,14.525,788.0,980.0
1190.85,14.25,772.0,967.0
1196.7,14.17,774.0,988.0
1205.15,14.265,790.0,978.0
1198.9,14.185,776.0,982.0
1196.6,14.215,797.0,994.0
1189.85,14.125,784.5,972.0
1195.6,14.155,788.0,979.0
1209.8,14.225,810.0,982.0
1201.95,14.215,805.0,987.0
1201.9,14.17,801.0,982.0
1200.2,14.21,814.0,999.0
1203.3,14.185,817.0,1025.0
1208.35,14.23,826.0,1050.0
1198.7,14.33,829.0,1045.0
1202.75,14.315,830.0,1058.0
1201.9,14.29,827.0,1065.0
1194.25,14.475,824.0,1065.0
1185.4,14.42,812.0,1067.0
1187.25,14.305,815.0,1094.0
1189.35,14.55,817.0,1053.0
1204.7,14.505,828.0,1060.0
1201.2,14.735,832.0,1050.0
1203.45,14.63,830.0,1060.0
1203.8,14.635,824.0,1061.0
1186.95,14.465,814.0,1066.0
1185.55,14.325,820.0,1076.0
1188.6,14.375,820.0,1075.0
1205.55,14.4,824.0,1083.0
1219.75,14.6,838.0,1084.0
1229.95,14.74,845.0,1084.0
1230.7,14.755,842.0,1084.0
1229.05,14.65,838.0,1080.0
1223.0,14.515,828.0,1075.0
1227.85,14.61,835.0,1086.0
1222.3,14.63,830.0,1105.0
1235.95,14.715,831.0,1141.0
1230.55,14.745,827.0,1125.0
1230.8,14.74,832.0,1105.0
1233.85,14.69,825.0,1093.0
1230.8,14.65,837.0,1116.0
1225.4,14.425,836.0,1082.0
1214.95,14.34,834.0,1082.0
1231.15,14.45,852.0,1091.0
1232.1,14.82,866.0,1114.0
1232.25,14.735,863.0,1126.0
1231.6,14.7,874.0,1129.0
1229.95,14.67,873.0,1133.5
1224.15,14.49,866.0,1118.0
1211.4,14.34,858.0,1122.0
1205.55,14.16,852.0,1114.0
1202.1,14.02,843.0,1112.0
1203.25,13.97,835.0,1123.0
1211.85,14.13,833.0,1130.0
1222.4,14.285,842.0,1178.0
1221.6,14.36,844.0,1172.0
1223.0,14.44,845.0,1155.0
1226.1,14.42,846.0,1152.0
1227.05,14.52,845.0,1149.0
1223.65,14.255,838.0,1141.0
1223.4,14.38,841.0,1144.0
1221.2,14.275,843.0,1143.0
1213.25,14.15,831.0,1181.0
1226.25,14.265,820.0,1174.0
1217.55,14.235,805.0,1205.0
1230.3,14.385,804.0,1213.0
1240.3,14.545,804.0,1243.0
1235.9,14.48,794.0,1255.0
1242.55,14.38,788.0,1221.0
1243.3,14.485,789.0,1208.0
1245.35,14.53,786.0,1234.0
1245.3,14.64,786.0,1256.0
1245.75,14.655,790.0,1260.0
1242.75,14.68,794.0,1262.0
1235.35,14.58,784.0,1233.0
1241.65,14.6,782.0,1258.0
1246.3,14.655,785.0,1266.0
1255.0,14.645,791.0,1253.0
1259.75,14.77,791.0,1271.0
1258.15,14.69,790.0,1242.0
0.0,14.675,0.0,0.0
1268.0,15.055,793.0,1256.0
1279.0,15.295,788.0,1270.0
0.0,15.465,0.0,0.0
1282.9,15.44,785.0,1267.0
1290.45,15.535,794.0,1269.0
1279.9,15.705,800.0,1269.0
1292.2,15.75,823.0,1313.0
1286.45,15.64,820.0,1309.0
1288.6,15.62,821.0,1337.0
1291.9,15.705,821.0,1328.0
1288.95,15.68,822.0,1327.0
1292.75,15.615,807.0,1337.0
1294.4,15.6,802.0,1328.0
1292.3,15.54,800.0,1345.0
1290.7,15.575,805.0,1392.0
1284.2,15.47,801.0,1375.0
1279.55,15.26,798.0,1353.0
1282.1,15.26,793.0,1337.0
1279.8,15.385,790.0,1348.0
1283.7,15.3,795.0,1316.0
1293.9,15.375,812.0,1331.0
1302.15,15.685,811.0,1342.0
1307.55,15.855,816.0,1342.0
1310.7,15.915,812.0,1344.0
1323.25,16.075,821.0,1380.0
1318.7,16.01,825.0,1368.0
1312.15,15.745,816.0,1362.0
1314.2,15.865,822.0,1377.0
1312.4,15.73,819.0,1378.0
1310.0,15.71,805.0,1398.0
1314.85,15.78,799.0,1394.0
1306.4,15.705,791.0,1388.0
1310.0,15.81,786.0,1400.0
1312.8,15.695,788.0,1408.0
1311.45,15.58,782.0,1403.0
1316.55,15.675,788.0,1437.0
1325.5,15.765,808.0,1456.0
1334.15,15.78,811.0,1470.0
1343.75,16.035,822.0,1491.0
1331.25,15.91,826.0,1481.0
1329.05,15.87,830.0,1482.0
1331.05,15.955,853.0,1528.0
1325.05,15.83,853.0,1540.0
1322.85,15.86,868.0,1558.0
1319.15,15.815,871.0,1544.0
1311.95,15.56,863.0,1553.0
1285.4,15.16,844.0,1546.0
1283.8,15.11,840.0,1521.0
1285.85,15.095,828.0,1510.0
1285.3,15.075,824.0,1532.0
1296.75,15.115,818.0,1509.0
1292.75,15.295,814.0,1521.0
1297.05,15.445,834.0,1547.0
1306.95,15.52,845.0,1544.0
1295.55,15.235,831.0,1549.0
1303.5,15.355,831.0,1555.0
1305.6,15.38,831.0,1567.0
1307.7,15.41,850.0,1585.0
1303.7,15.32,859.0,1602.0
1309.6,15.54,872.0,1604.0
1311.3,15.46,853.0,1554.0
1319.55,15.525,852.0,1565.0
1316.3,15.44,858.0,1548.0
1309.7,15.4,861.0,1491.0
1295.15,15.195,841.0,1352.0
1295.4,15.1,850.0,1390.0
1293.5,15.07,853.0,1403.0
1290.3,15.025,850.0,1431.0
1290.45,15.165,862.0,1406.0
1283.15,15.085,882.0,1367.0
1288.45,15.195,903.0,1352.0
1300.0,15.14,914.0,1371.0
1303.0,15.255,904.0,1396.0
1305.45,15.245,891.0,1386.0
1298.8,15.16,898.0,1379.0
1294.3,15.065,899.0,1365.0
1285.65,14.935,883.0,1364.0
1276.35,14.945,888.0,1364.0
1275.85,15.0,886.0,1370.0
1275.7,14.955,890.0,1395.0
1269.5,14.975,886.0,1378.0
1271.65,14.805,885.0,1407.0
1280.8,14.865,878.0,1418.0
1284.2,15.0,889.0,1431.0
1279.5,14.97,896.0,1437.0
1282.3,14.985,889.0,1366.0
1283.8,14.88,882.0,1363.0
1270.95,14.675,857.0,1358.0
1278.55,14.655,855.0,1359.0
1281.2,14.83,871.0,1332.0
1285.2,14.93,868.0,1322.0
1286.1,14.82,851.0,1274.0
1287.1,14.795,857.0,1312.0
1295.6,14.66,860.0,1329.0
1298.4,14.755,857.0,1330.0
1299.1,14.815,846.0,1311.0
1291.7,14.795,842.0,1335.0
1280.8,14.48,823.0,1316.0
1276.85,14.415,812.0,1317.0
1271.15,14.43,811.0,1329.0
1273.8,14.435,805.0,1307.0
1283.65,14.48,798.0,1311.0
1282.5,14.55,800.0,1329.0
1278.3,14.48,804.0,1342.0
1281.65,14.375,796.0,1344.0
1280.95,14.4,791.0,1345.0
1295.55,14.48,791.0,1370.0
1317.1,14.705,800.0,1340.0
1324.25,14.72,816.0,1347.0
1335.05,14.84,827.0,1346.0
1335.5,14.955,802.0,1341.0
1340.65,14.91,804.0,1356.0
1328.6,14.745,803.0,1357.0
1324.3,14.695,809.0,1398.0
1332.35,14.79,812.0,1403.0
1335.9,14.795,809.0,1438.0
1351.25,15.025,806.0,1447.0
1341.3,14.78,795.0,1452.0
1341.35,14.895,801.0,1491.0
1344.05,14.945,803.0,1505.0
1379.5,15.33,815.0,1522.0
1397.15,15.29,803.0,1500.0
1405.7,15.37,812.0,1518.0
1431.4,15.4,812.0,1525.0
1403.95,15.255,806.0,1536.0
1402.5,15.25,811.0,1531.0
1409.0,15.22,818.0,1524.0
1390.1,15.26,843.0,1552.0
1391.05,15.17,830.0,1550.0
1413.5,15.31,833.0,1557.0
1414.9,15.28,836.0,1557.0
1388.65,15.21,825.0,1574.0
1400.1,15.07,811.0,1567.0
1391.55,15.025,809.0,1555.0
1408.3,15.095,823.0,1580.0
1413.75,15.265,825.0,1577.0
1407.6,15.14,818.0,1554.0
1412.4,15.32,843.0,1564.0
1409.85,15.395,844.0,1552.0
1410.35,15.61,837.0,1540.0
1417.45,16.03,844.0,1518.0
1439.7,16.315,854.0,1534.0
1427.75,16.385,849.0,1498.0
1425.55,16.43,853.0,1523.0
1426.95,16.535,869.0,1527.0
1416.1,16.535,873.0,1528.0
1420.4,16.44,865.0,1531.0
1419.05,16.39,869.0,1526.0
1425.9,16.455,877.0,1547.0
1427.55,16.475,873.0,1533.0
1406.8,16.005,844.0,1451.0
1441.75,16.195,841.0,1389.0
1465.25,16.485,856.0,1438.0
1465.25,16.385,852.0,1444.0
1506.05,16.82,851.0,1407.0
1495.75,17.02,850.0,1420.0
1497.7,17.0,863.0,1432.0
1504.7,16.955,857.0,1429.0
1498.4,17.445,857.0,1423.0
1513.25,17.115,851.0,1434.0
1515.65,17.29,837.0,1443.0
1515.25,17.16,833.0,1458.0
1496.6,16.925,845.0,1460.0
1504.55,17.02,847.0,1493.0
1503.25,17.11,853.0,1491.0
1502.05,16.96,855.0,1478.0
1503.8,17.05,851.0,1460.0
1532.95,17.725,861.0,1484.0
1537.15,18.365,876.0,1463.0
1540.2,18.48,923.0,1483.0
1528.4,18.385,939.0,1542.0
1525.95,18.35,928.0,1523.0
1537.85,18.475,941.0,1525.0
1546.1,19.305,977.0,1560.0
1529.1,19.22,976.0,1567.0
1523.7,18.145,947.0,1541.0
1509.2,18.17,959.0,1562.0
1498.25,17.99,939.0,1565.0
1490.65,18.165,940.0,1584.0
1515.2,18.19,948.0,1600.0
1503.1,18.145,956.0,1600.0
1497.2,17.835,947.0,1603.0
1502.1,17.84,938.0,1595.0
1503.5,17.85,939.0,1594.0
1500.7,17.755,935.0,1608.0
1501.9,17.88,940.0,1646.0
1522.1,18.38,956.0,1651.0
1520.65,18.56,954.0,1664.0
1528.75,18.57,945.0,1628.0
1506.4,17.97,932.0,1663.0
1489.9,17.52,925.0,1670.0
1485.3,17.255,900.0,1674.0
1473.45,17.11,881.0,1660.0
1492.6,17.26,879.0,1676.0
1517.1,17.6,893.0,1670.0
1499.15,17.605,873.0,1661.0
1501.25,17.425,885.0,1662.0
1505.85,17.555,887.0,1642.0
1507.25,17.78,883.0,1687.0
1494.8,17.75,891.0,1694.0
1479.15,17.6,888.0,1700.0
1490.6,17.605,898.0,1697.0
1487.8,17.67,891.0,1741.0
1485.1,17.255,888.0,1763.0
1492.65,17.45,886.0,1762.0
1490.0,17.435,886.0,1763.0
1491.65,17.725,895.0,1771.0
1485.35,17.625,887.0,1754.0
1494.45,17.535,896.0,1753.0
1496.55,17.53,927.0,1764.0
1513.45,18.125,931.0,1778.0
1492.4,18.055,921.0,1790.0
1486.75,17.66,918.0,1780.0
1492.1,17.955,917.0,1788.0
1510.95,18.055,936.0,1794.0
1508.8,18.12,935.0,1801.0
1509.45,18.185,947.0,1797.0
1488.95,18.045,925.0,1774.0
1486.05,17.54,930.0,1798.0
1484.25,17.53,929.0,1804.0
1464.15,16.81,888.0,1768.0
1458.7,16.88,881.0,1706.0
1452.05,16.735,869.0,1698.0
1462.9,16.95,867.0,1706.0
1466.65,17.035,872.0,1722.0
1466.9,16.87,883.0,1725.0
1467.65,16.795,887.0,1716.0
1468.45,17.125,902.0,1758.0
1471.7,17.115,914.0,1767.0
1467.05,17.09,919.0,1764.0
1464.45,17.175,901.0,1765.0
1458.4,16.87,892.0,1794.0
1454.65,16.935,900.0,1792.0
1454.35,17.055,901.0,1803.0
1454.65,16.945,890.0,1833.0
1460.15,16.965,894.0,1832.0
1461.15,16.875,897.0,1858.0
1477.3,17.01,899.0,1849.0
1475.1,17.13,908.0,1860.0
1475.95,16.87,889.0,1850.0
1459.65,16.94,898.0,1872.0
1461.7,16.62,898.0,1891.0
1464.95,16.675,918.0,1897.0
1466.8,16.66,926.0,1912.0
1467.8,16.865,944.0,1937.0
1466.6,16.935,933.0,1971.0
1477.9,17.02,932.0,1964.0
1475.8,17.06,928.0,1950.0
1474.05,16.995,926.0,1936.0
1476.7,16.94,933.0,1929.0
1479.0,17.035,936.0,1930.0
1482.1,17.375,916.0,1853.0
0.0,17.585,0.0,0.0
1511.5,17.825,946.0,1901.0
1514.75,17.825,952.0,1905.0
0.0,18.045,0.0,0.0
1527.1,17.925,987.0,1946.0
1548.75,18.21,983.0,1977.0
1573.1,18.44,983.0,2016.0
1567.85,18.145,961.0,2030.0
1571.95,18.42,972.0,2103.0
1550.75,17.91,958.0,2119.0
1553.6,17.915,969.0,2110.0
1549.9,17.985,977.0,2134.0
1545.1,17.77,972.0,2152.0
1549.0,17.85,1013.0,2231.0
1554.55,18.01,1017.0,2323.0
1557.6,18.06,1016.0,2465.0
1560.15,18.055,1016.0,2533.0
1551.3,17.985,994.0,2420.0
1556.9,17.77,1003.0,2425.0
1562.9,17.6,1001.0,2410.0
1564.3,17.83,1013.0,2455.0
1580.1,18.295,988.0,2330.0
1574.0,17.975,982.0,2261.0
1573.45,17.47,984.0,2279.0
1578.25,17.725,974.0,2279.0
1584.2,17.885,959.0,2295.0
1574.75,17.77,966.0,2300.0
1558.35,17.73,964.0,2400.0
1553.3,17.62,974.0,2439.0
1563.3,17.765,977.0,2416.0
1572.65,17.77,971.0,2298.0
1573.2,17.785,967.0,2366.0
1570.5,17.705,964.0,2334.0
1563.7,17.56,962.0,2343.0
1575.05,17.64,965.0,2412.0
1581.4,17.705,972.0,2458.0
1580.8,17.8,967.0,2492.0
1589.85,17.885,980.0,2540.0
1604.2,18.345,1005.0,2781.0
1619.0,18.385,986.0,2708.0
1643.3,18.56,976.0,2690.0
1671.65,18.775,964.0,2663.0
1650.3,18.33,960.0,2670.0
1634.9,18.075,919.0,2710.0
1652.0,18.05,912.0,2755.0
1609.85,17.185,871.0,2719.0
1599.65,16.915,857.0,2523.0
1615.5,16.81,862.0,2470.0
1641.85,17.25,877.0,2443.0
1659.6,17.2,866.0,2482.0
1683.65,17.48,895.0,2571.0
1672.5,16.885,870.0,2489.0
1655.7,17.07,869.0,2435.0
1653.75,17.02,879.0,2379.0
1570.7,16.525,809.0,2040.0
1562.8,15.77,782.0,1744.0
1487.7,12.965,677.0,1557.0
1536.2,12.44,651.0,1602.0
1498.2,12.42,631.0,1598.0
1474.25,12.005,593.0,1709.0
1494.4,12.63,614.0,1635.0
1525.4,12.51,623.0,1650.0
1605.75,13.625,684.0,1955.0
1605.45,13.965,722.0,2045.0
1634.8,14.415,742.0,2267.0
1617.3,14.315,742.0,2253.0
1618.3,14.055,726.0,2242.0
1608.95,13.93,727.0,2307.0
1576.55,14.015,714.0,2236.0
1616.8,14.175,727.0,2123.0
1613.1,14.39,714.0,2140.0
1648.3,14.555,733.0,2110.0
1649.25,15.075,741.0,2175.0
1647.8,15.065,741.0,2180.0
1680.65,15.175,735.0,2166.0
1741.9,15.51,761.0,2189.0
1718.65,15.57,778.0,2152.0
1729.5,15.5,790.0,2139.0
1692.55,15.16,780.0,2154.0
1686.2,15.15,779.0,2150.0
1682.05,14.97,715.0,1850.0
1710.55,14.91,764.0,1955.0
1736.25,15.305,765.0,1990.0
1715.9,15.315,763.0,2005.0
1714.95,15.205,764.0,1943.0
1691.55,15.145,775.0,1888.0
1703.35,15.165,780.0,1932.0
1702.75,15.335,767.0,1986.0
1686.25,14.845,765.0,1934.0
1709.1,14.93,765.0,1895.0
1699.55,14.75,761.0,1770.0
1691.5,15.075,745.0,1785.0
1704.05,14.98,758.0,1810.0
1702.75,15.445,757.0,1830.0
1702.4,15.485,767.0,1835.0
1708.4,15.56,768.0,1830.0
1731.6,15.53,758.0,1785.0
1735.35,16.25,768.0,1840.0
1734.7,17.35,814.0,2000.0
1737.95,17.12,823.0,2033.0
1748.3,17.47,844.0,2083.0
1724.9,17.205,851.0,2078.0
1733.55,17.0,835.0,1915.0
1720.25,17.3,832.0,1939.0
1694.6,17.19,818.0,1936.0
1717.35,17.34,821.0,1920.0
1728.7,17.59,825.0,1920.0
1730.6,18.16,831.0,1925.0
1742.15,18.27,845.0,1968.0
1705.35,17.86,826.0,1955.0
1700.05,17.75,834.0,1915.0
1683.45,17.58,823.0,1925.0
1690.35,17.63,838.0,1995.0
1713.5,17.63,833.0,1960.0
1722.05,17.715,838.0,1970.0
1738.25,17.875,820.0,1915.0
1733.5,17.625,822.0,1935.0
1710.45,17.085,796.0,1900.0
1719.85,17.41,823.0,1952.0
1724.35,17.47,819.0,1903.0
1719.5,17.615,814.0,1919.0
1734.75,17.525,820.0,1888.0
1761.85,17.86,820.0,1894.0
1768.9,17.81,822.0,1930.0
1766.05,17.855,811.0,1910.0
1756.55,17.53,797.0,1836.0
1747.6,17.83,799.0,1847.0
1771.6,17.905,812.0,1905.0
1768.1,17.845,814.0,1905.0
1771.05,18.22,823.0,1920.0
1777.45,17.925,813.0,1905.0
1772.9,18.02,808.0,1905.0
1787.9,18.255,827.0,1925.0
1789.55,18.02,830.0,1920.0
1811.1,18.485,844.0,1940.0
1812.1,18.835,856.0,1970.0
1803.1,18.77,835.0,1944.0
1807.5,19.095,845.0,1991.0
1801.9,18.895,823.0,1978.0
1804.6,19.33,833.0,1957.0
1807.7,19.245,822.0,1992.0
1807.35,19.16,824.0,2023.0
1815.65,19.44,845.0,2040.0
1842.55,20.555,873.0,2160.0
1852.4,22.245,892.0,2142.0
1878.3,22.86,906.0,2126.0
1902.1,22.475,925.0,2185.0
1936.65,24.375,928.0,2304.0
1940.9,23.545,943.0,2267.0
1950.9,24.335,940.0,2215.0
1957.65,23.16,890.0,2055.0
1964.9,24.07,905.0,2065.0
1958.55,24.23,909.0,2120.0
1977.9,24.33,911.0,2101.0
2048.15,26.945,965.0,2178.0
2067.15,27.885,976.0,2222.0
2031.15,28.33,979.0,2150.0
2044.5,28.27,986.0,2220.0
1939.65,28.28,944.0,2113.0
1931.9,25.81,940.0,2162.0
1944.25,26.25,948.0,2190.0
1944.75,26.705,952.0,2146.0
1972.85,26.915,950.0,2202.0
2008.75,28.325,957.0,2195.0
1981.0,27.44,946.0,2165.0
1927.15,26.915,916.0,2163.0
1924.35,26.85,900.0,2190.0
1943.95,26.885,930.0,2195.0
1911.15,26.495,930.0,2163.0
1932.95,26.395,916.0,2176.0
1923.85,27.245,930.0,2168.0
1957.35,27.35,930.0,2176.0
1972.35,28.885,956.0,2317.0
1947.05,27.705,920.0,2261.0
1940.45,26.9,898.0,2353.0
1926.3,26.815,903.0,2290.0
1928.45,26.83,898.0,2310.0
1910.95,26.675,901.0,2300.0
1947.2,26.535,916.0,2270.0
1966.25,27.105,930.0,2311.0
1947.4,26.875,929.0,2301.0
1958.7,26.885,947.0,2339.0
1949.35,27.545,975.0,2343.0
1961.8,27.38,971.0,2407.0
1936.25,26.745,940.0,2343.0
1950.85,27.06,939.0,2321.0
1909.35,26.36,907.0,2316.0
1906.0,24.3,878.0,2282.0
1873.4,23.595,852.0,2245.0
1861.75,22.22,831.0,2212.0
1859.7,22.63,841.0,2204.0
1864.3,22.89,862.0,2257.0
1883.95,23.835,880.0,2275.0
1886.9,23.725,884.0,2335.0
1902.0,23.62,898.0,2334.0
1903.05,23.865,891.0,2312.0
1909.6,23.915,888.0,2354.0
1913.4,24.3,878.0,2370.0
1884.5,23.53,868.0,2358.0
1887.45,23.96,871.0,2400.0
1923.25,24.315,892.0,2450.0
1925.5,25.06,885.0,2437.0
1891.3,24.935,869.0,2330.0
1910.05,24.175,873.0,2358.0
1891.9,23.935,846.0,2331.0
1905.05,24.36,870.0,2331.0
1905.6,24.84,868.0,2342.0
1898.4,24.63,868.0,2352.0
1924.15,25.02,894.0,2405.0
1900.95,24.915,870.0,2362.0
1903.65,24.76,917.0,2394.0
1898.45,24.28,878.0,2364.0
1905.7,24.435,880.0,2351.0
1869.95,23.925,862.0,2225.0
1870.3,23.015,860.0,2206.0
1881.85,23.625,852.0,2228.0
1889.9,23.975,855.0,2203.0
1908.3,24.17,875.0,2301.0
1900.15,23.975,873.0,2296.0
1938.45,24.57,897.0,2404.0
1940.8,25.78,911.0,2450.0
1867.3,25.105,866.0,2475.0
1878.7,24.195,870.0,2465.0
1860.95,24.21,866.0,2357.0
1874.85,24.215,875.0,2348.0
1890.9,24.245,897.0,2332.0
1885.6,24.265,909.0,2340.0
1889.05,24.63,935.0,2338.0
1876.1,24.315,937.0,2337.0
1857.35,23.98,944.0,2310.0
1875.7,24.165,956.0,2337.0
1840.2,23.905,946.0,2338.0
1799.6,23.155,936.0,2329.0
1810.2,23.41,955.0,2332.0
1807.4,23.36,958.0,2364.0
1779.3,23.135,949.0,2362.0
1762.55,22.15,979.0,2400.0
1810.75,23.535,990.0,2427.0
1822.6,23.98,1010.0,2402.0
1832.35,24.17,1023.0,2398.0
1843.0,24.225,1060.0,2350.0
1859.95,23.75,1023.0,2336.0
1868.15,24.475,1024.0,2318.0
1841.75,24.085,1023.0,2318.0
1844.35,23.885,1038.0,2362.0
1842.0,23.815,1009.0,2332.0
1831.15,23.855,1027.0,2314.0
1850.65,24.215,1027.0,2350.0
1851.95,25.13,1031.0,2323.0
1890.75,25.74,1045.0,2325.0
1879.75,25.815,1038.0,2331.0
1880.0,26.155,989.0,2318.0
1877.1,25.77,1019.0,2355.0
1875.0,25.315,1009.0,2330.0
0.0,25.78,0.0,0.0
1874.3,26.15,1039.0,2325.0
1887.6,26.305,1068.0,2342.0
0.0,26.485,0.0,0.0
1943.2,27.27,1118.0,2454.0
1940.35,27.51,1081.0,2423.0
1931.95,27.525,1087.0,2400.0
1920.1,27.13,1103.0,2415.0
1862.9,26.645,1112.0,2435.0
1847.25,25.02,1016.0,2359.0
1841.25,25.525,1049.0,2376.0
1858.85,25.335,1083.0,2386.0
1841.75,25.25,1108.0,2394.0
1839.0,25.245,1085.0,2423.0
1833.05,24.865,1076.0,2377.0
1834.7,25.295,1091.0,2370.0
1856.6,25.295,1106.0,2377.0
1862.1,25.865,1129.0,2394.0
1852.7,25.32,1093.0,2355.0
1856.85,25.635,1109.0,2347.0
1856.6,25.4,1105.0,2324.0
1843.0,25.185,1068.0,2312.0
1853.7,25.205,1090.0,2314.0
1863.8,27.415,1110.0,2327.0
1862.95,29.585,1118.0,2266.0
1833.1,27.325,1102.0,2258.0
1835.45,26.8,1103.0,2260.0
1785.9,26.4,1084.0,2258.0
1802.95,26.53,1121.0,2338.0
1835.25,27.18,1161.0,2346.0
1839.6,27.635,1184.0,2323.0
1842.65,27.23,1239.0,2378.0
1840.1,27.125,1236.0,2353.0
1816.35,27.07,1221.0,2355.0
1817.3,27.57,1288.0,2392.0
1794.25,27.575,1265.0,2362.0
1780.7,27.115,1239.0,2373.0
1773.15,27.165,1266.0,2370.0
1786.2,26.95,1294.0,2363.0
1807.45,27.445,1268.0,2395.0
1799.65,27.965,1251.0,2363.0
1788.0,27.745,1242.0,2339.0
1779.65,27.925,1248.0,2465.0
1742.85,26.685,1204.0,2362.0
1734.15,26.89,1208.0,2358.0
1723.85,26.26,1188.0,2354.0
1711.4,26.585,1184.0,2347.0
1712.1,25.955,1162.0,2362.0
1696.25,25.355,1123.0,2348.0
1687.05,25.155,1138.0,2332.0
1716.9,25.755,1166.0,2303.0
1716.2,25.645,1177.0,2296.0
1724.25,26.25,1208.0,2355.0
1704.8,25.475,1186.0,2358.0
1723.65,26.1,1213.0,2390.0
1735.0,26.08,1209.0,2496.0
1729.65,25.85,1194.0,2488.0
1725.9,26.13,1216.0,2678.0
1735.2,26.175,1173.0,2615.0
1736.15,25.74,1183.0,2642.0
1726.2,25.62,1186.0,2643.0
1730.5,25.195,1175.0,2630.0
1737.3,24.67,1174.0,2648.0
1731.8,25.055,1161.0,2638.0
1705.95,24.83,1191.0,2572.0
1683.95,24.34,1166.0,2568.0
1691.05,24.0,1182.0,2625.0
1726.05,24.315,1199.0,2640.0
1744.65,25.04,1221.0,2664.0
1738.05,24.985,1241.0,2632.0
1755.5,25.33,1223.0,2650.0
1741.2,25.225,1203.0,2644.0
1732.85,25.16,1181.0,2657.0
1747.95,24.95,1167.0,2702.0
1735.55,25.33,1180.0,2689.0
1757.2,25.585,1189.0,2738.0
1774.45,26.14,1199.0,2765.0
1774.5,26.105,1222.0,2806.0
1777.85,25.88,1185.0,2778.0
1798.2,25.91,1191.0,2790.0
1787.75,26.3,1214.0,2879.0
1781.8,26.125,1244.0,2910.0
1773.35,26.11,1230.0,2913.0
1784.15,26.285,1243.0,2924.0
1772.2,25.87,1215.0,2930.0
1762.65,26.285,1216.0,2965.0
1767.65,25.875,1218.0,2981.0
1797.75,26.825,1248.0,3000.0
1782.25,26.295,1221.0,2979.0
1813.15,26.725,1232.0,2913.0
1836.55,27.375,1244.0,2858.0
1840.45,27.735,1267.0,2985.0
1829.1,27.48,1225.0,2921.0
1830.7,27.41,1241.0,2938.0
1821.8,26.82,1204.0,2840.0
1838.1,27.23,1226.0,2861.0
1853.7,27.61,1227.0,2886.0
1866.75,28.475,1221.0,2910.0
1888.45,27.675,1197.0,2888.0
1878.3,27.74,1199.0,2857.0
1875.9,27.8,1198.0,2832.0
1880.15,27.645,1174.0,2771.0
1887.0,27.555,1186.0,2739.0
1899.75,28.12,1201.0,2762.0
1891.45,27.655,1185.0,2780.0
1899.95,27.63,1170.0,2817.0
1899.35,28.21,1185.0,2826.0
1902.75,27.745,1190.0,2857.0
1866.55,27.755,1170.0,2809.0
1890.6,27.365,1160.0,2840.0
1888.4,27.58,1172.0,2835.0
1893.15,27.715,1166.0,2798.0
1894.6,27.58,1159.0,2809.0
1888.65,27.66,1142.0,2766.0
1881.05,28.14,1153.0,2787.0
1865.6,27.73,1154.0,2752.0
1865.1,27.625,1155.0,2750.0
1860.75,27.71,1148.0,2799.0
1778.7,26.595,1094.0,2689.0
1773.1,26.385,1070.0,2551.0
1775.05,25.955,1040.0,2523.0
1775.05,25.97,1057.0,2577.0
1791.6,25.945,1090.0,2590.0
1784.85,25.99,1090.0,2634.0
1786.65,26.13,1101.0,2636.0
1780.3,26.09,1103.0,2659.0
1755.45,25.955,1070.0,2673.0
1763.15,25.765,1059.0,2707.0
1781.5,26.26,1086.0,2788.0
1786.15,26.17,1091.0,2779.0
1791.35,26.545,1099.0,2813.0
1809.85,26.61,1106.0,2869.0
1804.65,26.385,1094.0,2833.0
1807.7,26.105,1072.0,2784.0
1806.0,26.01,1090.0,2800.0
1792.4,25.925,1105.0,2815.0
1813.85,26.105,1105.0,2840.0
1823.2,26.17,1132.0,2838.0
1823.75,26.205,1130.0,2770.0
1824.3,26.105,1134.0,2706.0
1814.9,25.325,1084.0,2606.0
1823.05,25.095,1071.0,2593.0
1802.15,25.105,1067.0,2653.0
1799.45,25.07,1078.0,2671.0
1799.6,25.165,1075.0,2728.0
1800.2,25.365,1065.0,2690.0
1800.35,25.115,1065.0,2635.0
1796.6,24.795,1048.0,2606.0
1829.3,25.45,1074.0,2665.0
1825.75,25.49,1044.0,2658.0
1811.45,25.405,1061.0,2681.0
1812.65,25.46,1052.0,2681.0
1829.1,25.67,1055.0,2664.0
1800.75,25.45,1013.0,2642.0
1762.9,24.975,997.0,2661.0
1738.85,23.84,979.0,2620.0
1723.35,23.39,985.0,2616.0
1743.6,23.415,1008.0,2650.0
1747.4,23.415,1016.0,2637.0
1773.85,23.385,1025.0,2646.0
1786.35,23.54,1017.0,2634.0
1789.45,23.9,1018.0,2567.0
1783.45,23.67,1002.0,2508.0
1782.05,23.34,972.0,2355.0
1779.05,23.205,976.0,2296.0
1802.0,23.43,1009.0,2339.0
1808.45,23.76,1006.0,2456.0
1788.7,23.755,1000.0,2481.0
1786.6,23.675,991.0,2392.0
1798.5,23.61,991.0,2421.0
1814.85,24.045,1001.0,2492.0
1811.8,23.92,1012.0,2470.0
1812.55,24.165,1000.0,2414.0
1823.7,24.055,1006.0,2407.0
1821.6,24.705,1017.0,2394.0
1802.15,24.245,1011.0,2387.0
1786.0,24.315,997.0,2347.0
1788.25,24.145,984.0,2239.0
1794.6,24.025,977.0,2199.0
1793.9,23.58,958.0,2150.0
1792.75,23.6,951.0,1980.0
1796.95,23.835,941.0,1994.0
1747.95,23.47,937.0,2030.0
1755.95,23.01,953.0,2023.0
1757.75,22.395,931.0,1953.0
1774.45,22.555,936.0,1901.0
1773.4,22.735,988.0,1985.0
1750.0,22.74,983.0,1963.0
1746.8,22.66,969.0,1943.0
1755.3,22.555,986.0,1949.0
1733.75,22.2,987.0,1944.0
1737.15,22.325,967.0,1897.0
1742.8,21.525,963.0,1899.0
1757.05,22.095,972.0,1911.0
1754.55,22.31,950.0,1918.0
1753.2,22.485,956.0,1898.0
1759.7,22.295,965.0,1871.0
1762.1,22.69,979.0,1884.0
1773.25,22.55,1029.0,2044.0
1757.65,22.52,1029.0,2120.0
1767.75,22.64,1009.0,2050.0
1785.7,22.885,1009.0,2051.0
1798.7,23.34,1033.0,2160.0
1772.65,23.24,1049.0,2121.0
1767.85,23.22,1039.0,1986.0
1779.55,23.73,1047.0,2093.0
1778.0,23.955,1043.0,2058.0
1779.3,24.23,1043.0,2026.0
1808.25,24.31,1062.0,2015.0
1805.25,24.375,1046.0,2032.0
1785.55,24.315,1050.0,2012.0
1795.25,23.955,1023.0,1963.0
1803.5,24.075,1017.0,2001.0
1769.15,24.01,1009.0,1972.0
1793.8,23.865,1061.0,2055.0
1790.45,23.865,1049.0,2023.0
1763.45,23.58,1021.0,1984.0
1796.15,23.73,1042.0,2028.0
1801.85,23.82,1028.0,2028.0
1822.35,24.28,1055.0,2035.0
1827.3,24.375,1060.0,2069.0
1859.4,24.175,1084.0,2038.0
1857.9,24.98,1088.0,2072.0
1860.55,24.955,1075.0,2059.0
1859.9,25.21,1088.0,2135.0
1859.2,25.27,1094.0,2143.0
1864.9,25.04,1065.0,2166.0
1860.3,24.97,1066.0,2171.0
1861.1,24.785,1036.0,2079.0
1816.05,24.69,1031.0,2041.0
1789.15,23.815,986.0,1935.0
1782.05,23.495,978.0,1870.0
1788.15,23.69,988.0,1856.0
1800.8,23.63,978.0,1798.0
1785.95,23.235,970.0,1797.0
1804.4,22.865,944.0,1767.0
1789.25,22.86,947.0,1751.0
1765.0,22.395,938.0,1722.0
1767.55,22.35,940.0,1812.0
1778.65,22.34,932.0,1786.0
1781.35,22.435,946.0,1866.0
1783.8,22.425,947.0,1848.0
1776.15,22.25,946.0,1817.0
1779.75,21.895,945.0,1770.0
1787.8,22.22,935.0,1762.0
1776.9,22.17,911.0,1622.0
1768.65,21.805,911.0,1576.0
1795.7,22.175,930.0,1671.0
1807.7,22.645,935.0,1779.0
1796.3,22.295,926.0,1739.0
1793.75,22.745,939.0,1828.0
1792.8,22.66,949.0,1834.0
1805.2,22.815,971.0,1890.0
0.0,22.665,0.0,0.0
1794.25,22.835,962.0,1953.0
1805.85,22.765,959.0,1973.0
0.0,23.085,0.0,0.0
1811.4,22.89,975.0,1893.0
1826.25,23.055,987.0,1902.0
1789.35,22.245,967.0,1854.0
1792.6,22.24,960.0,1904.0
1794.2,22.455,931.0,1897.0
1806.8,22.59,947.0,1918.0
1821.4,22.745,982.0,1927.0
1820.35,23.245,976.0,1901.0
1822.95,23.1,979.0,1870.0
1817.85,23.015,975.0,1895.0
1817.25,22.915,982.0,1906.0
1826.95,23.775,1014.0,1976.0
1845.35,24.225,1055.0,2039.0
1837.6,24.32,1046.0,2112.0
1831.6,24.065,1017.0,2147.0
1847.3,23.665,1019.0,2175.0
1835.95,23.86,1052.0,2307.0
1806.75,23.17,1021.0,2279.0
1788.15,22.5,1003.0,2328.0
1795.25,22.495,1022.0,2445.0
1799.85,22.88,1043.0,2385.0
1803.65,22.78,1037.0,2402.0
1792.7,22.36,1026.0,2377.0
1804.7,22.505,1016.0,2287.0
1813.55,22.86,1015.0,2230.0
1822.6,22.86,1029.0,2261.0
1827.8,23.25,1030.0,2267.0
1835.35,23.355,1027.0,2292.0
1831.15,22.895,1023.0,2224.0
1866.15,23.69,1039.0,2290.0
1848.55,23.285,1015.0,2252.0
1862.6,23.5,1043.0,2280.0
1893.45,23.585,1079.0,2372.0
1893.6,23.77,1091.0,2360.0
1894.45,23.735,1078.0,2374.0
1900.1,24.01,1087.0,2417.0
1904.7,24.105,1091.0,2423.0
1936.3,25.315,1101.0,2680.0
1884.8,24.21,1055.0,2320.0
1909.85,24.35,1063.0,2509.0
1922.0,24.64,1064.0,2691.0
1928.5,25.075,1062.0,2595.0
1929.6,25.31,1085.0,2764.0
1945.3,25.15,1092.0,2965.0
1980.95,25.74,1127.0,3015.0
2039.05,26.12,1151.0,3000.0
1988.9,26.175,1107.0,2970.0
1996.6,25.945,1088.0,2930.0
1978.7,25.655,1057.0,2766.0
1954.05,25.375,1039.0,2374.0
1913.65,24.635,1006.0,2417.0
1913.2,24.945,1014.0,2440.0
1949.65,25.34,1024.0,2478.0
1935.8,25.235,1034.0,2535.0
1935.05,25.035,1037.0,2547.0
1915.25,25.085,1020.0,2504.0
1931.75,25.015,1025.0,2526.0
1965.2,25.315,1020.0,2511.0
1953.8,25.62,1011.0,2498.0
1937.05,24.905,993.0,2253.0
1910.0,24.64,964.0,2111.0
1933.85,24.755,992.0,2255.0
1942.15,24.815,983.0,2259.0
1929.4,24.69,995.0,2323.0
1930.3,24.665,985.0,2297.0
1944.05,24.675,981.0,2294.0
1930.15,24.265,963.0,2240.0
1932.4,24.38,957.0,2258.0
1941.4,24.625,972.0,2442.0
1951.55,25.05,984.0,2495.0
1960.85,25.005,967.0,2350.0
1976.75,25.64,980.0,2386.0
1963.25,25.655,977.0,2381.0
1964.0,25.915,1011.0,2358.0
1949.55,25.2,985.0,2405.0
1943.7,24.645,978.0,2432.0
1941.55,24.345,940.0,2405.0
1895.0,23.515,917.0,2115.0
1904.6,23.77,915.0,2186.0
1885.8,23.635,930.0,2254.0
1888.5,23.16,915.0,2249.0
1911.3,23.445,932.0,2312.0
1869.7,22.63,962.0,2230.0
1863.65,22.595,972.0,2227.0
1892.3,22.915,992.0,2230.0
1882.35,22.485,966.0,2108.0
1860.9,21.865,948.0,2049.0
1857.35,21.865,987.0,2058.0
1851.95,21.785,975.0,2048.0
1837.05,20.985,962.0,1912.0
1811.55,20.84,943.0,1932.0
1809.5,21.17,945.0,1970.0
1825.0,21.78,957.0,2079.0
1810.65,21.665,948.0,2080.0
1844.0,21.56,950.0,1980.0
1834.2,22.03,960.0,2004.0
1856.2,22.085,969.0,2004.0
1867.1,21.925,955.0,1997.0
1847.2,21.83,945.0,1993.0
1848.25,21.885,942.0,1993.0
1851.8,22.275,955.0,2044.0
1854.95,22.035,954.0,2039.0
1838.7,21.77,963.0,2032.0
1844.9,21.61,990.0,2014.0
1847.2,22.255,1029.0,2015.0
1849.6,22.09,1007.0,1950.0
1852.95,21.92,1002.0,1950.0
1844.85,21.93,986.0,1921.0
1830.0,21.59,969.0,1912.0
1830.85,21.56,950.0,1860.0
1818.3,21.235,933.0,1810.0
1823.75,21.46,945.0,1865.0
1826.5,21.435,943.0,1866.0
1841.55,21.845,943.0,1860.0
1836.5,21.655,941.0,1870.0
1840.25,21.67,938.0,1885.0
1841.85,21.42,931.0,1865.0
1841.9,21.185,919.0,1882.0
1825.45,20.86,911.0,1861.0
1826.3,21.46,909.0,1919.0
1819.05,21.235,924.0,1876.0
1817.75,20.975,933.0,1990.0
1817.0,20.415,907.0,1888.0
1797.45,19.725,872.0,1914.0
1808.4,19.855,885.0,1955.0
1772.0,19.84,868.0,1898.0
1754.3,19.22,867.0,1957.0
1747.95,19.425,870.0,1970.0
1738.2,19.2,879.0,2069.0
1740.0,19.21,874.0,2153.0
1730.7,18.865,850.0,2123.0
1724.6,18.955,841.0,2016.0
1700.7,18.76,831.0,1917.0
1706.15,18.46,851.0,1864.0
1719.05,18.88,862.0,1873.0
1713.05,18.9,881.0,1872.0
1709.3,18.78,868.0,1874.0
1705.1,18.265,869.0,1874.0
1736.95,18.81,882.0,1945.0
1718.9,18.755,881.0,2003.0
1720.05,18.54,878.0,1980.0
1714.05,18.765,882.0,2016.0
1753.5,19.325,890.0,2069.0
1753.4,20.065,889.0,2093.0
1772.4,20.405,908.0,2182.0
1779.75,20.335,915.0,2194.0
1761.25,19.92,902.0,2020.0
1783.2,20.265,915.0,2078.0
1773.25,20.06,930.0,2096.0
1784.05,20.195,938.0,2221.0
1795.25,20.6,940.0,2236.0
1795.05,20.435,942.0,2230.0
1796.7,20.54,967.0,2278.0
1792.1,20.265,957.0,2260.0
1776.6,20.33,941.0,2157.0
1774.85,20.125,932.0,2122.0
1767.2,19.905,929.0,2139.0
1765.55,19.825,926.0,2170.0
1750.75,19.23,904.0,2126.0
1733.25,18.895,875.0,2011.0
1746.55,18.99,868.0,1996.0
1745.65,19.0,876.0,2013.0
1753.55,19.325,884.0,2093.0
1751.25,19.215,877.0,2153.0
1730.3,18.695,858.0,2109.0
1715.9,17.945,845.0,2080.0
1694.3,17.77,838.0,2033.0
1712.5,17.915,840.0,2018.0
1710.95,18.23,848.0,2018.0
1702.6,18.395,852.0,2033.0
1702.65,18.17,855.0,2009.0
1709.35,18.625,874.0,2088.0
1713.4,18.765,881.0,2161.0
1726.4,19.215,903.0,2255.0
1704.85,19.925,895.0,2150.0
1703.9,19.505,906.0,2124.0
1689.1,19.37,917.0,2177.0
1664.65,18.995,892.0,2089.0
1664.15,19.315,931.0,2155.0
1671.75,19.51,927.0,2171.0
1671.85,19.585,911.0,2169.0
1643.55,19.0,874.0,2098.0
1643.35,18.635,864.0,2067.0
1634.3,18.68,859.0,2090.0
1652.15,18.255,849.0,2093.0
1654.8,18.67,865.0,2206.0
1671.75,19.02,864.0,2214.0
1668.4,19.415,880.0,2202.0
1714.85,20.925,925.0,2315.0
1700.5,20.435,920.0,2278.0
1714.2,20.54,926.0,2302.0
1696.15,20.625,930.0,2256.0
1676.55,19.825,912.0,2253.0
1664.7,19.395,895.0,2187.0
1670.65,19.185,890.0,2125.0
1648.1,19.175,873.0,2060.0
1649.3,18.765,911.0,2086.0
1664.75,18.595,920.0,2031.0
1653.0,18.695,921.0,2026.0
1631.7,18.435,894.0,1970.0
1635.3,18.785,893.0,2019.0
1643.25,18.385,905.0,1998.0
1649.15,19.215,930.0,2002.0
1659.25,18.88,911.0,1890.0
1666.75,19.59,935.0,1965.0
1659.75,19.37,952.0,1944.0
1648.05,19.225,950.0,1908.0
1639.0,19.165,935.0,1839.0
1645.25,20.0,950.0,1919.0
1649.55,19.78,958.0,1857.0
1628.75,18.92,917.0,1786.0
1674.4,19.965,947.0,1889.0
1678.95,20.67,971.0,1859.0
1678.65,20.75,980.0,1870.0
1715.25,21.32,993.0,1888.0
1744.75,21.09,1018.0,1893.0
1759.35,21.48,1040.0,2032.0
1768.9,21.47,1013.0,2004.0
1771.35,21.94,1031.0,2084.0
1773.0,21.95,1017.0,2070.0
1758.6,21.075,988.0,1983.0
1751.6,21.095,986.0,1967.0
1740.4,20.64,985.0,1888.0
1742.95,21.27,997.0,1879.0
1740.15,21.265,982.0,1880.0
1755.4,21.56,988.0,1900.0
1751.85,21.335,979.0,1812.0
1746.55,21.475,1000.0,1855.0
1752.7,21.365,993.0,1831.0
1753.5,21.56,1025.0,1908.0
1803.15,22.135,1041.0,1904.0
1784.75,22.605,1007.0,1874.0
1776.8,22.985,1014.0,1905.0
1773.8,22.54,998.0,1872.0
1782.2,22.385,1003.0,1842.0
1790.15,22.695,1004.0,1859.0
1796.15,23.11,1001.0,1923.0
1786.6,23.39,1006.0,1895.0
1823.55,23.395,1037.0,1952.0
1808.05,23.61,1025.0,1919.0
1783.55,23.165,1014.0,1895.0
1792.55,22.83,997.0,1730.0
1790.8,23.24,992.0,1726.0
1813.9,23.74,991.0,1675.0
1817.55,23.89,997.0,1700.0
1800.7,23.735,984.0,1692.0
0.0,23.735,0.0,0.0
1803.35,23.855,1017.0,1795.0
1813.75,23.855,1031.0,1775.0
0.0,23.945,0.0,0.0
1843.25,24.295,1082.0,1795.0
1857.3,24.29,1080.0,1736.0
1834.0,23.41,1062.0,1783.0
1852.2,23.455,1073.0,1784.0
1878.85,23.85,1092.0,1793.0
1878.65,23.515,1084.0,1802.0
1872.35,23.87,1100.0,1764.0
1882.55,23.7,1082.0,1777.0
1907.15,23.675,1057.0,1739.0
1917.0,24.17,1059.0,1755.0
1913.8,24.1,1053.0,1728.0
1920.7,24.185,1068.0,1778.0
1918.6,23.445,1025.0,1683.0
1924.9,23.87,1024.0,1731.0
1914.85,23.675,1037.0,1708.0
1920.75,23.71,1048.0,1704.0
1930.8,23.43,1039.0,1732.0
1932.45,23.71,1032.0,1697.0
1923.05,23.725,1010.0,1642.0
1924.1,23.635,1013.0,1630.0
1923.9,22.995,1004.0,1618.0
1925.9,23.495,1008.0,1686.0
1921.65,24.435,1032.0,1680.0
1875.35,23.49,1005.0,1625.0
1873.25,22.38,980.0,1572.0
1870.7,22.205,970.0,1636.0
1872.65,22.45,985.0,1660.0
1879.1,22.465,972.0,1647.0
1859.7,22.115,966.0,1553.0
1856.05,21.985,944.0,1555.0
1863.7,21.71,952.0,1580.0
1831.2,21.47,926.0,1448.0
1828.95,21.565,912.0,1468.0
1833.95,21.215,913.0,1481.0
1845.8,21.71,936.0,1515.0
1836.85,21.775,934.0,1525.0
1835.75,21.86,956.0,1513.0
1826.05,21.52,957.0,1462.0
1810.95,21.09,928.0,1394.0
1818.65,20.73,950.0,1465.0
1824.6,20.525,951.0,1413.0
1841.25,20.995,960.0,1416.0
1836.2,20.8,953.0,1421.0
1841.15,21.09,978.0,1451.0
1849.05,21.085,965.0,1420.0
1826.55,20.91,957.0,1420.0
1816.3,20.105,944.0,1407.0
1831.4,20.12,953.0,1361.0
1861.25,20.09,953.0,1389.0
1911.3,21.095,988.0,1432.0
1907.55,21.64,985.0,1495.0
1923.4,22.095,965.0,1437.0
1922.75,22.01,964.0,1437.0
1962.1,21.885,979.0,1389.0
1969.35,22.495,985.0,1398.0
1952.5,22.465,983.0,1406.0
1949.35,22.345,985.0,1428.0
1977.95,22.9,989.0,1435.0
1993.8,23.17,976.0,1418.0
1946.25,22.89,976.0,1406.0
1962.85,23.045,966.0,1416.0
1965.0,23.255,962.0,1431.0
1965.8,23.71,977.0,1495.0
1979.7,23.885,981.0,1490.0
1983.3,23.925,990.0,1482.0
2009.6,24.015,1011.0,1482.0
2030.85,24.74,1016.0,1467.0
2001.9,24.935,999.0,1445.0
2002.7,25.055,1001.0,1432.0
2008.2,25.145,1020.0,1452.0
2048.45,25.62,1036.0,1482.0
2019.4,26.025,1043.0,1484.0
1995.55,25.39,1055.0,1520.0
1999.4,25.09,1073.0,1628.0
1990.55,24.75,1075.0,1609.0
2007.15,25.4,1094.0,1618.0
1973.65,25.155,1128.0,1628.0
1978.2,25.03,1091.0,1545.0
1987.4,24.895,1080.0,1494.0
2003.0,24.85,1093.0,1509.0
1985.65,25.145,1085.0,1496.0
1982.55,24.765,1074.0,1497.0
1995.4,24.77,1049.0,1453.0
2014.3,25.25,1060.0,1441.0
2044.7,25.625,1053.0,1426.0
2000.95,25.84,1044.0,1455.0
2030.2,25.565,1085.0,1570.0
2037.15,25.52,1123.0,1620.0
2015.95,24.885,1119.0,1607.0
2019.9,23.855,1081.0,1546.0
2019.9,23.89,1061.0,1534.0
2007.45,23.785,1070.0,1521.0
1974.4,23.685,1075.0,1490.0
1960.3,23.52,1067.0,1464.0
1961.6,23.66,1071.0,1518.0
1970.3,23.85,1074.0,1513.0
1969.2,23.16,1066.0,1460.0
1969.65,23.415,1042.0,1425.0
1948.25,23.005,1023.0,1414.0
1947.9,23.145,1025.0,1442.0
1952.45,23.255,1027.0,1417.0
1964.4,23.255,1003.0,1390.0
1974.35,23.49,1004.0,1372.0
1963.25,23.885,1007.0,1419.0
1959.65,23.475,1017.0,1410.0
1957.25,23.645,1028.0,1407.0
1967.35,23.585,1035.0,1411.0
1966.4,23.67,1020.0,1381.0
1960.3,24.315,1001.0,1324.0
1952.9,24.21,993.0,1330.0
1954.4,24.19,992.0,1372.0
1955.8,23.825,978.0,1395.0
1952.35,23.405,979.0,1368.0
1959.75,23.99,987.0,1398.0
1951.15,23.95,983.0,1393.0
1930.45,23.77,964.0,1398.0
1925.65,23.075,949.0,1343.0
1920.05,22.62,938.0,1319.0
1930.7,22.34,924.0,1279.0
1922.9,22.8,923.0,1322.0
1918.9,22.835,925.0,1315.0
1908.4,22.61,910.0,1225.0
1899.6,22.83,900.0,1223.0
1912.25,22.47,897.0,1254.0
1928.75,22.775,911.0,1233.0
1927.75,23.005,918.0,1241.0
1924.65,22.81,917.0,1246.0
1908.8,23.17,906.0,1249.0
1922.3,22.715,907.0,1239.0
1922.8,23.04,912.0,1200.0
1933.95,23.135,927.0,1236.0
1953.3,23.16,944.0,1279.0
1958.05,24.26,969.0,1280.0
1953.7,24.77,977.0,1267.0
1949.6,24.81,971.0,1270.0
1975.0,24.885,983.0,1318.0
1975.35,25.015,985.0,1309.0
1976.1,25.175,970.0,1297.0
1960.6,24.73,961.0,1298.0
1960.0,24.59,962.0,1287.0
1958.7,24.555,967.0,1290.0
1966.3,24.67,960.0,1254.0
1945.35,25.01,958.0,1246.0
1954.25,24.225,933.0,1241.0
1970.65,24.355,949.0,1274.0
1947.2,24.515,930.0,1238.0
1944.2,24.41,929.0,1244.0
1935.65,23.555,921.0,1250.0
1942.45,23.45,919.0,1258.0
1931.7,23.395,930.0,1261.0
1926.4,23.04,906.0,1214.0
1922.75,22.705,894.0,1222.0
1920.9,22.8,901.0,1269.0
1915.8,22.69,911.0,1324.0
1903.75,22.725,902.0,1275.0
1903.85,22.41,890.0,1246.0
1904.2,22.695,887.0,1218.0
1896.35,22.705,910.0,1233.0
1893.7,22.79,904.0,1229.0
1889.85,22.88,911.0,1240.0
1892.75,23.39,928.0,1289.0
1916.65,23.75,929.0,1282.0
1917.05,24.185,933.0,1244.0
1915.5,24.185,949.0,1233.0
1930.0,24.22,979.0,1224.0
1947.55,24.62,984.0,1237.0
1942.3,24.535,980.0,1225.0
1940.55,24.645,983.0,1227.0
1937.2,24.035,960.0,1231.0
1926.1,23.545,945.0,1205.0
1922.05,23.475,915.0,1201.0
1918.35,23.01,904.0,1207.0
1927.8,23.01,900.0,1207.0
1924.95,23.105,903.0,1215.0
1908.55,22.9,900.0,1212.0
1913.8,22.905,901.0,1234.0
1901.75,22.64,903.0,1259.0
1927.7,23.06,927.0,1270.0
1923.5,23.195,935.0,1247.0
1934.9,23.33,948.0,1272.0
1943.35,23.275,943.0,1292.0
1915.0,23.24,917.0,1242.0
1927.35,23.65,940.0,1275.0
1924.85,23.56,919.0,1241.0
1907.05,23.015,906.0,1213.0
1887.3,22.79,905.0,1241.0
1873.55,22.55,901.0,1245.0
1870.5,23.075,923.0,1289.0
1833.05,21.62,901.0,1214.0
1822.45,21.055,881.0,1183.0
1818.95,21.105,874.0,1177.0
1819.45,21.13,864.0,1157.0
1819.6,21.115,858.0,1146.0
1845.5,21.65,880.0,1132.0
1857.0,21.715,886.0,1129.0
1871.25,22.07,880.0,1162.0
1874.0,22.14,883.0,1164.0
1909.2,22.08,881.0,1141.0
1918.05,22.595,883.0,1135.0
1928.2,22.68,895.0,1135.0
1955.7,23.21,898.0,1130.0
1953.55,22.885,888.0,1107.0
1988.5,23.215,895.0,1101.0
1973.0,23.185,898.0,1113.0
1963.65,22.74,887.0,1120.0
1983.3,22.81,896.0,1136.0
1975.0,22.97,912.0,1123.0
1982.9,22.755,903.0,1139.0
1997.6,23.15,927.0,1146.0
1996.9,23.2,940.0,1136.0
1986.35,22.67,929.0,1129.0
1983.6,23.035,921.0,1117.0
1994.45,22.64,931.0,1110.0
1984.6,23.21,927.0,1123.0
1960.7,22.535,899.0,1070.0
1959.35,22.44,880.0,1016.0
1957.45,22.55,868.0,1025.0
1941.65,22.495,853.0,970.0
1931.15,22.075,850.0,963.0
1969.05,22.35,877.0,1000.0
1958.2,23.41,897.0,1021.0
1980.1,23.67,900.0,1031.0
1981.05,23.995,901.0,1040.0
1968.7,23.385,899.0,1073.0
2006.6,23.53,931.0,1075.0
1997.55,23.835,931.0,1066.0
1992.85,23.655,921.0,1057.0
2000.85,23.705,916.0,1048.0
2013.7,24.755,924.0,1064.0
2025.65,24.65,928.0,1059.0
2046.95,24.965,932.0,1024.0
2035.45,25.02,937.0,1025.0
2045.4,25.16,929.0,1009.0
2049.05,25.165,930.0,972.0
2023.35,24.27,908.0,965.0
2026.4,24.095,905.0,957.0
2026.9,23.91,909.0,976.0
2008.1,23.79,917.0,975.0
1986.65,22.92,926.0,958.0
1980.85,22.955,921.0,980.0
1982.5,22.725,923.0,979.0
2046.1,23.99,944.0,1032.0
2032.3,24.19,946.0,1130.0
2023.95,23.935,958.0,1182.0
2041.35,23.91,950.0,1201.0
2035.55,23.97,964.0,1221.0
2041.7,24.185,958.0,1208.0
0.0,24.46,0.0,0.0
2069.4,24.04,976.0,1174.0
2078.4,24.255,1000.0,1136.0
0.0,23.79,0.0,0.0
2067.55,23.945,988.0,1101.0
2042.1,23.28,970.0,1073.0
2039.55,22.96,967.0,1056.0
2056.35,22.98,956.0,1040.0
2025.1,22.845,948.0,1003.0
2034.9,23.125,940.0,985.0
2026.8,22.965,930.0,997.0
2029.15,23.03,924.0,1000.0
2055.65,23.055,928.0,996.0
2049.9,23.21,916.0,963.0
2038.15,23.05,904.0,944.0
2011.75,22.805,897.0,927.0
2013.2,22.605,894.0,937.0
2028.55,22.8,908.0,942.0
2021.6,22.2,902.0,925.0
2022.95,22.26,906.0,938.0
2024.65,22.77,911.0,971.0
2023.75,22.875,901.0,955.0
2018.45,22.915,907.0,946.0
2022.5,23.005,923.0,975.0
2043.05,23.075,925.0,980.0
2053.25,23.09,924.0,972.0
2045.85,22.67,907.0,952.0
2034.15,23.23,905.0,954.0
2018.0,22.505,900.0,945.0
2030.8,22.305,907.0,951.0
2041.6,22.29,890.0,934.0
2028.65,22.35,878.0,881.0
2023.5,22.655,879.0,875.0
2015.2,22.915,886.0,897.0
1996.1,22.87,882.0,876.0
1985.1,22.085,887.0,900.0
2004.05,22.625,896.0,962.0
1997.9,23.01,895.0,945.0
2017.05,23.085,905.0,956.0
2029.1,23.06,909.0,984.0
2026.75,23.075,902.0,973.0
2024.0,23.07,898.0,951.0
2027.45,22.715,904.0,973.0
2027.2,22.51,886.0,962.0
2035.05,22.67,893.0,966.0
2032.45,22.345,884.0,918.0
2048.05,22.34,887.0,952.0
2049.8,22.72,872.0,935.0
2098.05,23.1,889.0,948.0
2134.4,23.93,885.0,941.0
2142.85,23.795,894.0,1013.0
2153.45,24.155,917.0,1026.0
2171.2,24.495,917.0,1043.0
2180.45,24.355,932.0,1028.0
2161.25,24.375,915.0,1022.0
2168.4,24.3,931.0,1067.0
2160.8,24.97,929.0,1079.0
2163.45,25.22,945.0,1078.0
2158.15,25.175,920.0,1039.0
2154.9,24.93,896.0,986.0
2157.45,24.855,900.0,1007.0
2170.5,25.43,910.0,1009.0
2171.6,24.59,903.0,1007.0
2176.7,24.665,911.0,1019.0
2179.8,24.825,906.0,1005.0
2192.7,24.515,896.0,973.0
2214.35,24.54,907.0,1017.0
0.0,0.0,925.0,1016.0
0.0,0.0,929.0,1011.0
0.0,0.0,935.0,1024.0
2298.55,26.78,923.0,998.0
2320.25,27.825,946.0,1037.0
2356.1,27.965,982.0,1067.0
2333.0,28.075,969.0,1054.0
2345.65,28.015,976.0,1055.0
2401.5,29.025,999.0,1070.0
2344.2,28.44,973.0,1026.0
2369.15,28.255,966.0,1006.0
2390.35,28.47,950.0,1022.0
2382.7,28.47,942.0,1047.0
2379.7,28.24,930.0,1005.0
0.0,0.0,927.0,1016.0
2328.45,26.915,905.0,997.0
2320.25,27.12,905.0,1011.0
2318.7,27.365,906.0,989.0
2343.1,27.625,916.0,970.0
2333.55,27.38,936.0,956.0
2307.0,26.655,939.0,942.0
2302.35,26.48,948.0,942.0
2288.85,26.235,948.0,933.0
2294.45,26.5,963.0,954.0
2319.6,27.26,975.0,977.0
2309.05,27.235,967.0,952.0
2325.7,27.625,975.0,950.0
2372.45,28.64,990.0,994.0
2343.8,28.125,1005.0,983.0
2354.85,28.43,1015.0,971.0
2357.5,28.815,1049.0,1009.0
2377.4,29.67,1062.0,1011.0
2402.6,29.68,1065.0,989.0
2420.3,31.795,1057.0,1003.0
2427.3,31.635,1054.0,1030.0
2407.9,31.815,1053.0,1004.0
2357.35,30.54,1038.0,988.0
2342.7,30.59,1025.0,968.0
2350.65,31.555,1049.0,971.0
2343.35,32.01,1038.0,955.0
2348.55,31.515,1032.0,947.0
2348.25,31.265,1048.0,949.0
2337.7,30.37,1029.0,918.0
2326.0,29.705,1010.0,924.0
2340.05,29.61,989.0,921.0
2360.6,30.295,993.0,929.0
2310.8,30.265,981.0,917.0
2304.4,29.68,971.0,912.0
2316.5,29.245,960.0,890.0
2326.25,29.38,971.0,921.0
2310.8,29.24,957.0,903.0
2330.45,29.21,949.0,890.0
2319.9,29.235,960.0,892.0
2324.35,29.13,966.0,872.0
2324.25,29.475,979.0,904.0
2351.6,30.23,974.0,908.0
2335.05,30.435,998.0,991.0
2328.75,29.56,1000.5,1009.0
2325.05,29.56,989.0,953.0
2299.65,28.835,1002.0,938.0
2323.6,28.87,1005.0,939.0
2330.9,29.37,1012.0,972.0
2329.1,29.245,985.0,988.0
2331.75,29.31,994.0,1006.0
2361.35,30.13,1001.0,1043.0
2358.65,30.335,1012.0,1025.0
2379.05,30.58,1023.0,1026.0
2376.65,30.99,1008.0,1013.0
2367.9,31.055,996.0,1003.0
2384.35,30.935,997.0,995.0
2409.2,31.015,1007.0,1000.0
2406.85,30.72,992.0,967.0
2421.25,30.74,992.0,956.0
2443.2,30.865,982.0,939.0
2480.25,30.915,1020.0,971.0
2463.8,30.47,996.0,950.0
2403.5,29.105,965.0,919.0
2392.7,29.065,948.0,901.0
2403.1,29.055,950.0,911.0
2421.45,29.29,958.0,941.0
2364.2,27.99,935.0,902.0
2386.1,27.755,936.0,908.0
2391.1,28.14,942.0,912.0
2390.25,27.88,957.0,893.0
2426.3,28.56,972.0,923.0
2454.55,28.88,974.0,930.0
2469.85,28.95,972.0,904.0
2393.85,27.105,916.0,852.0
2396.55,27.065,910.0,855.0
2400.45,27.15,926.0,910.0
2411.45,26.93,922.0,908.0
2427.35,27.575,925.0,922.0
2450.85,27.965,938.0,930.0
2471.55,27.695,939.0,937.0
2456.7,27.945,937.0,949.0
2446.65,28.05,939.0,930.0
2485.8,28.135,954.0,943.0
2494.55,28.83,948.0,929.0
2529.75,29.77,960.0,942.0
2497.95,29.56,970.0,969.0
2483.0,29.565,959.0,949.0
2511.2,29.435,948.0,942.0
2508.55,29.9,959.0,966.0
2505.25,29.435,943.0,960.0
2518.1,29.49,941.0,957.0
2513.35,29.47,940.0,980.0
2498.6,28.62,928.0,976.0
2479.8,28.315,912.0,956.0
2487.95,28.08,910.0,938.0
2509.55,28.72,929.0,945.0
2506.15,28.84,934.0,955.0
2499.7,28.13,944.0,943.0
2506.3,28.435,948.0,962.0
0.0,0.0,941.0,985.0
2545.95,28.765,966.0,1031.0
2575.1,29.965,996.0,1061.0
2584.0,30.91,989.0,1068.0
2574.55,30.68,982.0,1086.0
2570.1,30.59,976.0,1095.0
2575.35,31.16,987.0,1089.0
2605.85,31.315,988.0,1067.0
2629.95,30.63,963.0,1045.0
2635.95,30.875,976.0,1060.0
2661.45,31.845,990.0,1049.0
2663.75,32.48,1005.0,1052.0
2661.85,31.915,1013.0,1031.0
2629.95,31.075,985.0,998.0
2667.55,31.355,990.0,1003.0
2660.95,31.39,1008.0,1020.0
2647.65,31.5,985.0,985.0
2650.05,32.06,992.0,1008.0
2640.95,31.88,980.0,1011.0
2639.9,31.28,965.0,1015.0
0.0,0.0,949.0,1020.0
2628.95,30.67,955.0,1056.0
0.0,0.0,977.0,1073.0
2654.9,31.25,982.0,1039.0
2649.05,31.16,0.0,0.0
2675.25,31.795,992.0,1016.0
2688.85,31.81,0.0,0.0
2712.5,32.125,1010.0,1064.0
2736.45,34.0,1021.0,1072.0
2736.5,34.425,1016.0,1077.0
2736.45,34.51,1023.0,1068.0
2732.0,34.135,1035.0,1135.0
2731.45,33.15,1019.0,1176.0
2741.8,33.385,1033.0,1202.0
2769.15,34.145,1050.0,1222.0
2777.8,34.03,1020.0,1156.0
2734.15,33.59,995.0,1125.0
2744.3,32.8,1004.0,1126.0
2742.6,32.84,997.0,1084.0
2742.55,32.65,1001.0,1092.0
2660.2,31.8,973.0,1038.0
2692.0,31.105,988.0,1032.0
2691.15,31.55,987.0,1013.0
2624.75,31.315,973.0,990.0
2606.85,30.405,957.0,967.0
2598.75,30.91,948.0,946.0
2567.3,29.99,934.0,923.0
2571.8,30.66,944.0,951.0
2606.85,30.74,959.0,991.0
2623.2,31.285,970.0,1030.0
2640.55,30.87,970.0,1033.0
2665.3,31.065,960.0,1028.0
2694.95,31.255,964.0,1021.0
2635.4,30.79,952.0,990.0
2622.1,30.54,933.0,987.0
2640.85,30.49,931.0,980.0
2641.85,30.065,935.0,987.0
2651.05,30.7,940.0,983.0
2642.15,30.455,942.0,987.0
2640.65,30.905,955.0,993.0
2648.65,30.835,942.0,978.0
2640.15,31.345,942.0,975.0
2637.3,31.11,936.0,967.0
2671.9,31.63,951.0,983.0
2689.6,31.9,939.0,969.0
2705.45,31.7,938.0,969.0
2684.35,31.88,935.0,975.0
2659.05,30.735,927.0,965.0
2654.2,30.655,940.0,955.0
2636.35,30.31,932.0,934.0
2635.65,30.355,930.0,929.0
2592.45,29.49,929.0,909.0
2616.45,0.0,930.0,921.0
2613.8,29.605,938.0,924.0
0.0,29.48,0.0,0.0
2615.95,29.645,925.0,919.0
2609.1,29.46,913.0,909.0
0.0,29.46,0.0,0.0
2646.3,29.405,921.0,921.0
2646.8,29.815,941.0,931.0
2633.35,30.27,939.0,932.0
2650.85,30.235,953.0,928.0
2659.65,30.14,956.0,926.0
2674.6,30.285,954.0,921.0
2687.45,30.355,962.0,952.0
2669.5,29.88,962.0,932.0
2667.0,29.735,948.0,942.0
2677.7,29.99,945.0,961.0
2716.5,30.705,943.0,953.0
2715.2,30.63,941.0,952.0
2707.7,30.255,945.0,938.0
2737.8,30.485,947.0,944.0
2751.8,30.795,948.0,977.0
2744.25,30.475,952.0,998.0
2776.8,30.84,950.0,1002.0
2742.4,30.58,949.0,970.0
2751.9,30.15,939.0,959.0
2756.3,30.44,948.0,956.0
2787.25,30.995,965.0,985.0
2812.05,31.605,975.0,994.0
2826.1,31.29,964.0,1005.0
2843.55,31.595,970.0,999.0
2871.15,32.275,979.0,994.0
2838.95,32.02,995.0,983.0
2874.65,32.275,993.0,969.0
2904.45,32.265,990.0,987.0
2895.4,31.73,987.0,983.0
2891.5,31.765,991.0,975.0
2915.3,32.275,996.0,986.0
2921.25,33.105,998.0,992.0
2900.55,32.48,984.0,985.0
2927.1,32.46,982.0,979.0
2936.85,32.91,975.0,983.0
2932.05,33.06,976.0,985.0
2934.15,32.93,976.0,978.0
2931.9,32.51,969.0,954.0
2933.25,32.145,0.0,0.0
2901.0,31.715,0.0,0.0
2880.8,31.725,0.0,922.0
2834.55,31.135,943.0,918.0
2880.7,31.525,961.0,940.0
2905.9,31.905,961.0,946.0
2913.25,32.255,964.0,941.0
2922.2,32.43,972.0,947.0
2931.15,32.495,966.0,942.0
2910.2,32.505,967.0,955.0
2916.9,32.55,983.0,951.0
2924.8,33.03,985.0,954.0
2974.05,33.15,982.0,945.0
2978.05,33.895,993.0,971.0
2996.5,33.77,999.0,974.0
3025.8,34.085,1001.0,966.0
3027.55,33.92,993.0,963.0
3038.15,33.31,989.0,947.0
3013.7,33.18,976.0,957.0
3007.75,33.085,0.0,0.0
3025.2,33.435,984.0,965.0
3013.25,33.76,976.0,964.0
3056.55,34.11,976.0,977.0
3071.6,34.395,987.0,979.0
3115.1,34.055,993.0,986.0
3133.7,33.97,989.0,993.0
3119.75,33.87,980.0,984.0
3118.1,32.475,961.0,945.0
3054.5,31.34,936.0,922.0
3014.75,30.325,920.0,914.0
3015.4,30.315,923.0,917.0
3075.5,30.18,920.0,901.0
3143.15,30.925,932.0,917.0
3230.5,31.27,939.0,924.0
3204.2,32.275,950.0,949.0
3219.6,32.31,960.0,964.0
3322.9,32.955,965.0,969.0
3305.65,32.31,959.0,951.0
3305.65,32.31,959.0,951.0
3433.55,32.61,963.0,937.0
3262.95,32.96,970.0,941.0
3314.75,33.395,978.0,947.0
3277.3,33.335,970.0,943.0
3296.3,33.01,990.0,955.0
3305.05,33.225,987.0,946.0
3302.05,32.225,972.0,933.0
3214.75,32.125,966.0,948.0
3249.7,32.365,971.0,954.0
3391.45,33.025,983.0,961.0
3392.25,32.875,986.0,983.0
3352.3,32.43,986.0,975.0
3324.55,32.515,987.0,979.0
3235.4,32.02,983.0,962.0
3227.95,32.98,990.0,950.0
3191.95,32.885,989.0,959.0
3191.05,32.085,991.0,972.0
3182.95,32.135,986.0,964.0
3230.15,32.52,992.0,960.0
3261.55,32.5,1025.0,996.0
3299.65,33.16,1064.0,1020.0
3284.0,32.725,1084.0,1023.0
3342.65,33.095,1084.0,992.0
3296.7,32.9,1085.0,986.0
3300.85,33.285,1088.0,973.0
3312.4,33.37,1088.0,976.0
3277.55,33.08,1071.0,964.0
3370.85,33.245,1048.0,988.0
3334.75,34.25,1058.0,1005.0
3364.6,34.35,1079.0,1000.0
3374.6,35.795,1134.0,1014.0
3339.9,36.185,1167.0,1030.0
3319.3,36.25,1198.0,1069.0
3337.7,36.76,1218.0,1062.0
3329.7,36.2,1269.0,1072.0
3391.4,36.18,1258.0,1055.0
3435.35,36.075,1242.0,1055.0
3397.6,36.375,1266.0,1052.0
3388.45,37.065,1267.0,1045.0
3391.5,37.155,1304.0,1057.0
3368.9,36.31,1276.0,1041.0
3368.25,36.13,1264.0,1045.0
3380.55,36.13,1295.0,1069.0
3302.5,36.065,1304.0,1071.0
3318.25,35.765,1308.0,1049.0
3318.7,36.59,1392.0,1089.0
3271.75,35.98,1333.0,1119.0
3287.45,35.975,1350.0,1134.0
3349.0,36.505,1359.0,1125.0
3335.7,36.305,1383.0,1127.0
3332.15,36.88,1378.0,1122.0
3331.9,36.885,1384.0,1130.0
3315.35,36.245,1354.0,1103.0
3314.75,36.775,1373.0,1115.0
3300.15,36.59,1360.0,1100.0
3312.6,36.81,1357.0,1142.0
3352.1,37.5,1369.0,1176.0
3351.15,38.995,1381.0,1189.0
3345.1,38.26,1389.0,1219.0
3323.8,37.875,1397.0,1224.0
3318.5,37.755,1415.0,1230.0
3355.1,38.27,1474.0,1297.0
3386.2,38.47,1454.0,1272.0
3409.85,38.84,1448.0,1271.0
3413.55,39.32,1426.0,1261.0
3365.85,39.025,1402.0,1244.0
3343.5,38.735,1386.0,1226.0
3305.25,38.125,1406.0,1245.0
3316.5,38.105,1397.0,1246.0
3304.3,37.92,1389.0,1256.0
3298.85,36.22,1306.0,1217.0
3346.85,36.49,1302.0,1227.0
3380.05,37.15,1319.0,1185.0
3375.3,37.35,1313.0,1181.0
3372.0,37.775,1322.0,1153.0
3383.75,38.375,1328.0,1154.0
3394.15,38.29,1328.0,1140.0
3356.4,37.755,1322.0,1145.0
3343.3,37.69,1336.0,1142.0
3364.4,38.605,1337.0,1122.0
3343.85,38.315,1353.0,1140.0
3335.5,37.73,1335.0,1126.0
3332.4,38.085,1337.0,1124.0
3334.45,38.07,1347.0,1127.0
3344.65,37.075,1338.0,1127.0
3338.3,37.565,1331.0,1110.0
3334.25,38.005,1339.0,1124.0
3367.1,38.42,1350.0,1091.0
3376.35,38.215,1339.0,1090.0
3407.65,38.935,1345.0,1102.0
3429.15,38.8,1347.0,1094.0
3474.9,40.575,1411.0,1128.0
3490.0,40.52,1376.0,1111.0
3556.2,40.86,1414.0,1150.0
3546.3,40.965,1385.0,1133.0
3594.55,40.745,1392.0,1130.0
3632.65,41.19,1392.0,1135.0
3649.55,41.245,1380.0,1131.0
3650.75,41.205,1389.0,1183.0
3629.55,41.075,1392.0,1185.0
3651.1,42.26,1399.0,1218.0
3657.65,42.2,1391.0,1187.0
3695.4,42.69,1401.0,1184.0
3681.0,41.265,1369.0,1161.0
3643.7,41.855,1394.0,1157.0
3663.15,42.235,1393.0,1151.0
3719.7,43.735,1413.0,1176.0
3783.8,44.325,1478.0,1230.0
3761.6,43.875,1480.0,1226.0
3730.75,44.94,1505.0,1234.0
3769.85,45.0,1552.0,1275.0
3826.85,46.95,1589.0,1257.0
3825.3,46.175,1571.0,1235.0
3872.0,47.28,1573.0,1250.0
3878.1,47.395,1590.0,1263.0
3885.7,47.605,1602.0,1264.0
3949.45,48.565,1620.0,1286.0
3979.0,48.45,1629.0,1343.0
4040.05,49.005,1663.0,1414.0
4019.25,49.705,1686.0,1503.0
3974.5,50.76,1635.0,1455.0
4095.95,51.24,1645.0,1451.0
4126.3,51.52,1622.0,1467.0
4204.6,52.585,1648.0,1540.0
4261.95,53.02,1674.0,1575.0
4224.75,54.1,1642.0,1539.0
4294.35,51.8,1626.0,1484.0
4169.6,49.945,1562.0,1421.0
4070.0,47.76,1550.0,1425.0
4143.75,49.105,1649.0,1463.0
4104.4,48.005,1606.0,1440.0
3970.8,47.365,1602.0,1402.0
3948.5,46.44,1591.0,1393.0
4006.7,48.175,1604.0,1421.0
3994.15,48.18,1599.0,1428.0
4011.5,48.96,1589.0,1465.0
4025.25,48.775,1580.0,1463.0
3951.1,47.76,1545.0,1405.0
3968.2,47.61,1556.0,1417.0
3986.5,48.685,1562.0,1405.0
3994.1,48.695,1554.0,1396.0
4090.25,50.04,1576.0,1414.0
4123.3,51.24,1592.0,1446.0
4136.75,51.535,1580.0,1439.0
4195.65,53.87,1602.0,1463.0
4071.1,52.01,1532.0,1385.0
4072.5,51.055,1537.0,1385.0
4060.85,50.3,1534.0,1411.0
4126.95,52.2,1557.0,1408.0
4090.6,50.845,1545.0,1404.0
4072.85,48.905,1522.0,1388.0
4082.05,50.04,1538.0,1394.0
4126.45,51.205,1554.0,1399.0
4139.6,52.48,1563.0,1411.0
4153.95,53.4,1604.0,1423.0
4191.05,53.91,1640.0,1448.0
4238.85,57.49,1677.0,1462.0
4214.75,57.44,1637.0,1455.0
4210.3,58.365,1646.0,1451.0
4200.6,57.565,1636.0,1446.0
4243.0,58.105,1645.0,1459.0
4188.25,58.375,1650.0,1480.0
4198.0,58.63,1650.0,1474.0
4200.15,61.035,1665.0,1481.0
4230.35,62.115,1669.0,1471.0
4346.95,64.51,1774.0,1536.0
4315.85,63.87,1775.0,1558.0
4324.2,62.98,1826.0,1583.0
4342.1,65.945,1906.0,1643.0
4333.35,66.295,1924.0,1711.0
4337.6,65.785,1956.0,1683.0
4421.65,69.22,2083.0,1773.0
4449.4,69.74,2208.0,1837.0
0.0,72.18,0.0,1837.0
4337.05,74.635,2180.0,1648.0
4367.8,74.835,2226.0,1660.0
0.0,71.99,0.0,1660.0
4352.95,74.215,2132.0,1641.0
4456.4,75.07,2246.0,1722.0
4490.35,78.475,2362.0,1773.0
4438.0,78.985,2298.0,1711.0
4429.35,75.205,2217.0,1719.0
4493.85,78.14,2282.0,1833.0
4612.95,84.07,2374.0,1865.0
4623.05,85.82,2388.0,1883.0
4606.5,91.095,2397.0,1845.0
4610.85,91.265,2386.0,1806.0
4611.05,90.8,2301.0,1755.0
4666.85,93.005,2368.0,1813.0
4747.8,95.7,2400.0,1867.0
4866.5,94.855,2502.0,1869.0
4832.05,93.38,2507.0,1850.0
4946.25,99.0,2705.0,1976.0
5090.8,109.605,2811.0,2092.0
5064.25,111.565,2650.0,1980.0
5306.95,112.795,2671.0,2014.0
5405.0,118.45,2792.0,2106.0
4981.85,103.19,2300.0,1820.0
4714.75,81.975,2145.0,1751.0
4920.95,87.49,2247.0,1817.0
4985.1,90.59,2303.0,1834.0
4847.25,78.71,2024.0,1680.0
4948.0,74.94,2054.0,1693.0
5039.55,80.36,2095.0,1706.0
5031.4,82.28,2120.0,1733.0
5077.85,86.1,2160.0,1764.0
5043.15,83.515,2109.0,1696.0
4994.95,77.35,2058.0,1658.0
4972.1,77.09,2019.0,1697.0
4861.45,74.645,1995.0,1662.0
5003.3,75.45,2070.0,1729.0
5004.8,77.75,2070.0,1671.0
5053.2,80.505,2121.0,1720.0
5191.4,86.94,2145.0,0.0
5120.25,88.105,2138.0,1727.0
5191.55,90.705,2323.0,1832.0
5167.35,86.43,2255.0,1769.0
5222.3,89.975,2366.0,1793.0
5313.9,94.62,2329.0,0.0
5033.65,81.305,2114.0,1671.0
5148.55,86.785,2167.0,1707.0
5104.05,84.215,2149.0,1645.0
5127.55,82.34,2109.0,1626.0
5086.35,83.445,2132.0,1650.0
5209.7,88.525,2223.0,1676.0
5182.4,86.23,2205.0,1655.0
5130.1,87.03,2150.0,1642.0
5044.6,83.695,2077.0,1612.0
4994.85,78.945,2118.0,1601.0
5016.8,80.215,2157.0,1629.0
4869.95,78.6,2066.0,1553.0
4600.35,69.7,1935.0,1438.0
4562.55,72.37,1978.0,1434.0
4466.25,67.23,1893.0,1448.0
4413.55,69.97,1892.0,1393.0
4564.55,73.17,1950.0,1434.0
4456.45,67.29,1869.0,1372.0
4504.15,67.795,1849.0,1387.0
4529.15,70.75,1920.0,1430.0
4608.35,72.685,1908.0,1448.0
4739.0,74.87,1960.0,1472.0
4639.35,70.99,1910.0,1463.0
4611.7,72.105,1943.0,1463.0
4792.55,76.805,2081.0,1599.0
4762.6,74.075,2039.0,1548.0
4773.75,75.545,2062.0,1525.0
4722.65,74.365,2031.0,1528.0
4794.75,77.425,2075.0,1557.0
4823.25,78.575,2109.0,1580.0
4793.6,79.685,2136.0,1580.0
4870.5,79.32,2143.0,1594.0
4813.55,79.305,2071.0,1549.0
4776.75,79.005,2082.0,1565.0
4742.1,78.065,2082.0,1559.0
4719.15,74.545,2029.0,1492.0
4711.65,74.825,1996.0,1484.0
4692.25,75.915,1995.0,1479.0
4564.9,73.19,1944.0,1464.0
4522.1,72.77,1903.0,1438.0
4611.35,73.55,1959.0,1484.0
4636.9,73.14,1990.0,1529.0
4576.8,73.435,1974.0,1513.0
4706.9,77.615,2006.0,1532.0
4743.35,80.34,2086.0,1530.0
4741.4,80.64,2022.0,1475.0
4729.15,80.4,2073.0,1507.0
4678.4,83.64,2116.0,1489.0
4675.7,86.695,2127.0,1482.0
4683.05,86.785,2102.0,1461.0
4528.0,78.74,1971.0,1420.0
4565.4,75.73,1974.0,1417.0
4496.7,76.04,1940.0,1381.0
4482.85,75.65,1936.0,1359.0
4505.25,74.755,1925.0,1358.0
4506.15,75.84,1938.0,1368.0
4515.5,76.245,1947.0,1399.0
4426.0,74.35,1919.0,1390.0
4419.45,73.02,1904.0,0.0
4545.95,75.785,1925.0,1384.0
4449.3,75.655,1933.0,1358.0
4503.85,76.26,1958.0,0.0
4444.6,74.345,1911.0,1353.0
4496.95,73.48,1897.0,1326.0
4365.15,72.655,1857.0,1317.0
4320.6,67.125,1764.0,1218.0
4327.65,68.6,1779.0,1254.0
4170.95,64.46,1681.0,1239.0
4074.85,63.795,1668.0,1241.0
4185.95,67.03,1704.0,1284.0
4355.2,70.69,1799.0,1350.0
0.0,0.0,1814.0,1367.0
0.0,0.0,1788.0,1350.0
4236.15,67.75,1715.0,1301.0
4150.9,64.665,1662.0,1247.0
4196.95,66.35,1684.0,1266.0
4135.5,62.19,1646.0,1234.0
4024.45,60.6,1589.0,1182.0
4001.8,57.365,1608.0,1203.0
4072.05,58.38,1613.0,1200.0
4026.45,57.705,1588.0,1212.0
4026.05,58.795,0.0,0.0
4089.45,58.25,0.0,1204.75
4129.2,59.64,1617.55,1255.3
4164.15,62.255,1648.9,1276.9
4140.95,62.07,0.0,1262.55
4155.8,60.64,0.0,0.0
4066.2,58.42,0.0,0.0
4130.15,58.825,0.0,0.0
4099.15,59.345,0.0,0.0
4039.75,58.39,0.0,0.0
4075.5,57.88,1630.65,1281.0
4062.2,57.95,1646.1,1317.15
3993.55,56.5,1647.75,0.0
3995.35,55.29,1571.75,0.0
4003.55,56.81,1586.1,1268.8
4052.3,58.89,1621.65,1275.75
4155.1,59.34,1646.15,1314.95
4044.9,58.66,1605.75,1262.95
4067.3,58.325,1600.7,1256.0
4075.0,59.035,1628.25,1281.85
4022.2,57.17,1604.85,1266.35
4000.85,57.395,1596.9,1255.3
4111.05,58.055,1620.6,1283.85
4026.6,57.725,1626.0,1276.5
4028.15,57.965,1616.65,1247.55
4084.2,58.785,1709.5,1315.65
4206.6,61.265,1722.2,1354.6
4267.85,61.735,1728.05,1372.65
4335.55,64.32,1748.25,1377.7
4324.45,63.935,1743.4,1366.3
4383.35,65.185,1758.4,1372.6
4426.65,66.25,1775.8,1384.25
4373.0,64.955,1733.8,1324.5
4390.7,64.605,1738.55,1320.1
4405.8,65.61,1768.2,1332.2
4403.5,65.095,1752.6,1317.05
4460.7,63.355,1755.4,1311.7
4482.95,66.745,1810.25,1336.9
4582.1,69.51,1888.95,1360.95
4663.7,68.72,1891.05,1359.4
4615.45,67.865,1835.95,1322.05
4631.5,68.495,1856.9,1343.0
4568.95,68.47,1821.3,1307.95
4562.75,70.26,1883.95,1443.9
4353.15,64.765,1767.8,1328.9
